names,scores,logfoldchanges,pvals,pvals_adj
GZMB,227.52463,2.176486,0.0,0.0
CXCL13,199.66264,4.3484635,0.0,0.0
GAPDH,194.60275,0.93737274,0.0,0.0
LAG3,182.70093,1.8001022,0.0,0.0
HLA-DRB1,178.23004,1.3009063,0.0,0.0
CTLA4,178.08351,2.7106807,0.0,0.0
SH3BGRL3,178.00334,0.74148774,0.0,0.0
DUSP4,175.22054,1.7828965,0.0,0.0
GZMA,173.81805,1.1647611,0.0,0.0
LSP1,168.66583,0.8404796,0.0,0.0
RBPJ,167.6986,1.8810465,0.0,0.0
RGS1,161.63359,1.4276097,0.0,0.0
NKG7,155.82805,1.0780373,0.0,0.0
CCL5,153.76035,0.80510163,0.0,0.0
CD63,153.41402,1.2605395,0.0,0.0
HAVCR2,150.98979,3.3087664,0.0,0.0
CD3D,149.64203,0.71121204,0.0,0.0
ITGAE,148.05547,1.562793,0.0,0.0
TIGIT,148.02197,1.6649389,0.0,0.0
ACTB,146.53764,0.5157448,0.0,0.0
PFN1,144.61206,0.55543107,0.0,0.0
CD7,143.50786,0.92728543,0.0,0.0
HLA-DRA,142.0823,1.3504517,0.0,0.0
HLA-DPA1,139.75029,0.93609947,0.0,0.0
PDCD1,137.94131,1.7814816,0.0,0.0
PRF1,137.17157,1.072387,0.0,0.0
GZMH,133.57681,1.0814077,0.0,0.0
PHLDA1,133.38269,1.5846256,0.0,0.0
ALOX5AP,132.8427,1.0179808,0.0,0.0
PTMS,131.80045,1.6632215,0.0,0.0
CXCR6,129.95444,1.481599,0.0,0.0
CD74,129.08626,0.814208,0.0,0.0
CFL1,127.5887,0.4790579,0.0,0.0
ANXA5,127.5265,1.091102,0.0,0.0
ACP5,125.96125,2.309132,0.0,0.0
ARPC2,124.83022,0.60434073,0.0,0.0
HLA-DPB1,124.48896,0.8172125,0.0,0.0
PSMB9,124.22253,0.7209582,0.0,0.0
TPI1,122.68477,0.8096617,0.0,0.0
APOBEC3G,122.20704,0.9802331,0.0,0.0
HLA-DQA1,119.46678,1.2208126,0.0,0.0
CLIC1,119.23628,0.63848937,0.0,0.0
CD82,118.86044,1.456187,0.0,0.0
COTL1,118.60437,0.80488783,0.0,0.0
HLA-A,116.86826,0.31021643,0.0,0.0
FABP5,116.44969,1.2523867,0.0,0.0
RGS2,115.97437,1.204265,0.0,0.0
CARD16,115.87415,1.1809571,0.0,0.0
PGAM1,114.48518,0.8940898,0.0,0.0
FKBP1A,113.189804,1.0439364,0.0,0.0
PARK7,112.29772,0.8109339,0.0,0.0
RHOA,111.70216,0.5461147,0.0,0.0
MYL6,111.396965,0.48623452,0.0,0.0
TNFRSF9,111.296555,2.3911278,0.0,0.0
VCAM1,110.530556,2.9521139,0.0,0.0
PSMB8,110.08105,0.772494,0.0,0.0
CD2,109.47261,0.61956936,0.0,0.0
CORO1A,109.028786,0.5028668,0.0,0.0
CTSW,108.79705,0.84683836,0.0,0.0
SIRPG,108.62437,1.489394,0.0,0.0
SAMSN1,108.439964,0.8278042,0.0,0.0
BST2,108.235435,0.94450414,0.0,0.0
CD8A,107.97147,0.600437,0.0,0.0
SUMO2,107.00159,0.5648914,0.0,0.0
TOX,106.79542,1.3456587,0.0,0.0
BATF,105.396454,1.2671787,0.0,0.0
ENTPD1,104.82013,3.7256575,0.0,0.0
PSME2,104.74382,0.7028379,0.0,0.0
PTPRCAP,103.03001,0.50826496,0.0,0.0
RAC2,102.12828,0.46840665,0.0,0.0
HMGB1,100.925644,0.51492226,0.0,0.0
CLEC2B,100.01911,0.71505314,0.0,0.0
PTPN22,99.84454,0.83469146,0.0,0.0
GBP5,99.72181,0.8836446,0.0,0.0
IFNG,99.6317,1.1142449,0.0,0.0
RAB27A,99.394,1.0712806,0.0,0.0
HSPB1,99.346756,1.0000252,0.0,0.0
PPP1CA,98.69062,0.69965786,0.0,0.0
PKM,98.66504,0.8131606,0.0,0.0
CCL3,97.36769,1.835652,0.0,0.0
CTSC,95.73686,0.7244492,0.0,0.0
GEM,95.236275,3.293229,0.0,0.0
LAYN,94.52615,3.7229123,0.0,0.0
KLRD1,94.16962,0.91669333,0.0,0.0
APOBEC3C,93.96632,1.1822443,0.0,0.0
COX8A,93.79453,0.6365598,0.0,0.0
ARPC1B,93.26249,0.5839206,0.0,0.0
HLA-DRB5,91.25186,1.0026662,0.0,0.0
SERF2,90.86015,0.36955807,0.0,0.0
LY6E,90.07823,0.60010344,0.0,0.0
ARPC3,88.26241,0.45304653,0.0,0.0
HLA-DMA,88.04567,1.1454825,0.0,0.0
PRDM1,87.97139,0.892847,0.0,0.0
SNX9,87.81704,1.3895595,0.0,0.0
HMGB2,86.40544,0.85866517,0.0,0.0
DRAP1,86.05475,0.60563105,0.0,0.0
GNG5,85.78228,0.66202724,0.0,0.0
CAPZB,85.69619,0.51055443,0.0,0.0
IFI27L2,85.59935,0.9528515,0.0,0.0
EID1,85.55844,0.67267096,0.0,0.0
LCP2,84.97514,0.6116478,0.0,0.0
GALNT2,84.61466,1.8418133,0.0,0.0
ID2,84.05401,0.60680825,0.0,0.0
CD3G,83.98424,0.49858516,0.0,0.0
ACTG1,83.81867,0.37262702,0.0,0.0
PRDX5,83.64849,0.7580329,0.0,0.0
PTTG1,83.36297,1.215125,0.0,0.0
LYST,83.2424,0.93807447,0.0,0.0
IFI16,83.091064,0.713186,0.0,0.0
ZNF683,82.39361,1.227947,0.0,0.0
EVL,82.20425,0.4684752,0.0,0.0
ACTN4,81.80863,0.72058564,0.0,0.0
IDH2,81.420685,0.7806642,0.0,0.0
PSMB3,81.00109,0.6752417,0.0,0.0
ITGB1,80.5675,0.74053895,0.0,0.0
ABI3,80.23793,0.8818992,0.0,0.0
CHST12,80.21239,0.9435484,0.0,0.0
PDIA6,80.15529,0.7793128,0.0,0.0
HNRNPA3,80.14811,0.52240485,0.0,0.0
CACYBP,80.00886,0.6985288,0.0,0.0
SMC4,79.76705,1.5047253,0.0,0.0
ZEB2,79.31155,0.7177197,0.0,0.0
DBI,79.17257,0.608767,0.0,0.0
COX5A,79.12811,0.6523552,0.0,0.0
NAB1,78.72894,1.9086846,0.0,0.0
COX6A1,78.7005,0.44177103,0.0,0.0
SRP14,78.54989,0.38330626,0.0,0.0
CDK2AP2,78.464424,0.7347267,0.0,0.0
PSMB10,77.55802,0.61030173,0.0,0.0
SYNGR2,77.50632,0.84883857,0.0,0.0
C12orf75,77.47307,0.73127437,0.0,0.0
CRIP1,77.278534,0.45378307,0.0,0.0
NDFIP2,77.20101,2.1901386,0.0,0.0
HMGN2,77.06854,0.64995444,0.0,0.0
CLEC2D,77.05574,0.6278782,0.0,0.0
DYNLL1,77.02019,0.542515,0.0,0.0
WDR1,76.97082,0.638427,0.0,0.0
UBE2L6,76.6252,0.703651,0.0,0.0
IQGAP1,76.57198,0.5443955,0.0,0.0
ITM2A,76.53089,0.58866525,0.0,0.0
ACTR3,76.23318,0.5291642,0.0,0.0
SNRPB,76.21958,0.5915396,0.0,0.0
SIT1,75.99466,0.82857573,0.0,0.0
B2M,75.91269,0.14885026,0.0,0.0
TLN1,75.66423,0.6070645,0.0,0.0
PPM1G,74.80102,0.75533354,0.0,0.0
CHCHD2,74.77369,0.36508146,0.0,0.0
LGALS3,74.62368,0.7618803,0.0,0.0
IL2RB,74.52337,0.7805375,0.0,0.0
PSME1,74.512314,0.3856667,0.0,0.0
KIR2DL4,74.3651,3.779672,0.0,0.0
GNLY,73.69567,1.0967318,0.0,0.0
DOK2,73.67104,0.7003385,0.0,0.0
AKAP5,73.56888,3.1217537,0.0,0.0
WDR83OS,73.28898,0.5593408,0.0,0.0
CALM3,73.2601,0.62169826,0.0,0.0
CD38,72.84973,1.7221581,0.0,0.0
FAM3C,72.82132,1.6302806,0.0,0.0
SLA2,72.57307,0.7897482,0.0,0.0
SOD1,72.45608,0.45321968,0.0,0.0
PSMA7,72.334175,0.43720353,0.0,0.0
NBL1,72.16669,1.7192755,0.0,0.0
CLIC3,72.05666,1.0852964,0.0,0.0
SH2D2A,71.939224,0.56626755,0.0,0.0
LCK,71.682396,0.43618473,0.0,0.0
FASLG,71.56351,1.2276243,0.0,0.0
DEK,71.54611,0.5808246,0.0,0.0
RALY,71.38263,0.5753479,0.0,0.0
IL32,71.321175,0.27897772,0.0,0.0
COPE,71.31029,0.5571482,0.0,0.0
ADGRG1,71.20562,1.4460101,0.0,0.0
POMP,71.005226,0.59045017,0.0,0.0
TAP1,70.93732,0.60083264,0.0,0.0
DNPH1,70.696724,1.1990128,0.0,0.0
SRGAP3,70.58959,2.3599603,0.0,0.0
PLPP1,70.505394,2.337263,0.0,0.0
RHOB,70.47864,0.9766242,0.0,0.0
TMSB4X,70.248245,0.20147637,0.0,0.0
GBP2,69.97384,0.7758702,0.0,0.0
AHI1,69.77754,1.395625,0.0,0.0
HSPA1A,69.73865,0.7019262,0.0,0.0
TSPO,69.73425,0.5942428,0.0,0.0
MSN,69.61772,0.45080993,0.0,0.0
CBLB,69.52752,0.5822161,0.0,0.0
ENO1,69.49849,0.5179032,0.0,0.0
RABAC1,69.49558,0.5037949,0.0,0.0
DUSP5,69.4897,0.87669766,0.0,0.0
GNAI2,69.25579,0.5275577,0.0,0.0
SUB1,69.20952,0.39504436,0.0,0.0
RAC1,68.83962,0.56393206,0.0,0.0
BTG3,68.778656,0.78346163,0.0,0.0
ZNRF1,68.72809,1.6665875,0.0,0.0
GOLIM4,68.59814,2.781567,0.0,0.0
CCND2,68.552315,0.7570243,0.0,0.0
BUB3,68.379036,0.5305495,0.0,0.0
GPR25,68.34886,2.124733,0.0,0.0
GSTP1,67.977684,0.49609956,0.0,0.0
NAP1L4,67.9121,0.6245815,0.0,0.0
CCL4L2,67.81671,0.6849072,0.0,0.0
SLA,67.679565,0.6012624,0.0,0.0
ZYX,67.393005,0.54575694,0.0,0.0
UBC,67.22133,0.34175563,0.0,0.0
HMGN1,67.21573,0.46367276,0.0,0.0
SRSF9,67.163635,0.5610978,0.0,0.0
IKZF3,67.046455,0.609185,0.0,0.0
CALR,66.721504,0.4392453,0.0,0.0
RNASEK,66.66505,0.44176352,0.0,0.0
TNFRSF1B,66.595856,0.566564,0.0,0.0
SNAP47,66.50653,1.7855418,0.0,0.0
UCP2,66.365585,0.544027,0.0,0.0
BANF1,66.33679,0.7027274,0.0,0.0
ARF5,66.312256,0.5219246,0.0,0.0
YWHAH,66.291824,0.8528925,0.0,0.0
NR3C1,66.282425,0.5507402,0.0,0.0
CAP1,66.26077,0.4495776,0.0,0.0
STIP1,66.10201,0.760746,0.0,0.0
UBL5,65.63228,0.3945925,0.0,0.0
PGK1,65.63021,0.40697384,0.0,0.0
PDE4D,65.582756,0.63703275,0.0,0.0
PTPN7,65.52699,0.6711224,0.0,0.0
SYT11,65.304794,1.1903998,0.0,0.0
PSMD8,65.26635,0.56995535,0.0,0.0
OASL,65.167816,0.6678899,0.0,0.0
CSNK2B,64.861824,0.5572559,0.0,0.0
PPP1R12A,64.83292,0.5427841,0.0,0.0
PAG1,64.808815,0.76785564,0.0,0.0
MTHFD2,64.807304,0.82866836,0.0,0.0
NOP10,64.59,0.6265996,0.0,0.0
GABARAP,64.41178,0.39093754,0.0,0.0
LSM2,64.339355,0.7792183,0.0,0.0
RANBP1,64.263435,0.8588777,0.0,0.0
CD27,64.25232,0.6582907,0.0,0.0
TWF2,63.885452,0.7005442,0.0,0.0
TNFRSF18,63.630474,2.7990458,0.0,0.0
SRI,63.466957,0.5984953,0.0,0.0
PPDPF,63.466434,0.3392502,0.0,0.0
NAMPT,63.465965,0.81912756,0.0,0.0
PSMA1,63.392708,0.5716121,0.0,0.0
SCAND1,62.596924,0.5424724,0.0,0.0
MIF,62.25929,0.35379514,0.0,0.0
PRELID1,62.214207,0.55666554,0.0,0.0
AHSA1,62.149837,0.6961393,0.0,0.0
NDUFS8,61.97413,0.6431108,0.0,0.0
PYCARD,61.88824,0.8318416,0.0,0.0
CTSD,61.803116,0.7606417,0.0,0.0
BAG3,61.598396,0.9991325,0.0,0.0
BRK1,61.5918,0.47747225,0.0,0.0
NDUFA6,61.428524,0.5635715,0.0,0.0
RALA,61.42379,0.9598774,0.0,0.0
C9orf16,61.264816,0.48524943,0.0,0.0
HLA-DQB1,61.087727,0.7178074,0.0,0.0
MAD2L2,60.958637,1.0959885,0.0,0.0
SEC11A,60.955147,0.59551513,0.0,0.0
BLOC1S1,60.55537,0.8801395,0.0,0.0
BAX,60.443184,0.51737964,0.0,0.0
CFLAR,60.439972,0.52217185,0.0,0.0
ARHGAP9,60.411,0.4949499,0.0,0.0
SP140,60.391235,0.6482165,0.0,0.0
PPIB,60.377243,0.34505185,0.0,0.0
CSK,60.077583,0.5483116,0.0,0.0
TNIP3,59.84229,1.2514168,0.0,0.0
HNRNPA2B1,59.838688,0.25839305,0.0,0.0
TPM4,59.801605,0.60209763,0.0,0.0
TMPO,59.796764,0.8375491,0.0,0.0
TPM3,59.677143,0.3178192,0.0,0.0
RAB1B,59.633698,0.55919874,0.0,0.0
CCL4,59.558094,0.44023746,0.0,0.0
PLSCR1,59.41775,1.0487429,0.0,0.0
NDUFS6,59.02101,0.6281921,0.0,0.0
UBXN4,58.885147,0.43615043,0.0,0.0
RAN,58.73109,0.35950872,0.0,0.0
IGFLR1,58.666042,1.1463406,0.0,0.0
ICOS,58.512306,0.7170053,0.0,0.0
PHPT1,58.487213,0.778743,0.0,0.0
JAML,58.45901,0.7596477,0.0,0.0
CARS,58.368935,1.1833006,0.0,0.0
MIS18BP1,58.356716,0.91169393,0.0,0.0
CLTA,58.177074,0.59246695,0.0,0.0
TANK,58.064972,0.63168675,0.0,0.0
PSMB2,57.850487,0.65549225,0.0,0.0
SET,57.749294,0.42598236,0.0,0.0
MAP2K2,57.64482,0.6398453,0.0,0.0
RBX1,57.61333,0.55302376,0.0,0.0
POLR2G,57.591022,0.6822568,0.0,0.0
RHOC,57.58485,0.7883734,0.0,0.0
PSMA5,57.37766,0.5405106,0.0,0.0
ANAPC11,57.249344,0.5848286,0.0,0.0
CD2BP2,57.247677,0.93685555,0.0,0.0
EPSTI1,57.201187,0.9476759,0.0,0.0
CCT6A,57.196644,0.5357371,0.0,0.0
RAD21,57.112156,0.47628415,0.0,0.0
PSMB6,57.10534,0.5038769,0.0,0.0
BHLHE40,56.98007,0.66035825,0.0,0.0
UQCR10,56.840744,0.42462707,0.0,0.0
ISG15,56.82682,0.56464833,0.0,0.0
RNF167,56.78433,0.54563445,0.0,0.0
ITGB7,56.76724,0.61927634,0.0,0.0
PSMA6,56.706406,0.4946523,0.0,0.0
ARL3,56.533833,1.6860777,0.0,0.0
DYNLRB1,56.484463,0.5419389,0.0,0.0
PPP4C,56.41173,0.5510919,0.0,0.0
EWSR1,56.407166,0.4296303,0.0,0.0
S100A11,56.091812,0.3888841,0.0,0.0
TOX2,56.082718,2.2264695,0.0,0.0
MT2A,56.04272,0.21305227,0.0,0.0
UBB,56.013016,0.2764086,0.0,0.0
CSF1,55.996597,1.7713577,0.0,0.0
HLA-C,55.881065,0.19035125,0.0,0.0
YWHAB,55.836697,0.29888594,0.0,0.0
GPI,55.803677,0.52333343,0.0,0.0
FUT8,55.79519,1.4690316,0.0,0.0
PRDX3,55.780613,0.8698611,0.0,0.0
HCLS1,55.769863,0.35339335,0.0,0.0
SNRPD3,55.699818,0.5348742,0.0,0.0
VAMP5,55.62604,0.70097035,0.0,0.0
COX6B1,55.532333,0.3482327,0.0,0.0
PPP1R18,55.507328,0.48364496,0.0,0.0
MRPL51,55.484974,0.6558351,0.0,0.0
ARF6,55.46547,0.40847072,0.0,0.0
IFI6,55.21409,0.79205906,0.0,0.0
H2AFY,55.16237,0.68316025,0.0,0.0
CARHSP1,55.148582,0.93195516,0.0,0.0
GSTO1,55.100647,0.8235762,0.0,0.0
SNRPD1,55.057323,0.61595345,0.0,0.0
CKLF,54.982048,0.47460887,0.0,0.0
VDAC1,54.942345,0.58820987,0.0,0.0
SPATS2L,54.93983,1.280406,0.0,0.0
HNRNPK,54.822132,0.31739745,0.0,0.0
PSMB1,54.722622,0.41287878,0.0,0.0
PDIA3,54.71921,0.3525369,0.0,0.0
NEDD9,54.622765,0.73542815,0.0,0.0
TOMM5,54.54458,0.5376559,0.0,0.0
HCST,54.478466,0.2792512,0.0,0.0
TALDO1,54.12759,0.6112131,0.0,0.0
AP2S1,54.120785,0.6765504,0.0,0.0
TMEM258,54.064907,0.40866643,0.0,0.0
TAX1BP1,54.002293,0.41826835,0.0,0.0
ROMO1,53.939194,0.49927086,0.0,0.0
MYL12B,53.934265,0.2765033,0.0,0.0
ARID5B,53.66474,0.5706535,0.0,0.0
GALM,53.614025,0.78885007,0.0,0.0
HSP90AA1,53.55006,0.36420882,0.0,0.0
S100A4,53.29245,0.35768777,0.0,0.0
HNRNPD,53.28102,0.5182857,0.0,0.0
SH3BP1,53.247047,0.7126671,0.0,0.0
DNAJC8,53.209957,0.4981054,0.0,0.0
COPZ1,53.11604,0.7092476,0.0,0.0
AIP,53.059307,0.52423054,0.0,0.0
ARPC5,52.959026,0.41925868,0.0,0.0
OAZ1,52.731056,0.24978259,0.0,0.0
COX5B,52.720676,0.35056338,0.0,0.0
DUSP10,52.512867,0.87336135,0.0,0.0
CCT4,52.50169,0.4173723,0.0,0.0
RIN3,52.41462,1.147608,0.0,0.0
SDF2L1,52.269207,0.74790967,0.0,0.0
LAMTOR5,52.252247,0.5551212,0.0,0.0
CALCOCO2,52.239338,0.6087951,0.0,0.0
IVNS1ABP,52.196014,0.5130622,0.0,0.0
METRNL,52.072796,0.7421071,0.0,0.0
NUDC,52.02852,0.5293391,0.0,0.0
TSPAN5,51.950104,0.9137179,0.0,0.0
NUDT21,51.906055,0.6674022,0.0,0.0
NDUFB3,51.728832,0.66277313,0.0,0.0
NDUFV2,51.670933,0.4618686,0.0,0.0
PELI1,51.556183,1.1527512,0.0,0.0
NDUFA12,51.549873,0.5067825,0.0,0.0
RHBDD2,51.539314,0.6122354,0.0,0.0
RAB3GAP1,51.50921,1.1696081,0.0,0.0
FIBP,51.47466,0.7989071,0.0,0.0
HSBP1,51.444157,0.81169814,0.0,0.0
HNRNPLL,51.44386,0.557544,0.0,0.0
MBD2,51.337406,0.7836159,0.0,0.0
STAT3,51.333572,0.43217954,0.0,0.0
EDF1,51.24636,0.3155545,0.0,0.0
ANP32A,51.186375,0.5243917,0.0,0.0
GNAS,51.184254,0.34023905,0.0,0.0
MDH2,51.055157,0.44625485,0.0,0.0
SUMO1,50.981815,0.46208715,0.0,0.0
CCT8,50.97804,0.5115708,0.0,0.0
PSMA4,50.911663,0.65395844,0.0,0.0
H1FX,50.70994,0.4344647,0.0,0.0
CD52,50.588184,0.29013926,0.0,0.0
EFHD2,50.522945,0.42372337,0.0,0.0
IFI35,50.348053,0.7968999,0.0,0.0
DAPK2,50.321976,1.565233,0.0,0.0
SCAMP2,50.214848,0.5222171,0.0,0.0
NFIL3,50.177715,1.6563594,0.0,0.0
HSPE1,50.11636,0.37376836,0.0,0.0
SP100,50.104156,0.3741921,0.0,0.0
HMGN3,50.07683,0.5479552,0.0,0.0
COX6C,50.06985,0.31632286,0.0,0.0
AGFG1,49.999466,1.1812575,0.0,0.0
PSMD4,49.85498,0.5789286,0.0,0.0
PIN1,49.82438,0.5658403,0.0,0.0
TMEM50A,49.636436,0.3379866,0.0,0.0
RPA3,49.571175,0.7452239,0.0,0.0
PLEKHF1,49.507088,0.88257587,0.0,0.0
HNRNPR,49.482193,0.46361864,0.0,0.0
ADRM1,49.47431,0.51626396,0.0,0.0
SMC3,49.461094,0.6798474,0.0,0.0
CD8B,49.38232,0.33019763,0.0,0.0
GBP4,49.326843,0.7671128,0.0,0.0
COMMD7,49.272808,0.7256973,0.0,0.0
RNF187,49.238026,0.6512514,0.0,0.0
SF3B2,49.13895,0.35335198,0.0,0.0
GADD45G,49.137074,1.882628,0.0,0.0
CBX3,48.919693,0.48188782,0.0,0.0
ENSA,48.86127,0.41297093,0.0,0.0
GBP1,48.81083,0.7334674,0.0,0.0
CYBA,48.730274,0.22577408,0.0,0.0
MIEN1,48.640114,0.61088556,0.0,0.0
RAB11B,48.564285,0.49279255,0.0,0.0
MCM5,48.541668,1.4475744,0.0,0.0
PPP4R2,48.53212,0.5571623,0.0,0.0
PCED1B,48.465954,0.6068014,0.0,0.0
STK17B,48.420525,0.3075419,0.0,0.0
COX7A2,48.386898,0.3092001,0.0,0.0
ECH1,48.349663,0.45532238,0.0,0.0
CD3E,48.329178,0.19102295,0.0,0.0
CCT3,48.278587,0.46571738,0.0,0.0
OTUB1,48.252457,0.45347187,0.0,0.0
PMAIP1,48.24292,0.6836682,0.0,0.0
PTPRA,48.158215,0.6245552,0.0,0.0
PTPRJ,48.12929,0.8654003,0.0,0.0
RBCK1,48.073032,0.5100825,0.0,0.0
FKBP4,48.037247,0.73031974,0.0,0.0
SRSF3,47.970253,0.32896948,0.0,0.0
ITGA1,47.938267,0.6469657,0.0,0.0
TNFSF10,47.91516,0.9054341,0.0,0.0
UQCRQ,47.820305,0.4208103,0.0,0.0
KIF5B,47.813347,0.44916922,0.0,0.0
AP2M1,47.657818,0.47707978,0.0,0.0
MPST,47.639656,1.3537062,0.0,0.0
TMEM179B,47.60028,0.5656235,0.0,0.0
NDUFS7,47.578568,0.45689425,0.0,0.0
AKIRIN2,47.503838,0.5166393,0.0,0.0
CD70,47.492622,1.4071027,0.0,0.0
ROCK1,47.48838,0.412586,0.0,0.0
AKAP13,47.442837,0.32230476,0.0,0.0
RBBP4,47.34614,0.5096337,0.0,0.0
UBE2I,47.325565,0.40875986,0.0,0.0
RSRC2,47.307114,0.38513297,0.0,0.0
ACAA2,47.26377,0.7352765,0.0,0.0
XRCC5,47.259735,0.3681509,0.0,0.0
HSPA4,47.256325,0.5772997,0.0,0.0
APBB1IP,47.253593,0.3330967,0.0,0.0
FDFT1,47.247746,0.6102547,0.0,0.0
NUSAP1,47.214466,2.2455654,0.0,0.0
KIF20B,46.93114,1.1635572,0.0,0.0
DUSP16,46.778927,1.0545226,0.0,0.0
PTPN6,46.70607,0.5709943,0.0,0.0
SPRY1,46.60692,1.10048,0.0,0.0
POLR2E,46.562634,0.47968617,0.0,0.0
MRPS6,46.47308,0.47336367,0.0,0.0
VOPP1,46.471077,0.6481748,0.0,0.0
HNRNPF,46.339188,0.32447234,0.0,0.0
PSMC3,46.324306,0.66137946,0.0,0.0
CDKN2A,46.31415,1.3333994,0.0,0.0
NDUFA13,46.233955,0.41095278,0.0,0.0
CKS2,46.22327,0.5413323,0.0,0.0
HSPH1,46.171673,0.38050994,0.0,0.0
ACTR2,46.070923,0.3367654,0.0,0.0
FDPS,46.069057,0.6872927,0.0,0.0
ETS1,46.065598,0.30278656,0.0,0.0
TBC1D10C,45.93379,0.38598403,0.0,0.0
HM13,45.930668,0.5109175,0.0,0.0
SF3B5,45.878,0.37812304,0.0,0.0
SPCS2,45.80652,0.37443012,0.0,0.0
BCL2L11,45.74393,1.1541152,0.0,0.0
SNRPG,45.727375,0.36617234,0.0,0.0
RNF181,45.63482,0.5073995,0.0,0.0
EIF6,45.546974,0.5830814,0.0,0.0
CHORDC1,45.513794,0.42207772,0.0,0.0
LMNB1,45.471752,0.8971055,0.0,0.0
ERH,45.467632,0.40684992,0.0,0.0
SLF1,45.441498,0.639691,0.0,0.0
ATP6V0B,45.42828,0.44315988,0.0,0.0
NDUFA1,45.35298,0.3218922,0.0,0.0
GNB2,45.302864,0.35906538,0.0,0.0
ARPC5L,45.301533,0.41082034,0.0,0.0
TMED9,45.273796,0.45832163,0.0,0.0
MAST4,45.20703,1.8523692,0.0,0.0
NDUFB2,45.187798,0.34867713,0.0,0.0
CDV3,45.165405,0.47003883,0.0,0.0
MPG,45.03123,0.6586182,0.0,0.0
COMMD8,44.96813,0.7206493,0.0,0.0
AHR,44.902172,0.7403872,0.0,0.0
SPTAN1,44.855904,0.41405854,0.0,0.0
C11orf58,44.789536,0.32086623,0.0,0.0
GPR137B,44.781395,0.89464515,0.0,0.0
RFTN1,44.765327,0.56148857,0.0,0.0
DCTN3,44.73913,0.48621878,0.0,0.0
UBE2L3,44.703968,0.4231983,0.0,0.0
MDH1,44.63754,0.4811073,0.0,0.0
PUF60,44.607056,0.4875013,0.0,0.0
LIMS1,44.587196,0.6644567,0.0,0.0
CMTM6,44.575607,0.49833602,0.0,0.0
UQCRH,44.56892,0.30414155,0.0,0.0
MPC2,44.516693,0.49028128,0.0,0.0
TXNL4A,44.435894,0.4525813,0.0,0.0
TCEA1,44.381805,0.35706523,0.0,0.0
HSPA1B,44.344566,0.40647793,0.0,0.0
NAA38,44.301804,0.5500434,0.0,0.0
SLC25A5,44.2313,0.3052608,0.0,0.0
MEA1,44.16722,0.562621,0.0,0.0
SLC9A3R1,44.138336,0.3326449,0.0,0.0
PRDX6,44.00107,0.37537572,0.0,0.0
ANXA6,43.82704,0.33412364,0.0,0.0
PSMC4,43.802635,0.543508,0.0,0.0
HLA-B,43.7778,0.1449005,0.0,0.0
STAM,43.72108,1.1011032,0.0,0.0
TESC,43.585175,0.8833617,0.0,0.0
ATP6V1F,43.575462,0.4030308,0.0,0.0
DNAJC15,43.503292,0.50592685,0.0,0.0
RUNX2,43.38846,0.94673187,0.0,0.0
NUDT5,43.38741,0.64533156,0.0,0.0
BSG,43.316296,0.34899595,0.0,0.0
CCT5,43.304306,0.47788888,0.0,0.0
UQCRC1,43.2419,0.5498462,0.0,0.0
TADA3,43.237858,0.6509211,0.0,0.0
BARD1,43.23685,1.5310383,0.0,0.0
STAT1,43.23412,0.41866913,0.0,0.0
CHST11,43.18739,0.50919014,0.0,0.0
SKA2,43.167805,0.9878615,0.0,0.0
TTN,43.15715,1.1252425,0.0,0.0
PA2G4,43.095154,0.37202373,0.0,0.0
PPM1M,43.088146,0.7878849,0.0,0.0
PRR13,43.034252,0.29750684,0.0,0.0
RAP1B,42.97838,0.2776386,0.0,0.0
ITGB2,42.899273,0.29054704,0.0,0.0
RBM42,42.879757,0.5576697,0.0,0.0
SH3KBP1,42.872578,0.33967972,0.0,0.0
UBE2V1,42.851864,0.39663386,0.0,0.0
NDUFAB1,42.851646,0.4554236,0.0,0.0
GTF3C6,42.83803,0.531229,0.0,0.0
MRPL52,42.812706,0.5464062,0.0,0.0
EZH2,42.78417,1.389949,0.0,0.0
ATF3,42.663715,0.52106786,0.0,0.0
SF3B4,42.62539,0.484337,0.0,0.0
MAP4K1,42.61064,0.50525695,0.0,0.0
ZCRB1,42.581074,0.7000778,0.0,0.0
TPR,42.51705,0.35508224,0.0,0.0
RASAL3,42.48872,0.38178986,0.0,0.0
ETFB,42.456173,0.612633,0.0,0.0
NCOR1,42.450527,0.3171156,0.0,0.0
KRAS,42.42456,0.4477338,0.0,0.0
DGUOK,42.42447,0.45158315,0.0,0.0
REEP5,42.32837,0.32997718,0.0,0.0
YARS,42.31214,0.6645383,0.0,0.0
NOP58,42.29069,0.36492872,0.0,0.0
SSNA1,42.289387,0.4636388,0.0,0.0
GATA3,42.264805,0.5143444,0.0,0.0
PREX1,42.25748,0.5191151,0.0,0.0
PSMD13,42.250698,0.48114753,0.0,0.0
ASXL2,42.21155,0.6616605,0.0,0.0
AURKAIP1,42.08148,0.40253425,0.0,0.0
MRPL41,42.07501,0.40485916,0.0,0.0
TUBB,42.06168,0.60098493,0.0,0.0
ASB2,41.990154,1.4233016,0.0,0.0
C11orf98,41.912426,0.6070734,0.0,0.0
CMC2,41.898563,0.43788078,0.0,0.0
TYMP,41.89259,0.86424834,0.0,0.0
PRKAR1A,41.81795,0.3925562,0.0,0.0
DUSP23,41.808033,0.84234405,0.0,0.0
PSTPIP1,41.79131,0.42316446,0.0,0.0
RER1,41.790783,0.45631084,0.0,0.0
NONO,41.72016,0.38826784,0.0,0.0
SF3B6,41.692184,0.3733358,0.0,0.0
UBALD2,41.690536,0.48038656,0.0,0.0
CASP1,41.653606,0.53389853,0.0,0.0
PSMD7,41.603634,0.42533842,0.0,0.0
SPN,41.579193,0.41763374,0.0,0.0
PRDX1,41.52236,0.3200524,0.0,0.0
NAPA,41.519615,0.38250148,0.0,0.0
SASH3,41.459217,0.47308582,0.0,0.0
CRTAM,41.450596,0.57323134,0.0,0.0
CCT2,41.390022,0.3958234,0.0,0.0
ZBTB1,41.360718,0.48453918,0.0,0.0
GDI2,41.35857,0.36512893,0.0,0.0
CREBZF,41.32997,0.7051786,0.0,0.0
UQCR11,41.307266,0.26418877,0.0,0.0
TRMT112,41.267124,0.27997532,0.0,0.0
PRPF40A,41.26344,0.37272167,0.0,0.0
TBCB,41.238804,0.38259175,0.0,0.0
MOB1A,41.18254,0.37079445,0.0,0.0
SERBP1,41.145153,0.2875553,0.0,0.0
EIF3I,41.126854,0.38525465,0.0,0.0
TMEM14C,41.08817,0.6648899,0.0,0.0
TMCO1,41.01955,0.42583367,0.0,0.0
HSD17B10,40.98924,0.64034635,0.0,0.0
HIF1A,40.975246,0.4409153,0.0,0.0
LIMA1,40.937653,1.0988299,0.0,0.0
HDLBP,40.923607,0.673086,0.0,0.0
MAT2B,40.87427,0.37348408,0.0,0.0
SNRPC,40.76116,0.48457825,0.0,0.0
JAKMIP1,40.752773,0.9025822,0.0,0.0
HSP90B1,40.7396,0.28145453,0.0,0.0
TAF15,40.685074,0.38919407,0.0,0.0
ARPC4,40.631863,0.5465681,0.0,0.0
SARNP,40.62927,0.59370166,0.0,0.0
NUDT1,40.60692,0.84006625,0.0,0.0
NEDD8,40.604454,0.33203617,0.0,0.0
MRPS34,40.516106,0.48215464,0.0,0.0
ILF2,40.50803,0.38813296,0.0,0.0
TMEM106C,40.498947,1.0610402,0.0,0.0
PET100,40.495865,0.3951351,0.0,0.0
SCCPDH,40.45864,1.2720679,0.0,0.0
ZNHIT1,40.437496,0.46770114,0.0,0.0
RTF1,40.422146,0.43958518,0.0,0.0
NUCKS1,40.38898,0.38561583,0.0,0.0
GSPT1,40.382378,0.3592388,0.0,0.0
CYC1,40.37633,0.550395,0.0,0.0
BUD31,40.339302,0.3936874,0.0,0.0
RAB8B,40.315815,0.38359576,0.0,0.0
CDK6,40.294205,0.7097096,0.0,0.0
ARL6IP1,40.289246,0.31386507,0.0,0.0
IL2RG,40.280087,0.30133808,0.0,0.0
NDUFA4,40.25252,0.2509521,0.0,0.0
COX7B,40.166645,0.30985412,0.0,0.0
ATP10D,40.070766,1.1506647,0.0,0.0
UQCRFS1,40.067413,0.3510321,0.0,0.0
HPRT1,40.017803,0.6688948,0.0,0.0
DCP2,39.98996,0.5158346,0.0,0.0
H2AFZ,39.95412,0.28615883,0.0,0.0
TIMM8B,39.87049,0.7117964,0.0,0.0
PPP2R1A,39.800922,0.38348842,0.0,0.0
RPS27L,39.778065,0.3402783,0.0,0.0
LGALS1,39.738632,0.40517673,0.0,0.0
SURF4,39.70562,0.36922565,0.0,0.0
RNF19A,39.66092,0.32112235,0.0,0.0
YWHAE,39.596806,0.42150784,0.0,0.0
MMADHC,39.591988,0.4348757,0.0,0.0
CD96,39.553913,0.27346784,0.0,0.0
RNF7,39.489887,0.34822378,0.0,0.0
HIST1H1E,39.453865,0.5218484,0.0,0.0
RNF213,39.451202,0.26985455,0.0,0.0
OTULIN,39.42555,0.70367265,0.0,0.0
SKAP1,39.42003,0.28450483,0.0,0.0
STMN1,39.40619,1.1428815,0.0,0.0
HSPD1,39.363754,0.32730028,0.0,0.0
PTPN11,39.331825,0.68215066,0.0,0.0
WAS,39.307625,0.31047377,0.0,0.0
GPRIN3,39.289856,0.40751657,0.0,0.0
DEF6,39.25791,0.36028832,0.0,0.0
ANP32E,39.24193,0.4855269,0.0,0.0
KHDRBS1,39.209953,0.2930269,0.0,0.0
TMEM160,39.128803,0.45801964,0.0,0.0
TXNDC17,39.127956,0.55505157,0.0,0.0
NDUFA2,39.047943,0.3960719,0.0,0.0
IRF2,39.02944,0.4566478,0.0,0.0
HSP90AB1,39.008896,0.23464605,0.0,0.0
CHMP2A,38.839138,0.49858811,0.0,0.0
SEC14L1,38.82454,0.76320386,0.0,0.0
TAF10,38.800346,0.3647627,0.0,0.0
SLTM,38.75168,0.34814888,0.0,0.0
SGMS1,38.64907,0.82704955,0.0,0.0
PFDN2,38.60396,0.44479686,0.0,0.0
RSBN1L,38.598644,0.39751723,0.0,0.0
BAZ1B,38.579517,0.5035477,0.0,0.0
TBC1D4,38.56052,1.6728556,0.0,0.0
NDUFB4,38.556522,0.3260431,0.0,0.0
PDE3B,38.541687,0.4496322,0.0,0.0
POLR2K,38.536507,0.38855547,0.0,0.0
SMC1A,38.500225,0.57968396,0.0,0.0
PPID,38.42779,0.6378056,0.0,0.0
VPS28,38.422935,0.30379087,0.0,0.0
CCDC107,38.351845,0.39873537,0.0,0.0
ALYREF,38.321796,0.74036694,0.0,0.0
PARP1,38.317966,0.40935582,0.0,0.0
DCPS,38.30904,0.89220285,0.0,0.0
PAM,38.27017,0.97399455,0.0,0.0
CCNDBP1,38.179714,0.38976362,0.0,0.0
FKBP8,38.174377,0.29319203,0.0,0.0
TMX1,38.12616,0.50807726,0.0,0.0
SRSF4,38.07702,0.38507953,0.0,0.0
THRAP3,38.06619,0.31315085,0.0,0.0
PAPOLA,38.04868,0.32066128,0.0,0.0
BIN1,38.017857,0.38952285,0.0,0.0
SRP9,37.944168,0.33792898,0.0,0.0
TXN,37.93667,0.28938827,0.0,0.0
NDUFB11,37.93577,0.26550293,0.0,0.0
GCNT1,37.890236,1.3566808,0.0,0.0
CD247,37.795246,0.28421012,0.0,0.0
POLR2J,37.784126,0.44049975,0.0,0.0
ZFAND2A,37.74065,0.40733892,0.0,0.0
TCP1,37.73181,0.32835048,0.0,0.0
KDELR1,37.714546,0.399629,0.0,0.0
MCM6,37.710796,0.82871693,0.0,0.0
MZT2B,37.70371,0.26684502,0.0,0.0
PSMB7,37.69561,0.5404793,0.0,0.0
LAMTOR1,37.683235,0.41489816,0.0,0.0
TRPS1,37.67761,0.92813736,0.0,0.0
CD28,-37.68134,-1.189349,0.0,0.0
RORA,-38.006706,-0.5063921,0.0,0.0
STAT4,-38.435936,-0.4630071,0.0,0.0
AQP3,-38.579693,-1.065971,0.0,0.0
PERP,-38.63089,-1.22351,0.0,0.0
EPB41,-38.995567,-0.5941388,0.0,0.0
AREG,-39.380367,-0.7984844,0.0,0.0
MGAT4A,-39.548573,-0.50281984,0.0,0.0
YPEL5,-39.778732,-0.3734595,0.0,0.0
PBXIP1,-39.984035,-0.5787362,0.0,0.0
PITPNC1,-40.029045,-0.61031693,0.0,0.0
CSRNP1,-40.094086,-0.54985446,0.0,0.0
LDLRAP1,-40.226513,-1.7564334,0.0,0.0
FLT3LG,-40.392178,-0.7600924,0.0,0.0
SMDT1,-40.555878,-0.43633226,0.0,0.0
BTG1,-40.648674,-0.20799832,0.0,0.0
ICAM2,-40.984474,-1.2519552,0.0,0.0
S1PR1,-41.031628,-1.7194922,0.0,0.0
GIMAP7,-41.179745,-0.38935822,0.0,0.0
TMEM123,-41.20868,-0.64076835,0.0,0.0
LSR,-42.23665,-2.2920182,0.0,0.0
MT-ND4,-42.242203,-0.19726059,0.0,0.0
RASA3,-42.562286,-1.0697511,0.0,0.0
EIF3E,-42.62801,-0.35754776,0.0,0.0
PTGER2,-42.727604,-1.402827,0.0,0.0
ATP1A1,-43.35207,-0.58286494,0.0,0.0
ERN1,-43.70263,-0.7993741,0.0,0.0
PLAC8,-44.54869,-1.581314,0.0,0.0
RPL12,-44.631016,-0.10547202,0.0,0.0
EEF1D,-45.680367,-0.13813607,0.0,0.0
SF1,-45.782703,-0.33226827,0.0,0.0
MT-ND5,-45.980366,-0.21946336,0.0,0.0
EIF4B,-46.20157,-0.40133122,0.0,0.0
LYAR,-46.207146,-0.8935029,0.0,0.0
PARP8,-46.453434,-0.42337608,0.0,0.0
SCML4,-47.416077,-0.7055859,0.0,0.0
MYBL1,-47.757233,-1.6192412,0.0,0.0
RPS10,-47.86082,-0.6551386,0.0,0.0
SERP1,-47.920185,-0.31908086,0.0,0.0
ATM,-48.224415,-0.8060944,0.0,0.0
GADD45B,-49.072414,-0.6349281,0.0,0.0
CXCR4,-49.161194,-0.3523189,0.0,0.0
RPL37A,-50.28818,-0.15054238,0.0,0.0
ZFP36L2,-50.352478,-0.30776256,0.0,0.0
DDX5,-51.311863,-0.22085993,0.0,0.0
SATB1,-51.593468,-1.3673674,0.0,0.0
LEF1,-51.667,-3.0022843,0.0,0.0
VIM,-51.774063,-0.30463555,0.0,0.0
PFDN5,-51.99891,-0.18245268,0.0,0.0
NACA,-53.088207,-0.15170133,0.0,0.0
CD44,-54.198544,-0.37370673,0.0,0.0
TXNIP,-54.448063,-0.44771755,0.0,0.0
ITM2B,-56.767246,-0.23193769,0.0,0.0
RPL15,-56.81488,-0.14247058,0.0,0.0
SELL,-57.080364,-2.4612572,0.0,0.0
MT-CO2,-57.139927,-0.20381945,0.0,0.0
MT-CO1,-57.252834,-0.19017747,0.0,0.0
IER2,-57.28168,-0.5409299,0.0,0.0
BTG2,-57.913876,-0.545553,0.0,0.0
SLC2A3,-58.07299,-0.5457891,0.0,0.0
IFNGR1,-58.674202,-1.3116648,0.0,0.0
RPL36A,-59.439724,-0.52197295,0.0,0.0
FXYD5,-60.1857,-0.3145723,0.0,0.0
PDCD4,-63.446198,-0.5674433,0.0,0.0
RPL31,-63.899292,-0.25292125,0.0,0.0
SORL1,-64.30902,-2.1213052,0.0,0.0
MT-ATP6,-64.48073,-0.35672852,0.0,0.0
KLF3,-64.68352,-1.9760951,0.0,0.0
RPL27,-64.73308,-0.21339358,0.0,0.0
ZFP36,-65.25661,-0.46612132,0.0,0.0
SARAF,-65.95995,-0.2871875,0.0,0.0
KLRG1,-66.289055,-1.1662967,0.0,0.0
RPL41,-66.32283,-0.35413444,0.0,0.0
UBA52,-66.369995,-0.19257663,0.0,0.0
EIF1,-67.71255,-0.20583892,0.0,0.0
RPS24,-67.77405,-0.15660556,0.0,0.0
FCMR,-67.87243,-0.9786667,0.0,0.0
CLDND1,-67.9109,-0.86037683,0.0,0.0
MYADM,-68.25157,-0.7724355,0.0,0.0
MT-ND3,-69.701126,-0.37659,0.0,0.0
JUNB,-70.88614,-0.5474711,0.0,0.0
MT-ND4L,-72.35379,-0.31388012,0.0,0.0
PIK3R1,-72.50317,-0.7031997,0.0,0.0
RPL35,-74.041214,-0.21561792,0.0,0.0
AHNAK,-74.751274,-0.6388797,0.0,0.0
TOMM7,-75.93109,-0.36286527,0.0,0.0
CD48,-76.18111,-0.5222907,0.0,0.0
FTH1,-76.53536,-0.42193407,0.0,0.0
CCR7,-79.69208,-3.9427114,0.0,0.0
CD55,-79.70101,-1.0219198,0.0,0.0
RPL26,-81.40737,-0.19306853,0.0,0.0
RPL4,-82.97749,-0.34697327,0.0,0.0
FOSB,-84.28365,-1.025365,0.0,0.0
RPS9,-84.56542,-0.24050461,0.0,0.0
RPS29,-85.683174,-0.34168658,0.0,0.0
MT-ND2,-85.78818,-0.44090948,0.0,0.0
RPL7,-86.54343,-0.42267123,0.0,0.0
RPL22,-87.70837,-0.3551473,0.0,0.0
RPL21,-87.9071,-0.253024,0.0,0.0
MT-ND1,-88.29958,-0.41595078,0.0,0.0
RPL24,-88.53967,-0.2578512,0.0,0.0
ANXA1,-88.76918,-0.7670015,0.0,0.0
LMNA,-89.09031,-1.9809728,0.0,0.0
RPS20,-90.67804,-0.4879178,0.0,0.0
EEF1G,-91.867386,-0.49860758,0.0,0.0
FAU,-94.497826,-0.2149723,0.0,0.0
FOS,-94.55357,-1.0694324,0.0,0.0
MT-CO3,-95.37636,-0.3873315,0.0,0.0
RPL6,-96.38349,-0.2663399,0.0,0.0
EEF2,-96.47625,-0.41057903,0.0,0.0
RPL37,-97.49384,-0.2707953,0.0,0.0
TCF7,-97.56939,-3.79438,0.0,0.0
RPL29,-97.74125,-0.2666006,0.0,0.0
RPS27,-99.49913,-0.26387772,0.0,0.0
GPR183,-99.75931,-2.1016397,0.0,0.0
S100A10,-101.04378,-0.6594681,0.0,0.0
RPL38,-103.04903,-0.4492285,0.0,0.0
MT-CYB,-103.172035,-0.42640567,0.0,0.0
RPS15,-103.82626,-0.2362153,0.0,0.0
RPL27A,-103.93046,-0.47962764,0.0,0.0
GZMK,-105.36193,-1.2757595,0.0,0.0
RPSA,-105.411865,-0.37373197,0.0,0.0
TC2N,-106.57887,-1.4166642,0.0,0.0
RPLP1,-107.189766,-0.23228161,0.0,0.0
RPL17,-109.55799,-0.34168634,0.0,0.0
LTB,-110.287254,-1.6284767,0.0,0.0
KLF2,-110.86087,-1.5262252,0.0,0.0
RPL23A,-111.57944,-0.32662842,0.0,0.0
RPS7,-112.35852,-0.26564488,0.0,0.0
RPL18,-116.43364,-0.31046566,0.0,0.0
RPS15A,-117.60162,-0.26423806,0.0,0.0
RPS21,-118.501274,-0.39364415,0.0,0.0
RPL7A,-122.150154,-0.31635186,0.0,0.0
RPL10A,-124.6128,-0.41469684,0.0,0.0
RPL18A,-127.61348,-0.3376897,0.0,0.0
RPS5,-129.21219,-0.44831866,0.0,0.0
RPS16,-130.99966,-0.40323117,0.0,0.0
RPL35A,-131.33012,-0.37196827,0.0,0.0
RPL13A,-131.88347,-0.4868399,0.0,0.0
RPL36,-136.1569,-0.42922968,0.0,0.0
RPL8,-137.36429,-0.40203032,0.0,0.0
RPS2,-137.36882,-0.38682604,0.0,0.0
RPS4X,-140.01689,-0.44694823,0.0,0.0
PABPC1,-142.99498,-0.70928323,0.0,0.0
RPS13,-144.5821,-0.46462706,0.0,0.0
RPS28,-146.26051,-0.40766868,0.0,0.0
RPL19,-148.33401,-0.38983977,0.0,0.0
RPL9,-149.69724,-0.56545883,0.0,0.0
RPL11,-150.49583,-0.42533335,0.0,0.0
RPS6,-150.62564,-0.44627142,0.0,0.0
RPLP0,-151.19194,-0.55287457,0.0,0.0
EEF1B2,-154.16174,-0.72043556,0.0,0.0
RPL5,-155.47357,-0.5802241,0.0,0.0
RPS23,-156.50917,-0.43959433,0.0,0.0
RPS25,-157.15393,-0.43310595,0.0,0.0
RPS27A,-157.58435,-0.39684245,0.0,0.0
RPL28,-159.0092,-0.33897078,0.0,0.0
TPT1,-161.0285,-0.42158365,0.0,0.0
RPL34,-161.12012,-0.5076358,0.0,0.0
RPL14,-161.25037,-0.5022307,0.0,0.0
RPS18,-163.66068,-0.47237223,0.0,0.0
RPS3A,-165.61102,-0.5363222,0.0,0.0
RPLP2,-168.14015,-0.5040728,0.0,0.0
RPL32,-172.67038,-0.48593247,0.0,0.0
RPS8,-177.04878,-0.54971117,0.0,0.0
RPL39,-177.35776,-0.5267247,0.0,0.0
RPL30,-187.33342,-0.50543433,0.0,0.0
RPS14,-194.43013,-0.5427868,0.0,0.0
RPL10,-198.82596,-0.5127894,0.0,0.0
RPL3,-199.26509,-0.67846256,0.0,0.0
RPS3,-200.78275,-0.5303908,0.0,0.0
RPL13,-205.84378,-0.5367623,0.0,0.0
EEF1A1,-221.5242,-0.6221166,0.0,0.0
RPS12,-233.42694,-0.6687885,0.0,0.0
IL7R,-242.4183,-4.179304,0.0,0.0
SRP19,37.663223,0.46499,1.987743596108e-310,1.432641006595827e-309
CENPF,37.662464,1.8764602,2.04537222853955e-310,1.472479707910635e-309
ARL6IP5,37.655735,0.23180063,2.6357601078327e-310,1.89532359018407e-309
SHISA5,37.65564,0.30537662,2.64524799207214e-310,1.899962277658245e-309
DIAPH1,37.609055,0.35340306,1.528972425694978e-309,1.0969325109114427e-308
EML4,-37.6022,-0.32726723,1.978901358173155e-309,1.4180993008855965e-308
COX17,37.545788,0.40777582,1.6504082645205724e-308,1.1813448630252517e-307
CDC123,37.521286,0.54520935,4.1425639211646884e-308,2.961814844663576e-307
NELL2,37.51202,0.54922605,5.865979118274328e-308,4.189219790402306e-307
GFI1,37.497425,0.89384514,1.0145287548136586e-307,7.237048905489452e-307
NDUFB6,37.494755,0.43670887,1.121502553053257e-307,7.991025024944393e-307
SPCS1,37.49455,0.26200348,1.1301375029280896e-307,8.043390464525743e-307
RUNX3,37.483826,0.3143828,1.689824413833089e-307,1.2013115378340686e-306
SUZ12,37.472317,0.54997295,2.601844341348204e-307,1.8475752780334124e-306
MRPL18,37.460915,0.39457837,3.990078852620195e-307,2.8301511680262972e-306
CKAP2,37.4421,0.67421675,8.075820905867892e-307,5.721668809412178e-306
PCBD1,37.433,0.88252306,1.135790311674549e-306,8.03790066723527e-306
MAP4,37.375717,0.42975,9.692780869768299e-306,6.851755606923217e-305
NDUFB10,37.3192,0.3183197,8.01358853896751e-305,5.658353261826268e-304
R3HDM1,37.25524,0.8442229,8.715554820707868e-304,6.147070006578176e-303
ELL2,-37.221542,-0.9018423,3.059748376687112e-303,2.1556065140264157e-302
GIMAP1,-37.221413,-0.61244106,3.07439435595779e-303,2.163488311684132e-302
LASP1,37.221096,0.48594058,3.1106469805929645e-303,2.186540169729167e-302
LPXN,37.11778,0.3526381,1.4517223151104828e-301,1.0193013247285276e-300
FERMT3,37.088974,0.39751613,4.230543192989701e-301,2.967071548805333e-300
CTCF,37.055653,0.50003535,1.4563429565006409e-300,1.0202554911386348e-299
S100PBP,37.046783,0.8210164,2.0234532403300712e-300,1.4159645941280678e-299
MTHFD1,37.015438,1.2958724,6.464765151187486e-300,4.518834724673622e-299
ARF1,36.999744,0.2353351,1.156071585993792e-299,8.071856966492369e-299
HSPB11,36.981796,0.44426462,2.246350344369471e-299,1.5666853683807594e-298
PABPN1,36.97355,0.39902598,3.04808330088525e-299,2.1234754042692784e-298
TERF2IP,36.96876,0.2605291,3.63882619031066e-299,2.532202074147218e-298
NDUFS3,36.962894,0.5334073,4.5212375792165134e-299,3.1427624772865008e-298
PTGES3,36.96038,0.22840834,4.961204652021849e-299,3.4447609659321515e-298
SQLE,36.958546,1.3714714,5.310033454628606e-299,3.6828790789530554e-298
BCAS4,36.8513,0.84038436,2.7879049853414923e-297,1.9314655136540838e-296
PPP1R7,36.845654,0.4810326,3.432985808930514e-297,2.375747701401471e-296
SEC61B,36.775997,0.25392598,4.4675407530416703e-296,3.088280105086043e-295
DCTN2,36.72618,0.47740522,2.7911222250309384e-295,1.9272914613458663e-294
XRCC6,36.70479,0.27069664,6.125625647858246e-295,4.225128341014464e-294
POLD4,36.530846,0.34304616,3.59229318820996e-292,2.4750425314362895e-291
RAB11FIP1,36.518154,0.6433125,5.712545036463759e-292,3.931538146107511e-291
NUTF2,36.507233,0.48342353,8.514639934612083e-292,5.853581036366285e-291
H3F3A,36.506123,0.1762132,8.867425999510149e-292,6.08942009362629e-291
H2AFV,36.46811,0.33695337,3.5527508373249274e-291,2.4370624164807834e-290
PAIP2,36.46689,0.2764433,3.7149275210877385e-291,2.5455187921056835e-290
NDUFA3,36.45449,0.3119502,5.839653852488382e-291,3.9970322211342796e-290
XAF1,36.454144,0.52104926,5.914097156657137e-291,4.043561946671809e-290
SHKBP1,36.442154,0.48596793,9.158281677252527e-291,6.254826438088626e-290
CENPK,36.439632,0.95690066,1.004088644776183e-290,6.850140198167723e-290
SHMT2,36.423927,0.8825503,1.780168492256512e-290,1.213151861389623e-289
MT1E,36.4195,0.08213168,2.0920082877100678e-290,1.4241135851919677e-289
ACOT7,36.355953,1.3956001,2.11600907835181e-289,1.4388861732792308e-288
PSMD14,36.35563,0.53314275,2.141047390528116e-289,1.4543314305259386e-288
KCNA3,-36.34121,-0.97605866,3.6178102799603182e-289,2.454774524016459e-288
CDC42,36.31326,0.22980551,9.993315822212433e-289,6.77336769054832e-288
DCXR,36.279026,0.37298077,3.465517860157263e-288,2.3463506204701122e-287
CCNH,-36.26058,-0.3614309,6.770072717871536e-288,4.578764856541008e-287
CCDC167,36.25568,0.6775356,8.086526935198313e-288,5.463208694017348e-287
GFOD1,36.208324,1.2345772,4.5026828885897873e-287,3.0387037919112957e-286
PDAP1,36.204063,0.43815115,5.254445961982095e-287,3.5422213295431022e-286
EIF3A,36.188904,0.30794817,9.099300922599628e-287,6.127580901160741e-286
SRSF10,36.17302,0.28619877,1.6173254265154527e-286,1.0879556847613626e-285
PARVG,36.155678,0.4625242,3.0295449949430124e-286,2.0357501061614915e-285
RASGRP2,-36.154003,-1.051489,3.2187146523401763e-286,2.1605449426008737e-285
IRF1,36.13537,0.25358012,6.316110876662204e-286,4.235111430267818e-285
GTF2A2,36.1204,0.3802492,1.0851790909454397e-285,7.268608557767313e-285
TMEM59,36.116394,0.24989171,1.2541984020204626e-285,8.391727489882367e-285
UBE2A,36.10904,0.32208514,1.636093466638501e-285,1.0935257187276136e-284
MRPS36,36.107864,0.47631887,1.7069341692773377e-285,1.1396563674492023e-284
UBE2N,36.10525,0.33797327,1.8759942966902883e-285,1.2511961961721154e-284
VAMP8,36.104706,0.28184983,1.9133713986251015e-285,1.2747658647282891e-284
MRPL28,36.101543,0.67649335,2.1450448700255805e-285,1.4275958198808544e-284
LMAN2,36.05761,0.31123635,1.0479780924211272e-284,6.967216733460757e-284
LDLRAD4,36.00317,0.36383682,7.462494830473264e-284,4.955983827966108e-283
LAT,35.970596,0.2737796,2.412001681564568e-283,1.6001572131355182e-282
MCM3,35.970207,0.99111736,2.445861576650482e-283,1.6209014855429468e-282
FAM177A1,-35.936447,-0.4538625,8.241681552592473e-283,5.45608040137762e-282
TIPRL,35.928978,0.5186561,1.078031677960649e-282,7.129139722327505e-282
GGCT,35.912724,1.0106822,1.93390957454464e-282,1.2775647622335024e-281
LSM8,35.848488,0.31950444,1.9415077268925242e-281,1.2812312594345603e-280
TNFAIP8,-35.84675,-0.48072684,2.0667158543748867e-281,1.3624209046332237e-280
TUBB2A,-35.827538,-1.0437225,4.116064581588877e-281,2.7105368444652646e-280
PTMA,35.785057,0.11953323,1.8863056671579197e-280,1.240875736460562e-279
NUCB1,35.734398,0.3863118,1.1559388835408855e-279,7.596169806125819e-279
WNK1,35.677567,0.29694185,8.80928574947495e-279,5.782884748028886e-278
SMARCC1,35.657692,0.45336607,1.7906811228394196e-278,1.1742663631533972e-277
P2RY8,-35.608402,-0.94589585,1.038433497966599e-277,6.802554935370726e-277
COPS6,35.599316,0.41580653,1.435559912793023e-277,9.394207964888234e-277
PYHIN1,35.52707,0.32778046,1.878132535074654e-276,1.2277530971188126e-275
MRPL57,35.52178,0.36316317,2.266936940244237e-276,1.480371346364086e-275
NENF,35.471848,0.44780964,1.3359200430178544e-275,8.71482355486934e-275
UBE2D3,35.471016,0.20940846,1.3758811931845471e-275,8.966159108919298e-275
SAMHD1,-35.433575,-0.52712065,5.194234380096638e-275,3.381387126106615e-274
RASSF1,35.425743,0.44012728,6.856626400202929e-275,4.4589454012130483e-274
PDCL3,35.398117,0.38156918,1.825193122651217e-274,1.1857121677368654e-273
UBE2M,35.371975,0.61165994,4.606578768720723e-274,2.9894975909872247e-273
NCF1,-35.335907,-0.892747,1.6504927260112446e-273,1.0699981858991031e-272
SNX17,35.276855,0.41034496,1.3298291229315272e-272,8.61222670088989e-272
MARCKSL1,-35.262856,-0.7788784,2.179862917533103e-272,1.410260849233412e-271
PRPF4B,35.227997,0.32449827,7.454165300161882e-272,4.817485342749249e-271
EIF2S2,35.208176,0.35723156,1.4990522655531266e-271,9.678091819711413e-271
HIST1H1C,35.19478,0.6546565,2.4032801317849425e-271,1.5499918045821237e-270
ORMDL3,35.165302,0.53527457,6.785016185907491e-271,4.371479017408575e-270
TLE4,-35.162792,-0.85776246,7.41098867628462e-271,4.769870901114875e-270
CLTB,35.154068,0.3665819,1.0073510620320774e-270,6.476863560198023e-270
HP1BP3,35.14431,0.2723594,1.4199662597600875e-270,9.120440370697235e-270
SDF4,35.117527,0.3873335,3.6412575795885083e-270,2.3363802479903292e-269
MRPL47,35.106262,0.4790866,5.409812500018909e-270,3.467601127061301e-269
ATAD2,35.097195,1.021445,7.438757219727505e-270,4.763241061066047e-269
PPA1,35.053757,0.4155972,3.417776484858716e-269,2.1862586594351866e-268
UBE2F,34.96904,1.2011379,6.651347010304182e-268,4.250339825992131e-267
AUTS2,-34.967976,-0.9132969,6.903614838775086e-268,4.407042288916014e-267
NRBP1,34.923756,0.36253816,3.241834994595214e-267,2.06737204140547e-266
NT5C,34.904762,0.4685836,6.294961623080229e-267,4.010313636862517e-266
SEC61G,34.89217,0.28395027,9.773160154070382e-267,6.21982603498111e-266
GABARAPL1,34.851894,0.29652855,3.985168859411743e-266,2.5336602016747834e-265
IDH3G,34.8145,0.4921696,1.4677869105306426e-265,9.322309555613908e-265
LAP3,34.773045,0.52105653,6.216636759390472e-265,3.944348840440851e-264
VASP,34.7606,0.37535098,9.585285424298874e-265,6.075536536414767e-264
JUN,34.747124,0.25450674,1.5317782378093773e-264,9.69919499568367e-264
SNRPE,34.741634,0.4726988,1.8539877480019648e-264,1.1727550405965918e-263
PPP5C,34.70815,0.69543684,5.9358561557474254e-264,3.750981425288474e-263
CEBPD,34.64923,0.64023703,4.587580234595337e-263,2.896054686945351e-262
HINT2,34.63469,0.661039,7.595272505785375e-263,4.78992185445497e-262
JAK3,34.634525,0.47253639,7.63893805162868e-263,4.812607900401714e-262
OPTN,34.621258,0.28924578,1.2098690376923871e-262,7.614628470627338e-262
PSMG2,34.608353,0.39716664,1.8917505124456433e-262,1.1894262518452205e-261
SKIL,-34.596336,-0.5762209,2.868282224356467e-262,1.8016037746560301e-261
SERPINB1,34.56076,0.34697443,9.824188493452812e-262,6.164505839021143e-261
ABHD17A,34.5601,0.28750688,1.0051808644638609e-261,6.301013515116146e-261
SH3GLB1,34.555622,0.37430474,1.1735160709242487e-261,7.348865405107207e-261
HNRNPU,34.534985,0.21349731,2.395287201549177e-261,1.4984916732891652e-260
SUMO3,34.528164,0.45180747,3.0320398555690106e-261,1.8949491844595136e-260
CAPG,34.50665,0.4926636,6.375873071040524e-261,3.980784623994962e-260
OXNAD1,34.478077,0.35908204,1.709592860597248e-260,1.066322326609809e-259
TRIM8,34.46899,0.87439674,2.3391362831032717e-260,1.457533524610963e-259
CYTIP,34.438576,0.2217266,6.676294455626156e-260,4.155910260139028e-259
ECHS1,34.433285,0.590939,8.012177672059082e-260,4.9825232123659656e-259
CISD2,34.42732,0.5325059,9.840640779941019e-260,6.113510299832276e-259
BACH1,34.39983,0.79451394,2.5363833993118226e-259,1.5741681097316234e-258
NDUFB7,34.388092,0.35469803,3.7991338032647836e-259,2.3555382629558463e-258
CCT7,34.326763,0.3313673,3.1299649820417064e-258,1.9387189037280116e-257
GNPTAB,34.26636,0.54251415,2.4886887847864533e-257,1.539983881070628e-256
SLIRP,34.222385,0.48054934,1.1234831505810226e-256,6.94516856722814e-256
PARD6G,34.19213,1.4276834,3.165359987090728e-256,1.9548363355616578e-255
SNX5,34.137592,0.44350076,2.0431500803704327e-255,1.2605470318340658e-254
ZMAT2,34.1286,0.39448097,2.7780050073058333e-255,1.7122363867689943e-254
PSMA2,34.1009,0.5722476,7.153471310814669e-255,4.404735877997694e-254
KLRC3,34.078865,1.0005487,1.5170405582914255e-254,9.331962372341356e-254
RNASEH2B,34.055458,0.45937824,3.3698278967637052e-254,2.070888342058324e-253
URM1,34.037895,0.56381243,6.131216420690428e-254,3.7641697672069986e-253
EIF4E,34.023438,0.47887176,1.0032364470542862e-253,6.153183541932956e-253
CANX,33.99857,0.30075115,2.338897282779538e-253,1.433118648488618e-252
FAM50A,33.958755,0.45601517,9.058874822590625e-253,5.545236877703224e-252
PDCD6,33.927723,0.35192478,2.5996828347147546e-252,1.5897962672507825e-251
CISD3,33.913837,0.5709266,4.165213410460622e-252,2.544685067953286e-251
CTSZ,33.902306,0.9226568,6.160065594854256e-252,3.759743449893485e-251
TFDP1,33.881844,0.7874164,1.2332707144131945e-251,7.519826110496047e-251
CAPZA2,33.87809,0.39681467,1.4007336067414899e-251,8.532609000754392e-251
CAPNS1,33.86761,0.43084586,1.9982122887464622e-251,1.2160326924511544e-250
LCP1,33.817894,0.18636431,1.0764360893330996e-250,6.544396671397348e-250
NRDC,33.813137,0.4034588,1.2644065901117697e-250,7.679735560911876e-250
LAGE3,33.772095,0.55001485,5.066967767964922e-250,3.074582963762226e-249
DCUN1D5,33.734432,0.63866824,1.8084679825070596e-249,1.096296094822109e-248
RAD23A,33.717247,0.30470178,3.230581112152816e-249,1.956487457660021e-248
RAB14,33.70851,0.3264941,4.3379488461397374e-249,2.6245849111653963e-248
FUS,-33.68911,-0.23530778,8.34648961041255e-249,5.044989275627142e-248
RFC1,33.678997,0.41712698,1.1736925750512771e-248,7.087471765946709e-248
SAE1,33.670334,0.76441175,1.5716499532737993e-248,9.481429226307511e-248
MYC,-33.663773,-2.289895,1.960568315084313e-248,1.1816296126365571e-247
PAK2,33.651543,0.2643103,2.959969755691703e-248,1.7822493543414142e-247
DENND1B,33.65127,0.54927486,2.98731868297384e-248,1.7969870846811868e-247
CLTC,33.629307,0.46035174,6.258089339194414e-248,3.760865216714722e-247
DBNL,33.61921,0.4366661,8.790968608586042e-248,5.277955817208664e-247
TGIF1,33.615017,0.5418908,1.01225268623993e-247,6.071575076814e-247
SMNDC1,33.580982,0.42304745,3.179457730851655e-247,1.905238272433712e-246
SMC2,33.574955,1.4188004,3.8933206953054934e-247,2.3307764851513077e-246
TNF,-33.567154,-1.0106148,5.059825250739976e-247,3.026220532373737e-246
RECQL,33.51073,0.43695718,3.3631815610849195e-246,2.009557196384647e-245
TSPAN14,33.497288,0.42906484,5.278333719512894e-246,3.150883182182506e-245
SLBP,33.490864,0.3532832,6.547070498219579e-246,3.904525551655071e-245
METTL8,33.46954,1.3734888,1.337731585105786e-245,7.970332187068379e-245
APOBEC3H,33.458206,0.790116,1.9553446243655124e-245,1.1639044690799853e-244
GPR174,33.44745,0.37185374,2.8032763780226174e-245,1.6670434430522333e-244
PSMA3,33.405773,0.35010946,1.1303153112217992e-244,6.715339588797318e-244
SMARCB1,33.391037,0.5455632,1.8498377156459566e-244,1.0979681925124388e-243
PSENEN,33.379295,0.4803663,2.7385638866549026e-244,1.623929447859059e-243
SRA1,33.36845,0.44812813,3.9344127101331867e-244,2.3308414691849639e-243
YBX3,-33.35634,-0.88910145,5.895699109297045e-244,3.489450674338913e-243
STOML2,33.25777,0.5711301,1.5760509773254948e-242,9.319257952881185e-242
MRPS12,33.252323,0.56166303,1.8895230252749883e-242,1.1162281441095682e-241
MTCH1,33.242126,0.3583078,2.652803073096787e-242,1.5656543420088205e-241
THEM4,-33.233276,-1.3673123,3.5608519925557194e-242,2.099593785620036e-241
ACSL4,33.222137,0.8228442,5.157294271357694e-242,3.0380445349918775e-241
CNTRL,33.21029,0.43929842,7.647878888100544e-242,4.5009529937871126e-241
SESN1,-33.209736,-1.783347,7.789786984029514e-242,4.580160467301564e-241
BPTF,33.20338,0.28686345,9.62176608783183e-242,5.651997055913232e-241
PCMT1,33.187195,0.37535638,1.647463562536971e-241,9.668416554625977e-241
MX1,33.148056,0.5982792,6.040969844810692e-241,3.5419219633679184e-240
SAMD9L,33.14004,0.51328945,7.880658006052391e-241,4.616235626017206e-240
CMTM3,33.115093,0.35000494,1.802261475596344e-240,1.0547191572807042e-239
EGR1,-33.070385,-0.855558,7.923861310904748e-240,4.6328669496280475e-239
DNAJC7,33.067474,0.43429232,8.725556540915852e-240,5.0968330270746564e-239
SEL1L3,33.051273,0.6694886,1.4915000731817782e-239,8.704127292747391e-239
HNRNPL,33.05038,0.26311997,1.5361446629325592e-239,8.956310355364484e-239
SNRPF,33.035408,0.32455468,2.5203715676441275e-239,1.4681047045792982e-238
PHYKPL,33.033882,0.4490754,2.6508632688289693e-239,1.5426791264924682e-238
NABP2,33.005577,0.87748957,6.756088056405359e-239,3.928074988928618e-238
LAIR2,32.97066,1.6634762,2.139792893192677e-238,1.2429474781628028e-237
G3BP2,32.943645,0.24797541,5.2169634166970376e-238,3.0275809958123065e-237
ANKRD28,32.93663,0.5433739,6.574250481809493e-238,3.8117248391288407e-237
TMEM140,32.929432,0.87125844,8.33462513202535e-238,4.8279087801806105e-237
SLC7A5,32.830135,0.2883883,2.1882811824287133e-236,1.2664095353630002e-235
AATF,32.811504,0.41579288,4.035627134675691e-236,2.3333533599381814e-235
DNAJB11,32.75852,0.46250176,2.2964285087753935e-235,1.32654263627875e-234
C3orf38,32.74027,0.74134755,4.1767927281369e-235,2.4105180172716277e-234
ATP1B3,32.69624,0.2671713,1.7662311136330453e-234,1.018390953630261e-233
DNM2,32.655197,0.39648047,6.7610261981759e-234,3.8947495299989347e-233
MZT2A,32.626728,0.27406842,1.7138446499023187e-233,9.863672612501294e-233
DPM2,32.60921,0.7139358,3.0363165959283946e-233,1.7458820426588268e-232
KLRC1,32.591022,0.8036085,5.496592460714904e-233,3.1576384237128044e-232
YIPF3,32.576115,0.48970008,8.938941079283982e-233,5.130460127706477e-232
ATP6V0E1,32.57203,0.21564832,1.0211907626647593e-232,5.8557006519071806e-232
ILK,32.564064,0.45749527,1.3240478457791997e-232,7.585387658603181e-232
PARP14,32.55641,0.4795984,1.6990208054562755e-232,9.724679010918993e-232
RPS6KA1,32.551487,0.6808887,1.994688348488696e-232,1.1406554212198614e-231
MLF2,32.54507,0.33224413,2.4586697271432814e-232,1.404697517169714e-231
SNX3,32.514404,0.2806318,6.672729995029676e-232,3.8088137635862827e-231
ATP6V0D1,32.50099,0.430003,1.0324860680385276e-231,5.888088278622633e-231
MRPL36,32.480457,0.67589486,2.01329315602468e-231,1.147100362849763e-230
SIVA1,32.46786,0.35406774,3.0319154208626067e-231,1.7259019902562755e-230
CD164,32.45485,0.2656095,4.6272187462281695e-231,2.631625497854857e-230
IAH1,32.45458,0.48941556,4.667900340369486e-231,2.65235100175763e-230
ATXN1,32.452557,0.50105995,4.984818492263453e-231,2.8298570315426645e-230
HELLS,32.40708,1.3271469,2.181356131485662e-230,1.23722248037845e-229
DDX46,32.40644,0.28880122,2.2272611870741765e-230,1.2621146726753667e-229
JTB,32.393925,0.24999508,3.3421829730236246e-230,1.8921897447272214e-229
PPP2R5C,-32.388668,-0.3364694,3.9633035310788876e-230,2.2418107495867558e-229
DR1,32.38739,0.38555488,4.131036355157504e-230,2.334576642986933e-229
PSMF1,32.339737,0.34686866,1.9340650114829296e-229,1.0920136021513726e-228
C4orf48,32.31221,0.42759347,4.7130532358630406e-229,2.658689003026076e-228
EIF5,32.3116,0.20456554,4.807126250588317e-229,2.709313677809055e-228
RNPS1,32.288723,0.2843072,1.0071338758294874e-228,5.671133687839129e-228
ZNF207,32.28083,0.27483535,1.2996972945166482e-228,7.311966074187187e-228
NOL7,32.26119,0.28784207,2.451308995762184e-228,1.3778426844104423e-227
GSDMD,32.24329,0.4006575,4.368703415237377e-228,2.453375993332588e-227
SPPL2A,32.24098,0.43034792,4.7068644083033185e-228,2.6409097523179877e-227
ETNK1,32.235962,0.40215114,5.534527641888873e-228,3.1025094021197838e-227
SORBS3,-32.19058,-2.7752512,2.391022573442821e-227,1.3391438871493543e-226
MRPL13,32.18636,0.63179404,2.7391590488204723e-227,1.5327530419875559e-226
BRD4,32.169994,0.34001788,4.640463137767982e-227,2.5943465049040656e-226
UQCC2,32.146366,0.66218734,9.927326315135797e-227,5.545120841740138e-226
SNF8,32.12689,0.46164757,1.857538400762616e-226,1.0366423046539631e-225
LUC7L2,32.084763,0.31783056,7.192815457595704e-226,4.0105395278715446e-225
GLCCI1,32.071983,0.52520555,1.0841940472200375e-225,6.039820088520529e-225
EIF3J,32.05427,0.4638669,1.914268535105927e-225,1.065450529859669e-224
SUPT16H,32.041252,0.43059823,2.906589138864376e-225,1.6163219246876032e-224
ATP2B4,31.950512,0.31136888,5.31487236551619e-224,2.952916653523027e-223
CD151,31.949123,0.8164263,5.556040898928852e-224,3.0841696418543834e-223
SYTL2,31.944523,0.38529158,6.436675572207369e-224,3.569844182600115e-223
SYPL1,-31.924938,-0.8673925,1.2038016176370965e-223,6.670489743080315e-223
MAPRE2,31.91313,0.27331933,1.755519311894907e-223,9.719052048862422e-223
SNW1,31.861542,0.37927827,9.110015790281319e-223,5.039103340760383e-222
TACC1,31.860657,0.33024406,9.370768525475036e-223,5.178756881216592e-222
CHMP1B,-31.8436,-0.7350877,1.6142976347298724e-222,8.913544574466091e-222
RAB7A,31.842733,0.27710333,1.6594058187676886e-222,9.1545350989512e-222
SLC3A2,31.810726,0.2837417,4.600428182104408e-222,2.5357073750876807e-221
ILF3,31.779787,0.2958976,1.231512515235939e-221,6.781991457144397e-221
FIS1,31.773764,0.29527768,1.491642842952718e-221,8.207315413819e-221
PNRC1,-31.771294,-0.14013934,1.613550131889147e-221,8.87027207829394e-221
EED,31.747585,0.61381286,3.4284870354208696e-221,1.883109297066985e-220
CTNNB1,31.746763,0.43851265,3.519320738830833e-221,1.9313044335197975e-220
TMEM167A,31.741833,0.5072899,4.1162477280343675e-221,2.25690147121674e-220
DDOST,31.737225,0.29087088,4.765095311143041e-221,2.6103709515333506e-220
NME2,31.72959,0.23625323,6.07286521132505e-221,3.323870932812731e-220
ADSS,31.729559,0.3162864,6.078976977571436e-221,3.3243076898327713e-220
CHCHD1,31.696928,0.6278446,1.7127340143169684e-220,9.35795981970913e-220
TUBB4B,-31.692774,-0.37353358,1.9540615493666597e-220,1.0667198126385535e-219
ECI2,31.656992,0.580451,6.07643052567813e-220,3.314224007728194e-219
CCDC12,31.654839,0.33858213,6.505605182467896e-220,3.5452148102368604e-219
KRTCAP2,31.633661,0.20932864,1.2723459175651887e-219,6.927585779188704e-219
TXNL1,31.613592,0.3682464,2.4016725868467255e-219,1.3065098872446187e-218
PCBP2,-31.546825,-0.27952057,1.9822084116058068e-218,1.0773845198093768e-217
UBE2D2,31.541399,0.2140419,2.3525565912305104e-218,1.2775689266265688e-217
PSMC2,31.520372,0.50074196,4.568359196521859e-218,2.4787211737589546e-217
SNRPB2,31.517162,0.2961176,5.055387914431096e-218,2.7405985088978282e-217
CDKN1B,31.502756,0.24433398,7.963477133296261e-218,4.313377744233888e-217
GMNN,31.48148,1.0768774,1.5573990563980592e-217,8.428277246389498e-217
CCND3,-31.471321,-0.2862979,2.1447995112503926e-217,1.1597118187020273e-216
PSMC1,31.462137,0.46575361,2.8643755851794792e-217,1.5474554111297772e-216
CKS1B,31.455599,1.5081304,3.5193012345357698e-217,1.8996331771575302e-216
TCIRG1,31.447731,0.44369456,4.508384501993039e-217,2.4314184003852116e-216
EPC1,31.430628,0.22396211,7.722869228638927e-217,4.161435822081407e-216
AK2,31.415886,0.50378,1.227898826379325e-216,6.610787485222941e-216
ADAR,31.413918,0.27627316,1.3062957545342025e-216,7.026815339953544e-216
DUSP2,-31.40497,-0.24321821,1.730683908316717e-216,9.301682586279536e-216
TSEN54,31.374779,0.31129855,4.4690786188455e-216,2.399876037725103e-215
TRIM69,31.3607,0.6515153,6.953340415718237e-216,3.730711632995994e-215
TMEM70,31.333235,0.57898927,1.646232904224781e-215,8.825049741928218e-215
SQSTM1,31.317188,0.20119826,2.722817075607392e-215,1.4583855843321784e-214
THEMIS,31.295387,0.25974134,5.391750891806238e-215,2.8854399982155544e-214
TSTA3,31.291779,0.5763961,6.037089899913564e-215,3.22803712938968e-214
PHF19,31.25064,1.0913727,2.188214397128327e-214,1.1690409281327767e-213
ELOVL1,31.239597,0.45767736,3.0910586634175616e-214,1.6499712455921728e-213
VCP,31.231424,0.22984245,3.9909071747435575e-214,2.1284838265298975e-213
UBE2K,31.20297,0.45052466,9.710660757463396e-214,5.174607640433646e-213
C1D,31.187613,0.42734548,1.5686266840512147e-213,8.351768966318638e-213
CTNNA1,31.181385,1.0435733,1.9051938219429403e-213,1.013511271264884e-212
PARP9,31.158127,0.67298156,3.936617429632083e-213,2.0923941070329914e-212
DOCK8,31.147938,0.25920713,5.408727905899574e-213,2.8724110169191624e-212
TUFM,31.134737,0.28154397,8.162610470482271e-213,4.331237582980245e-212
EXOSC9,31.134651,0.58436793,8.184597329416726e-213,4.3392238044772066e-212
PSMC5,31.106226,0.3045418,1.9841094637338276e-212,1.051023607546048e-211
CD244,31.08206,0.8016695,4.209601169197074e-212,2.2280257964887393e-211
GNB1,31.051235,0.3333596,1.0978722943611662e-211,5.805823392665643e-211
GNG2,31.040485,0.19778821,1.533346585634188e-211,8.101871824094156e-211
MCM7,31.021223,1.2350723,2.789315367293857e-211,1.4725702057207062e-210
FAM49B,31.009495,0.26764408,4.014752984257427e-211,2.1177314223873914e-210
JOSD2,31.00364,0.6039577,4.8147117816413005e-211,2.5375599752272938e-210
MTCH2,30.999325,0.5644997,5.5047802300777865e-211,2.8988135622362485e-210
YIF1A,30.997017,0.55070007,5.9134762460040465e-211,3.111413574011885e-210
ADD3,-30.97923,-0.53210294,1.026709283697409e-210,5.397557377152093e-210
RASGRP1,30.96022,0.36256734,1.8509648123199308e-210,9.722616176216193e-210
TMEM14A,30.947779,0.63396853,2.7216619883277927e-210,1.428415889176063e-209
CLSTN3,30.935547,0.80089873,3.9752680079591785e-210,2.084599887493095e-209
DGKZ,30.934158,0.3497406,4.1500746194819014e-210,2.1744444572427785e-209
NDUFC1,30.922794,0.36336163,5.900065481979363e-210,3.088770682448778e-209
ARHGAP30,30.918541,0.32128832,6.73014535606011e-210,3.5203837247083654e-209
LSM7,30.89933,0.26205808,1.2194747770233122e-209,6.373462159613902e-209
CCDC124,30.890268,0.46074507,1.6139058603746326e-209,8.427875678216779e-209
PHF5A,30.885324,0.41865137,1.8804488942229454e-209,9.811583221233316e-209
IRF4,30.85294,0.5131251,5.115377309326311e-209,2.6668167039287835e-208
LAMTOR2,30.845844,0.4841348,6.368839608443348e-209,3.3175237793856438e-208
MYO9B,30.812307,0.4263613,1.7928786532533716e-208,9.33132184255665e-208
OCIAD1,30.78705,0.27322534,3.9060000044381924e-208,2.031249877619728e-207
TMX4,30.756311,0.27192798,1.0068408763899103e-207,5.231558573667175e-207
STAMBP,30.701612,0.7135869,5.416522588497971e-207,2.8120967065264155e-206
TDG,30.695477,0.4416579,6.54061765879632e-207,3.392877618029003e-206
MXD4,30.656832,0.47904345,2.1429425112778075e-206,1.1107082311975116e-205
SLC25A11,30.654097,0.58583254,2.3305450151867185e-206,1.2069445045536515e-205
KPNA2,30.633112,0.3506964,4.436248562772552e-206,2.2955476433999244e-205
FOXP1,-30.629148,-0.44419387,5.009698407377359e-206,2.5901382840126246e-205
DDRGK1,30.601288,0.45881763,1.176613685824196e-205,6.0783610392371345e-205
EIF4E2,30.598274,0.4527165,1.2904301458296631e-205,6.6608341520712646e-205
LSM4,30.588724,0.4131808,1.728853113805889e-205,8.916492234105229e-205
EIF2AK2,30.587437,0.4648391,1.7983735951631309e-205,9.267401327298638e-205
IFITM2,30.568117,0.1838489,3.2487223651761096e-205,1.6727577873696907e-204
BNIP3L,30.467287,0.41364607,7.071411918726696e-204,3.6380553423975506e-203
IER5L,30.462317,0.4988711,8.228899143247992e-204,4.2300733804568146e-203
SMARCE1,30.454323,0.38205677,1.0499743490042991e-203,5.392971697348847e-203
CDC5L,30.440247,0.4187917,1.6125646045501414e-203,8.275803253540348e-203
SMARCA2,30.436798,0.2975415,1.7912983232801e-203,9.185542877410086e-203
FIP1L1,30.418623,0.36730364,3.11592413345312e-203,1.5964964274269222e-202
ADH5,30.3742,0.38810924,1.2040433713638997e-202,6.16407146583679e-202
COPB2,30.356155,0.39492857,2.0838481476694117e-202,1.0659488153573049e-201
NFATC3,30.330702,0.39289764,4.5151573763873575e-202,2.3077471034868717e-201
TIMMDC1,30.299658,0.6601864,1.1583345777404192e-201,5.9155437700767855e-201
ARHGDIA,30.295767,0.21400596,1.3033859067474916e-201,6.650882734594052e-201
ST8SIA4,30.29491,0.421452,1.337732028867061e-201,6.820579928763109e-201
SLC1A4,30.287426,1.1635028,1.678536027201878e-201,8.551238913823249e-201
SEC11C,30.2718,0.34346333,2.6955200941098123e-201,1.3721052651546774e-200
RPS19BP1,30.240757,0.32155406,6.90239029545638e-201,3.510679161656513e-200
POLR1E,30.211023,0.67023003,1.69721281484449e-200,8.625315491199943e-200
RBM8A,30.187344,0.19354889,3.472490498499316e-200,1.7633036167704318e-199
DNAJB6,30.1828,0.21657279,3.9834299148846936e-200,2.021114156327546e-199
IL21R,30.108936,0.45612,3.701431530056392e-199,1.876511803244148e-198
NFKBIA,-30.106647,-0.29879317,3.9657695121661166e-199,2.008895066243824e-198
ARL8B,30.090082,0.4530638,6.53282904000551e-199,3.3065840189542447e-198
SCP2,30.081654,0.30340368,8.420813573221111e-199,4.2587396696904824e-198
MRPL37,30.080364,0.5974148,8.754143549404484e-199,4.423741683770149e-198
MPDU1,30.080223,0.7170712,8.791359777743782e-199,4.438962612555698e-198
MLEC,30.068068,0.4171393,1.2676173873962261e-198,6.395334173831283e-198
NAA10,30.054752,0.35127023,1.892416880085824e-198,9.539854957144976e-198
FAM104A,30.032663,0.58436334,3.677446943319893e-198,1.8523436455240943e-197
CYB5B,30.020515,0.47459793,5.2983720908006604e-198,2.66666257442067e-197
PNKD,30.018312,0.4673218,5.661093793854775e-198,2.846929483469089e-197
AKR1B1,30.003595,0.42097062,8.808700536545907e-198,4.426283578845879e-197
MYO1G,29.994328,0.32440773,1.1636001185905648e-197,5.842281173276543e-197
SLC5A3,29.985668,0.7266389,1.5090807630347505e-197,7.570817364511146e-197
ARID4B,29.98123,0.21317692,1.7240955171207765e-197,8.642581374284919e-197
EMC7,29.96911,0.33175048,2.4803725720432433e-197,1.2423707614653748e-196
PHF1,-29.958504,-0.51752746,3.409452711493212e-197,1.7063628930481227e-196
VPS25,29.94868,0.7739144,4.57740561718106e-197,2.289068708320121e-196
ACTR1A,29.931047,0.5039543,7.765176957552303e-197,3.8801075915692657e-196
THYN1,29.925362,0.45162997,9.20769889555692e-197,4.597235777382609e-196
SNRNP40,29.924862,0.42476556,9.346428432587228e-197,4.662779607198222e-196
SYF2,29.89643,0.26415077,2.189755761322533e-196,1.0915627125763958e-195
COA6,29.881405,0.66195977,3.432755435877194e-196,1.7098183126471118e-195
NUDT22,29.873667,0.52649605,4.326762549964794e-196,2.153399086124085e-195
PTPN1,29.86416,0.29379174,5.749084413087746e-196,2.859004140562555e-195
NASP,29.858835,0.28264382,6.741583581703264e-196,3.3499084104158553e-195
CASP4,29.812906,0.29496685,2.6579619063076534e-195,1.3196991814175143e-194
RPS11,-29.798737,-0.108351834,4.056594970357703e-195,2.012534348497842e-194
KIF21A,29.798302,0.42134616,4.109708044155794e-195,2.0372689004943462e-194
APOL6,29.773384,0.36181915,8.639692023863274e-195,4.279486405486037e-194
FAM102A,-29.772427,-0.83985174,8.88980191662435e-195,4.399889303038128e-194
RAB8A,29.752571,0.34425107,1.606275601362682e-194,7.943762974011809e-194
PCNA,29.69556,0.7194613,8.762228269484895e-194,4.329897318633294e-193
SSH1,29.693687,1.0525421,9.264032425353065e-194,4.574253105999114e-193
HAT1,29.684267,0.51130104,1.225743725064652e-193,6.047517936912037e-193
SC5D,-29.670671,-0.87547904,1.8358186753402092e-193,9.050340136271354e-193
MRPL22,29.587673,0.4979779,2.152931846425375e-192,1.0605308371052871e-191
RAPGEF1,29.585312,0.56510097,2.3089606745311e-192,1.1364955137581874e-191
CTSB,29.558615,0.53514874,5.089587859825248e-192,2.503180947410908e-191
DYNLT1,29.556736,0.29917297,5.380575945266405e-192,2.644217055269963e-191
NDUFAF3,29.542347,0.3096393,8.235367549916865e-192,4.0439921030047025e-191
ST13,29.538486,0.23180947,9.231609277377175e-192,4.529642952099734e-191
RARA,-29.538218,-0.9745307,9.305255284314828e-192,4.562200396447771e-191
HSH2D,29.52476,0.7800331,1.3852738663738569e-191,6.786431721248902e-191
GMDS,29.514078,0.637217,1.8993816581480442e-191,9.297755597319377e-191
CYB561D2,29.503239,0.4684485,2.6163729552269086e-191,1.279752088186047e-190
CCDC50,29.479513,1.407774,5.2711813069369047e-191,2.5762898637654124e-190
GTF2I,29.469496,0.4100565,7.084393329917274e-191,3.459794275719162e-190
ITGA4,29.457754,0.21644968,1.0016578996968667e-190,4.887965538614351e-190
DCAF7,29.455276,0.38529944,1.0775719784522457e-190,5.254318236318978e-190
IGF2R,29.4228,0.46341604,2.806388681825182e-190,1.3673495010512724e-189
HOPX,29.421432,0.3574491,2.9216071145269555e-190,1.4223793080529675e-189
ABCB1,29.399775,0.72485226,5.528231758444871e-190,2.6893170980428546e-189
G6PD,29.398375,0.516862,5.760607251664967e-190,2.8001832918738177e-189
FARSA,29.368155,0.633623,1.401439823190201e-189,6.806993426923834e-189
MIF4GD,29.353798,0.5607659,2.1372134603152725e-189,1.0372697756192663e-188
KXD1,29.34669,0.4309122,2.633626371515229e-189,1.2772067116433545e-188
FBXO6,29.320663,1.0959094,5.655671278492348e-189,2.7406568178348667e-188
SLFN12L,29.308022,0.39417163,8.19659485862855e-189,3.968877510493824e-188
ARPP19,29.304464,0.35379612,9.09840450429792e-189,4.4021360076479345e-188
TMUB1,29.302208,0.35989854,9.720741822176069e-189,4.699610574925308e-188
PBDC1,29.300184,0.43931234,1.0315355565208214e-188,4.9832327734318606e-188
C16orf87,29.297594,0.94160837,1.1129370173724499e-188,5.372325602378122e-188
MRPS18C,29.279818,0.43951005,1.874348848773589e-188,9.040806783290341e-188
CBX5,29.273317,0.6170743,2.267855444859908e-188,1.0930434255041282e-187
SON,29.26494,0.16930681,2.8988314557159896e-188,1.39608079961195e-187
NCF4,29.247185,1.2145226,4.876180870208828e-188,2.346568271078956e-187
PSMD6,29.21245,0.33579737,1.347506626096045e-187,6.479632169759306e-187
KMT2A,29.186962,0.23809865,2.838696667957346e-187,1.3639697661091519e-186
GRB2,29.16263,0.24279916,5.778114820597124e-187,2.774204629137038e-186
CHMP5,29.127342,0.41258165,1.6179402464127543e-186,7.76214277726855e-186
MAGOH,29.123411,0.24679732,1.8144014094161047e-186,8.698003997936514e-186
TMBIM6,29.122574,0.17034855,1.8592955891065436e-186,8.90639602255018e-186
PRMT1,29.092823,0.3514866,4.424674743319274e-186,2.1178856307731737e-185
MFF,29.079483,0.37779954,6.525256418472827e-186,3.120948329813915e-185
SEC13,29.070375,0.3517776,8.505915730422273e-186,4.065164920513502e-185
AGTRAP,29.063477,0.51261926,1.0397478883059643e-185,4.965391442169552e-185
RHOG,29.062466,0.2344484,1.0707600005499417e-185,5.109591581571651e-185
CAPRIN1,29.023495,0.35015184,3.325255365953505e-185,1.5855790830339272e-184
CD5,-29.002678,-0.47078654,6.087228506945041e-185,2.9003580761194346e-184
ITGB1BP1,28.987034,0.38783306,9.586704053981846e-185,4.5642633608607636e-184
B3GNT2,28.977148,0.36698502,1.2771013745916063e-184,6.075700531897406e-184
RRP7A,28.970406,0.46549344,1.5530287630800773e-184,7.382787189839638e-184
AOAH,-28.94313,-0.48011833,3.424493450082052e-184,1.6266993943594016e-183
PSMD1,28.940546,0.47869298,3.690694109351001e-184,1.7518196015250273e-183
MATK,-28.894835,-0.40848416,1.386391685494707e-183,6.575637895720157e-183
NDUFA9,28.813353,0.46311358,1.4593731369037117e-182,6.916544200355773e-182
GOLGA7,28.777784,0.3287342,4.0693329179068196e-182,1.927157209267605e-181
KDM5B,28.762745,0.724846,6.275684159164674e-182,2.9697942586788353e-181
CHCHD5,28.743248,0.5108236,1.1000629364345745e-181,5.201809319980875e-181
HNRNPM,28.736378,0.23534039,1.3404602089535418e-181,6.333775730523684e-181
PPP1CC,28.726166,0.27879882,1.798203100544724e-181,8.490232903402107e-181
NGRN,28.716047,0.35313907,2.4054619960550742e-181,1.13488463403624e-180
DNAJA1,28.71384,0.17137359,2.563082263083232e-181,1.2083378024000528e-180
PDCD10,28.709572,0.31845155,2.8977519656852283e-181,1.3650855645577401e-180
RALBP1,28.695913,0.36192006,4.290683651432979e-181,2.0197529663931314e-180
ITM2C,-28.69232,-0.4097898,4.7571722830527644e-181,2.237659383667526e-180
RIOK3,28.690031,0.34407413,5.080361438463861e-181,2.3878843846002943e-180
PHTF1,28.689459,0.7432178,5.164730863554704e-181,2.4257174386184852e-180
XRN2,28.685587,0.28607807,5.772297140487598e-181,2.7090390780863025e-180
YWHAQ,28.628008,0.20023216,3.0116211025571142e-180,1.4123464480957502e-179
RABL6,28.61803,0.50360954,4.0086637411217855e-180,1.878516881232801e-179
COA3,28.614922,0.5515932,4.382089452962945e-180,2.051972426477259e-179
ZNF706,28.59515,0.26447955,7.719678373843098e-180,3.6121397088079596e-179
HSD17B7,28.580372,0.6136393,1.178391128561597e-179,5.50972713025512e-179
LSM3,28.573418,0.35807082,1.4378426346093459e-179,6.717806961998557e-179
NDUFV1,28.572206,0.2905894,1.488499080024156e-179,6.949291227336657e-179
UTS2,28.56491,0.8407033,1.8339435925971235e-179,8.555668244062345e-179
VPS26A,28.515024,0.40223098,7.629223229064765e-179,3.5565141967980005e-178
CAPZA1,28.51423,0.22400358,7.804159026795361e-179,3.635355090962902e-178
SFT2D1,28.504961,0.39062643,1.0168145759213949e-178,4.73302975220554e-178
CD58,28.4727,0.34377137,2.55197479680877e-178,1.1870003218465178e-177
ARL4A,-28.451395,-0.60201555,4.683246183257462e-178,2.1767004548632006e-177
COX20,28.44947,0.38056847,4.947214835178756e-178,2.2976819605700295e-177
CIAO1,28.43038,0.40428323,8.51993028599322e-178,3.9540566668526406e-177
SNX6,28.430294,0.23802589,8.540980274139705e-178,3.96088751630971e-177
SUGT1,28.413961,0.33724353,1.3594217437245821e-177,6.299661058326656e-177
ARHGAP18,28.412605,0.43630236,1.4129098351165094e-177,6.542682404506945e-177
CSNK1A1,28.395678,0.24601068,2.2864891368782217e-177,1.0580085828631772e-176
SERTAD1,-28.331049,-0.45338103,1.4330501689439763e-176,6.626135888332237e-176
GHITM,28.313564,0.22802943,2.352856876863024e-176,1.0871102379361211e-175
CD99,28.311512,0.15979397,2.4938086571316552e-176,1.1513850154255083e-175
CASP3,28.30373,0.4002666,3.1092120466881714e-176,1.4344565312744248e-175
NCOA4,28.296638,0.38720343,3.801152484380517e-176,1.7523957216127128e-175
PHIP,28.278273,0.28762147,6.394681836913508e-176,2.9458858300243675e-175
STXBP2,28.254553,0.37784526,1.2513375067195584e-175,5.760388110402911e-175
AP1S1,28.241837,0.84584653,1.7930007606187783e-175,8.247803498846381e-175
PSMD11,28.227541,0.38230914,2.6858427993893106e-175,1.2345799083746897e-174
SSRP1,28.227057,0.4788558,2.7228894646957743e-175,1.2506899039013776e-174
SLC2A4RG,28.202286,0.4158625,5.482037944548649e-175,2.5161870418999518e-174
MEAF6,28.19815,0.26638618,6.161000793834577e-175,2.8257493377000816e-174
COMT,28.194557,0.456765,6.818723696349005e-175,3.1251234757772434e-174
PIGT,28.159246,0.43385935,1.8465584260295362e-174,8.456859087291932e-174
COMMD4,28.149466,0.6384419,2.4327485602292905e-174,1.1133339424136388e-173
ETFA,28.145798,0.37751102,2.697611885794154e-174,1.2336447337374436e-173
IP6K2,28.145546,0.49235454,2.7168772297803467e-174,1.241547403177929e-173
CAPN1,28.143473,0.4944506,2.8803881419219887e-174,1.315307169041165e-173
GALNT1,28.130714,1.0265025,4.12612496584935e-174,1.882789043497705e-173
LARP7,28.115969,0.43307355,6.249974368604561e-174,2.8498425400867446e-173
TEX264,28.115234,0.37676823,6.38046859208368e-174,2.907225893086344e-173
MRPS16,28.104647,0.5040495,8.59563104932169e-174,3.913702172092903e-173
MRPS7,28.095505,0.37792698,1.111648008198999e-173,5.057796319485773e-173
HCFC1R1,28.090773,0.5255786,1.2699367240147682e-173,5.7737820824392366e-173
SH3BGRL,28.0846,0.22401929,1.5106909601349808e-173,6.863386090489789e-173
CEP57,28.059734,0.3349988,3.0388825774230798e-173,1.379626226731407e-172
MGAT1,28.058496,0.3708909,3.1464045545907767e-173,1.4274044157737418e-172
KRR1,28.010223,0.3301293,1.2198089077051176e-172,5.529800381596533e-172
ZNRD1,28.008844,0.3020991,1.2678999157866948e-172,5.743650885707142e-172
TSEN15,27.987673,0.5127143,2.295338057050162e-172,1.039047386751506e-171
AKT1,27.984922,0.6420272,2.4792403543909528e-172,1.121484284676052e-171
FUBP1,27.963627,0.31626418,4.50166553594614e-172,2.0348569069999316e-171
H3F3B,-27.959364,-0.09184173,5.072346099473528e-172,2.291162252585299e-171
ZDHHC24,27.946692,0.63009036,7.23170503411215e-172,3.264180858110073e-171
EIF4G3,27.946424,0.604696,7.286150757883258e-172,3.2863849416955776e-171
SECISBP2L,27.933971,0.37939113,1.0322538767323802e-171,4.652579432880239e-171
LGALS9,27.927792,0.9559354,1.2270213677409253e-171,5.526454770761144e-171
ATP6V0E2,27.919441,0.38899243,1.5496608582477275e-171,6.97458872604157e-171
RAB11A,27.91596,0.27631742,1.7080382078675234e-171,7.68187421166012e-171
USB1,27.911463,0.6675251,1.9368554157997537e-171,8.704718018134526e-171
GZMM,-27.904469,-0.20761028,2.3549213082694757e-171,1.0576014145393998e-170
LSM1,27.883827,0.40086958,4.191276831169214e-171,1.8809632608174032e-170
OAS2,27.874252,0.6138001,5.475556875043986e-171,2.455561563460586e-170
TMEM208,27.86687,0.44668454,6.7282319349071445e-171,3.0151732797119693e-170
TSC22D3,-27.859205,-0.18542877,8.332513017610755e-171,3.731438900370285e-170
RABGAP1L,27.846786,0.23224537,1.1781388011983094e-170,5.272128998781562e-170
AZI2,27.839806,0.5588641,1.4312392091976138e-170,6.400166184946585e-170
ATRX,27.836617,0.21935895,1.564240639507805e-170,6.989921029114877e-170
UBL7,27.835575,0.5125183,1.6103564362107052e-170,7.190856434642522e-170
YEATS4,27.827955,0.7484574,1.9912750143021362e-170,8.885461119453754e-170
ADGRE5,27.8182,0.18201143,2.6132983992728187e-170,1.1652740403314863e-169
CHMP4A,27.80001,0.39743918,4.33652438620158e-170,1.9322860797775702e-169
N4BP1,27.79443,0.35649502,5.06520129058292e-170,2.2553664963620463e-169
UBE2H,27.772755,0.4625674,9.257160082104233e-170,4.118975353744245e-169
BTN3A2,27.771397,0.22324368,9.613401378403003e-170,4.274444848847846e-169
TBL1XR1,27.76256,0.4686002,1.2290737630522206e-169,5.460998197197935e-169
RAB5C,27.751629,0.25666863,1.665412822517086e-169,7.3944802112611e-169
DEDD2,27.738304,0.35110968,2.4114744706646933e-169,1.0699421481190298e-168
ERP29,-27.733082,-0.23659573,2.787808337691836e-169,1.236040323217585e-168
EMC4,27.733032,0.26258534,2.791611626332261e-169,1.2368500236780894e-168
DDA1,27.728289,0.52638966,3.184621893674026e-169,1.4099783840640274e-168
PTPN18,27.727888,0.49348217,3.220246206530617e-169,1.4247425932146775e-168
CNIH4,27.724203,0.4659933,3.5670923596214906e-169,1.577083378218519e-168
KPNB1,27.7144,0.26437187,4.6826632178858693e-169,2.0688376476761297e-168
U2SURP,27.671995,0.24192706,1.5175504789760557e-168,6.699926461873115e-168
SDHC,27.662092,0.3067211,1.9966329662708446e-168,8.808840505634982e-168
TAGLN2,-27.655687,-0.19016595,2.3841083495333996e-168,1.0510910383848449e-167
HERPUD1,27.643229,0.20166351,3.366169250692111e-168,1.4830109036852005e-167
SF3A2,27.63037,0.2585781,4.8049265592684275e-168,2.115384979224721e-167
TSPAN17,27.617334,1.0021371,6.890595074254319e-168,3.031474176127638e-167
CNPPD1,27.616592,0.34369186,7.033488139155941e-168,3.0921645677132513e-167
PFKP,27.601324,0.5350307,1.0727186989796734e-167,4.7127304640567674e-167
MOB4,27.583101,0.28718758,1.7747813954486026e-167,7.791601691176461e-167
ZBTB8OS,27.582376,0.42163888,1.810629389338728e-167,7.943406353227969e-167
TARS,27.581215,0.5042871,1.8696795876035722e-167,8.19671723899646e-167
PDHB,27.5667,0.5149501,2.791391981422649e-167,1.222895534718494e-166
TCTN3,27.540567,0.70607966,5.740338683545449e-167,2.5130551997383014e-166
MPV17,27.526112,0.5972857,8.551036387813827e-167,3.7409289260254055e-166
MANF,27.525946,0.36592695,8.590325001767797e-167,3.755490790430422e-166
ZC3H15,27.504595,0.23195234,1.5469955081168463e-166,6.758382610879183e-166
SDHA,27.49732,0.31918767,1.890085737167228e-166,8.251483860235993e-166
PSMD2,27.49288,0.33621562,2.135880785263068e-166,9.31804058061768e-166
DAD1,27.491114,0.20313184,2.2422531130354117e-166,9.775286045400373e-166
CHIC2,27.470272,0.2876207,3.978800306846849e-166,1.7333826406430285e-165
SPAG7,27.440336,0.43654478,9.060706244831901e-166,3.944591389538509e-165
MZT1,27.422043,0.5167151,1.497563226914239e-165,6.5151290316936575e-165
MAP2K3,27.414558,0.39131653,1.8392453010914256e-165,7.996051844077803e-165
MDM2,27.38489,0.55315447,4.1509571710073247e-165,1.80336028207096e-164
PSMC6,27.364464,0.35866842,7.266281868321195e-165,3.1546050914793475e-164
NDUFC2,27.345245,0.35602432,1.2300646158043729e-164,5.336535531534089e-164
RPL36AL,-27.297632,-0.09784079,4.525134957024043e-164,1.9618325912087603e-163
EMC3,27.296625,0.3335738,4.651626425532894e-164,2.0152752713389047e-163
ITGA6,-27.28773,-1.9708912,5.9317002196972435e-164,2.5680772715865713e-163
ERP44,27.282904,0.31910834,6.76767638128022e-164,2.9279794910988284e-163
DNAJA2,27.278542,0.2602531,7.624213852206664e-164,3.296273798162052e-163
BCL3,27.276096,0.3798273,8.150445326124809e-164,3.521352621563316e-163
TIMM17A,27.224316,0.4288782,3.348342374812802e-163,1.4456335332525113e-162
CPNE1,27.209211,0.31131172,5.053611461553985e-163,2.180371951964257e-162
CYTH1,-27.197195,-0.39652234,7.010632642234663e-163,3.0226407863418367e-162
MPHOSPH9,27.19455,0.689954,7.53410085096865e-163,3.246097446533049e-162
SFXN1,27.185389,0.3608232,9.668302449821062e-163,4.16275981597251e-162
PSMD12,27.175844,0.37367252,1.2536591264699556e-162,5.394010656943634e-162
EDARADD,27.174265,1.0674428,1.308708971254345e-162,5.626998848224868e-162
ARL6IP6,27.1478,0.39554518,2.6880013476286503e-162,1.1549544251898925e-161
GGA2,27.134787,0.37848634,3.828540685008189e-162,1.6438812989300775e-161
ANKRD10,27.106724,0.3919634,8.203860718355039e-162,3.520120209467018e-161
RBM17,27.082857,0.27243102,1.5676167892175732e-161,6.721734498523056e-161
FKBP3,27.082314,0.48566368,1.5909090839680582e-161,6.816936458427515e-161
MRPL27,27.078121,0.5441591,1.7824619569867164e-161,7.632499659759684e-161
TMBIM4,27.071981,0.3073401,2.1053557594821044e-161,9.008964180109469e-161
SLU7,27.060402,0.36641583,2.8814106220782452e-161,1.2321329358661314e-160
PNRC2,27.041414,0.2300371,4.8192579685602596e-161,2.059376902412089e-160
BRI3,27.022606,0.49029383,8.018407661107047e-161,3.4241063705041425e-160
STX10,27.015362,0.47463694,9.75493964851435e-161,4.162817356146369e-160
OST4,27.010384,0.15991993,1.1161000702050796e-160,4.7595923920947365e-160
SNRPA,27.007006,0.3251979,1.2228714217397603e-160,5.211364859948188e-160
YIF1B,27.005655,0.5790586,1.2683440380053454e-160,5.401470593438693e-160
TOPBP1,26.990774,0.6240778,1.8964979309056336e-160,8.071082350847377e-160
TSG101,26.983433,0.44444904,2.312733439395598e-160,9.835799046131108e-160
CELF2,26.976517,0.179855,2.787883890035551e-160,1.1848506532651092e-159
ORMDL2,26.973154,0.43761423,3.0528549315961846e-160,1.2965825154151887e-159
SP110,26.93609,0.25612357,8.302002935424046e-160,3.5235637967444255e-159
CUEDC2,26.93352,0.5079869,8.898234347369272e-160,3.7740579035350616e-159
TBK1,26.921877,0.5835369,1.2179623516048925e-159,5.162311972655967e-159
RALGDS,26.918896,0.39077526,1.319901155168976e-159,5.590590133200482e-159
PRKCH,26.90168,0.20348793,2.0990229142396823e-159,8.884632849447532e-159
SMC6,26.884777,0.6620269,3.309052752455348e-159,1.3996912791995037e-158
FBXO7,26.858583,0.2724522,6.695906131344732e-159,2.8303776187630166e-158
FAAP20,26.82904,0.30447468,1.4815188159284749e-158,6.258191568162417e-158
TXN2,26.791594,0.37768176,4.0488601840483414e-158,1.7091544744538748e-157
RANGRF,26.780941,0.51523036,5.388088344595978e-158,2.2729521701815535e-157
GOLPH3,26.775175,0.29473242,6.289000899041368e-158,2.651212238841159e-157
MRFAP1,26.76903,0.26549646,7.415326717315343e-158,3.1239248446818034e-157
CDK4,26.76486,0.6026636,8.292302564824165e-158,3.49102589808479e-157
PDZD11,26.728214,0.6649354,2.2127775954388896e-157,9.309439567629922e-157
ANXA11,26.704157,0.20705979,4.2116020035209857e-157,1.7706842832007583e-156
PPP6R1,26.70036,0.38025096,4.661711298691147e-157,1.958607514077355e-156
TNFSF8,-26.693724,-0.8864791,5.566624368347858e-157,2.337235036804309e-156
DNAJC9,26.675686,0.4828674,9.014224203176279e-157,3.782225795779396e-156
PPM1B,26.648773,0.3844927,1.8492884494043502e-156,7.754121005009126e-156
TXNDC15,26.616013,0.50460935,4.430365897712535e-156,1.8564212361747903e-155
BEX2,-26.607252,-2.1435997,5.595347342255816e-156,2.3430048844144837e-155
PLK3,-26.603792,-0.5355065,6.135696083749852e-156,2.5675528227383995e-155
LBR,26.602201,0.27558252,6.401277028596306e-156,2.6768976665039096e-155
GMPS,26.597992,0.4883474,7.160886015204949e-156,2.992551964670819e-155
SDHB,26.59327,0.38465276,8.120906843275171e-156,3.39148152279903e-155
PEF1,26.592222,0.43207932,8.350627143156637e-156,3.4850916215869198e-155
ITPA,26.577177,0.4635317,1.246406954961575e-155,5.198347940159743e-155
SERPINH1,26.576427,0.8158989,1.2715382153860385e-155,5.2996289643271535e-155
IK,26.571115,0.21828355,1.464618568658603e-155,6.10030210754209e-155
MT1F,26.569794,0.12558283,1.5170259277118086e-155,6.314380707761194e-155
DENR,26.562435,0.34494156,1.8450864925019326e-155,7.674774665619741e-155
VMA21,26.560925,0.50805616,1.9206775607453705e-155,7.983892903669793e-155
NELFCD,26.535112,0.388202,3.814825548766533e-155,1.5846977844012902e-154
CAB39,26.510166,0.37596312,7.39995025743036e-155,3.071936881916678e-154
SCAMP3,26.497524,0.3716511,1.0350577730993077e-154,4.2939797271281623e-154
NDFIP1,-26.491316,-0.31122345,1.220377264773051e-154,5.059430197760243e-154
PPP1R16B,26.488008,0.30234587,1.3323240401749318e-154,5.519880261810843e-154
BLOC1S2,26.483145,0.3570673,1.515757490196507e-154,6.275697457756022e-154
MRPL54,26.472519,0.2651396,2.0090569445391354e-154,8.312605982167217e-154
GBP3,26.470694,0.6820161,2.1086916093297317e-154,8.719084407116195e-154
OAS1,26.4645,0.9294967,2.4847903631714715e-154,1.0267403244386213e-153
CCDC85B,26.456257,0.21527559,3.0913773988984557e-154,1.2765450169972764e-153
TRIM26,26.446016,0.5381597,4.05470067724209e-154,1.6732326805294536e-153
GPS1,26.443083,0.4135572,4.382392840731025e-154,1.807267607884858e-153
FRG1,26.405003,0.37693408,1.2004023484767247e-153,4.947112708873775e-153
AFTPH,26.401312,0.4418881,1.3234790450821172e-153,5.450747140246034e-153
RPN1,26.398294,0.23331933,1.4333799018960728e-153,5.899489912014363e-153
HDGF,26.396816,0.43818474,1.4904578684527457e-153,6.130017843967306e-153
AASDHPPT,26.396793,0.3749341,1.4913502491237597e-153,6.130017843967306e-153
RFC2,26.389132,1.0947717,1.8261661065332128e-153,7.501310021320932e-153
RBBP7,26.381098,0.3330457,2.2580118081815483e-153,9.269108839884361e-153
KLRC2,26.369507,1.2408525,3.066779694828169e-153,1.258083525957051e-152
ADD1,26.356041,0.30941826,4.376116231336817e-153,1.7940355926109522e-152
SYNCRIP,26.351608,0.29895258,4.919106174340334e-153,2.015319464746112e-152
MRPL16,26.348888,0.46082878,5.285066141991477e-153,2.1638333628467724e-152
UBASH3B,26.317421,1.2564259,1.2118406202401573e-152,4.958322380786412e-152
ALDOA,26.297375,0.17139329,2.0549797732119665e-152,8.402583961577818e-152
GADD45GIP1,26.283836,0.2693472,2.934997021904402e-152,1.199303812477723e-151
CEBPB,26.261988,0.3495204,5.2151032554510914e-152,2.129613966455746e-151
GLRX5,26.261368,0.42547488,5.300945135998221e-152,2.1632558885065148e-151
MRPS15,26.260633,0.36232632,5.404267010648913e-152,2.203982687002582e-151
SNRNP70,26.226511,0.24721232,1.3249788371105858e-151,5.4000440423217096e-151
TMEM256,26.175364,0.31500643,5.070531902042352e-151,2.065185389269333e-150
CCDC69,26.16255,0.38391206,7.09394780445566e-151,2.887425989894249e-150
EAPP,26.136599,0.31348115,1.399713018411393e-150,5.693501068388605e-150
MT-ATP8,-26.12979,-0.13827348,1.672815621738149e-150,6.799957459125316e-150
MRPS24,26.103373,0.33510965,3.338152815956438e-150,1.356070390689836e-149
CD84,26.09905,0.3445811,3.737464696447436e-150,1.5167953735215383e-149
NDUFS2,26.099037,0.38155264,3.738648443047014e-150,1.5167953735215383e-149
DCTPP1,26.089682,0.7966744,4.774246003574049e-150,1.9356891120129132e-149
GPBP1,26.0625,0.19749102,9.709073474675211e-150,3.933935470049749e-149
YY1,26.0585,0.25157005,1.0777340142402026e-149,4.363950804586866e-149
GLRX3,26.045122,0.49950707,1.527890852575663e-149,6.180306692315035e-149
VDAC3,26.045113,0.3122245,1.528282361414859e-149,6.180306692315035e-149
LPIN1,26.03688,0.34359774,1.8942299798501e-149,7.65523433717198e-149
SAMD9,25.990135,0.34096783,6.402077875805159e-149,2.5856293861224708e-148
ACP1,25.978601,0.2677549,8.643339032194347e-149,3.4885631603488924e-148
MSI2,25.952883,0.59097385,1.687039190876038e-148,6.804717716389745e-148
DDX39A,25.950775,0.29937863,1.78200186850962e-148,7.183120933889294e-148
DUT,25.947983,0.38506594,1.9161166401084042e-148,7.718754475542935e-148
CYFIP2,25.932539,0.23375759,2.861988982132204e-148,1.152162359859657e-147
LMO4,25.93041,0.50262773,3.024672464248024e-148,1.2168714428511665e-147
LYPLA1,25.9188,0.42172483,4.088806322558455e-148,1.6439313852137336e-147
MIIP,25.910358,0.66316557,5.090397317511146e-148,2.045313141833637e-147
NDUFA11,25.907953,0.27960497,5.418045469276516e-148,2.1755643424771427e-147
BCL7C,25.866922,0.35612202,1.5697571318904863e-147,6.29916652797106e-147
UBN1,25.856806,0.35629803,2.0400326322087156e-147,8.18105394044726e-147
AGPAT5,25.848955,0.85336643,2.4997529027089104e-147,1.001822816101662e-146
MRPL33,25.805044,0.2745663,7.783524013203711e-147,3.1173960452370303e-146
RGS3,25.797878,0.87849385,9.366549275135076e-147,3.749016779606208e-146
DNMT1,25.781633,0.3354464,1.4249795888668722e-146,5.699918355467489e-146
BRD7,25.773273,0.35562754,1.7682649041282979e-146,7.068540089601681e-146
EML2,25.74973,0.57096654,3.2460051704855645e-146,1.2967438280049611e-145
PITPNB,25.74815,0.4179584,3.381030002147305e-146,1.349822826639026e-145
B3GAT3,25.737465,0.42553502,4.453155279528824e-146,1.7767180758120103e-145
CMIP,25.73707,0.6394397,4.498850453856416e-146,1.793805509198581e-145
USP1,25.729456,0.4188552,5.474151156183986e-146,2.1812923333176446e-145
POLR3GL,25.724894,0.25792405,6.15712620063978e-146,2.4518766079696032e-145
DDX3X,-25.685133,-0.29075497,1.713571173516067e-145,6.819402838114831e-145
SF3B3,25.678595,0.42066798,2.0274464343395587e-145,8.063385183234761e-145
RBL2,-25.668312,-0.30680695,2.6409319223273597e-145,1.0496613790393877e-144
RCC2,25.659634,0.9450619,3.300971092643536e-145,1.3111666765446327e-144
EIF4H,25.629845,0.22929056,7.094471452669517e-145,2.816181053800793e-144
COPB1,25.6087,0.25251606,1.2205165103741483e-144,4.84182072853562e-144
C19orf53,25.5987,0.19256936,1.5772340240380696e-144,6.252963279076149e-144
SPCS3,25.582457,0.2248632,2.391613779437166e-144,9.475576823406529e-144
RAB10,25.5618,0.30756548,4.059454035106366e-144,1.6073382559256598e-143
P4HB,25.554426,0.20966567,4.902758981976931e-144,1.94001645738442e-143
SRSF5,-25.550154,-0.17549731,5.46905318106719e-144,2.162730512057923e-143
SCNM1,25.504395,0.41651642,1.761967884736466e-143,6.9632792715801205e-143
ANKRD11,25.481571,0.22349522,3.1555873732526653e-143,1.2462976393351434e-142
OLA1,25.463572,0.324714,4.99464594692716e-143,1.9713883308502406e-142
TIPARP,-25.436716,-0.46286857,9.903391189008504e-143,3.906407016294905e-142
C1orf43,25.422907,0.24845503,1.4077505318097954e-142,5.5493934007574544e-142
WDR33,25.399874,0.2575953,2.5299730902268183e-142,9.966946884420009e-142
TMEM165,25.39285,0.30464756,3.0247904893536047e-142,1.1908803839771022e-141
SYTL3,25.360735,0.17030288,6.842215125343053e-142,2.6921319386255433e-141
BNIP3,-25.346119,-1.0072111,9.916878536458885e-142,3.899433823009854e-141
UBA2,25.323826,0.3084644,1.7460044835459102e-141,6.861183447904029e-141
CDC42SE2,-25.30499,-0.29246697,2.81476348230559e-141,1.1054086845765077e-140
IWS1,25.298538,0.393206,3.314722046144432e-141,1.3009348256386178e-140
ELAVL1,25.271795,0.3740588,6.524978816208648e-141,2.5592644184452223e-140
ANAPC16,25.271418,0.18094514,6.587759535836678e-141,2.5822696526437505e-140
GPSM3,-25.267874,-0.19532275,7.205977857236214e-141,2.8228301487081874e-140
OSTF1,25.256163,0.18956397,9.691166396721893e-141,3.7939885468017616e-140
PIM3,25.25353,0.310903,1.0358300706339374e-140,4.0526284689718027e-140
LAPTM5,25.24095,0.1397638,1.4238116303458996e-140,5.567103474652467e-140
STARD3NL,25.237768,0.47547293,1.5430003485552232e-140,6.0293630109690675e-140
PRRC2C,25.224407,0.15487415,2.1627271798044696e-140,8.445706140360027e-140
GUSB,25.21647,0.46833432,2.6428852442031903e-140,1.0314341913746202e-139
PHB,25.204641,0.30810565,3.56281995958505e-140,1.3895886326162139e-139
ATP6V1D,25.202644,0.46650344,3.7470501673443445e-140,1.4605324515206366e-139
PPIF,25.199238,0.56787974,4.083378122193993e-140,1.5906359609243848e-139
RRM1,25.193237,0.6325141,4.751047429010803e-140,1.8495676861164646e-139
TNFSF12,25.161383,0.403822,1.0608551884450791e-139,4.127307250567423e-139
NCKAP1L,25.15126,0.30842826,1.3690045397785503e-139,5.322866625764208e-139
POLR2I,25.143637,0.35786957,1.6588660101361962e-139,6.445879353672077e-139
MTDH,25.141926,0.17702678,1.7318561244541608e-139,6.725320865664326e-139
TOX4,25.123884,0.26560104,2.7273808816307767e-139,1.0584674190745743e-138
TGOLN2,25.117369,0.2318016,3.2133460174466838e-139,1.2462921689489432e-138
UPF3A,25.116123,0.36325282,3.3155697279261982e-139,1.2851427644303776e-138
SNU13,25.111923,0.17323488,3.685001954461097e-139,1.4274533886754567e-138
ACAP2,25.106113,0.21802948,4.264632579297375e-139,1.65096172129235e-138
CFAP20,25.088285,0.4828044,6.67616153460575e-139,2.5829354706551376e-138
LSM14A,25.075779,0.21322179,9.140572985661685e-139,3.534204239697126e-138
DECR1,25.073446,0.32621983,9.691695030307385e-139,3.7449811062138976e-138
ACIN1,25.068872,0.25723302,1.0871497680818861e-138,4.1982771290865926e-138
TTC38,25.064342,0.89128256,1.2181225372819498e-138,4.7011564424650695e-138
ARGLU1,25.059109,0.17370413,1.3891046561566616e-138,5.3577304124020193e-138
COQ10B,25.045637,0.2713662,1.9478126291918737e-138,7.508019598413038e-138
RPN2,25.044476,0.22137637,2.0053715259908663e-138,7.725125779925405e-138
FOXO1,25.022064,0.3520191,3.517586848373848e-138,1.3542168199031873e-137
CEBPZ,25.02063,0.25818044,3.646321486046427e-138,1.4029143429708763e-137
GARS,25.020235,0.36983463,3.682575071412671e-138,1.4159919881227825e-137
RBBP8,25.012157,0.9945982,4.5087077745303487e-138,1.7325845109006057e-137
RELB,25.011955,0.30507335,4.531442085496285e-138,1.7402517917044054e-137
MAN1A1,25.011261,0.58201367,4.6110463790540334e-138,1.7697365734577934e-137
DTYMK,25.003729,0.84740245,5.568272110136843e-138,2.135813017842801e-137
ITGA5,-24.999233,-2.2188814,6.232014673649089e-138,2.3889389582321507e-137
MEF2A,24.991756,0.5838318,7.514907300641234e-138,2.878950402499177e-137
RGS9,24.991447,0.881711,7.572919342671752e-138,2.8993992293607395e-137
MRPL34,24.989851,0.3477793,7.881647362818105e-138,3.01575448940612e-137
NHP2,24.985214,0.2903361,8.851555897219717e-138,3.384800347983286e-137
NDUFB9,24.944315,0.19571455,2.461274358000176e-137,9.406067430451498e-137
HSPA9,24.930117,0.19985007,3.5090138777874334e-137,1.3401947997215007e-136
TIMM17B,24.928522,0.32508898,3.6515982178130276e-137,1.3938010036997134e-136
ACAT2,24.919521,0.53239214,4.571504817287065e-137,1.743861837618773e-136
SMIM15,24.90609,0.48079413,6.391749343412095e-137,2.4367327173909853e-136
CD37,-24.905935,-0.115702696,6.416297221630609e-137,2.4446014262193115e-136
NMI,24.897684,0.48998514,7.882537853530209e-137,3.001409422500608e-136
ACTA2,24.897432,0.749103,7.9321252332494e-137,3.0184534950856596e-136
STUB1,24.877895,0.2186624,1.2909318386938163e-136,4.909464792017334e-136
TIMM23,24.874153,0.48202807,1.4170592291562988e-136,5.385858163792105e-136
PDS5A,24.86777,0.30172023,1.6613776144380489e-136,6.310612237962619e-136
PREP,24.857891,0.52941394,2.1246936838169908e-136,8.065584760897509e-136
TSC22D2,-24.850458,-0.78096986,2.556490102884719e-136,9.698849050119345e-136
PNKP,24.84322,0.4271874,3.061196433159949e-136,1.1606572658090086e-135
TIMP1,-24.8381,-0.7724574,3.4770259249824036e-136,1.3175211500115031e-135
MRPL4,24.823853,0.37384063,4.955669853622671e-136,1.8766749760450018e-135
COPS2,24.797281,0.28758553,9.591254786335591e-136,3.629938895542375e-135
ABCA2,24.796736,0.9372049,9.721957545961331e-136,3.677180556682835e-135
TMOD3,24.792217,0.23225918,1.0876619230411183e-135,4.1114277888490854e-135
HAUS1,24.735704,0.713243,4.418463564801344e-135,1.66919734670273e-134
ILKAP,24.723537,0.3894267,5.972555071082542e-135,2.254936905533638e-134
ERLEC1,24.71814,0.33224428,6.826526975828913e-135,2.5757993221221763e-134
MAPKAPK3,24.711279,0.6521631,8.090105383935644e-135,3.0507353394756713e-134
E2F4,24.703627,0.36981463,9.777019832737417e-135,3.6846407273256193e-134
SNRPA1,24.684498,0.28779685,1.569213662371964e-134,5.910295407464784e-134
AKR7A2,24.676376,0.46302843,1.9181239028063564e-134,7.220086122717549e-134
MDFIC,24.646576,0.29868427,4.0047332844055126e-134,1.50653105395315e-133
WARS,24.63483,0.8389008,5.351492320294246e-134,2.011955285802933e-133
TOR1AIP1,24.629396,0.28937206,6.119279104684607e-134,2.2992318365709853e-133
XRN1,24.625515,0.24069366,6.734066551920737e-134,2.528710705211052e-133
GLUD1,24.623816,0.21426718,7.022510800793001e-134,2.6354425656725265e-133
EXOSC1,24.615913,0.42791286,8.533389982978339e-134,3.200532837740557e-133
ARIH2,24.599155,0.248223,1.289726438665026e-133,4.83434907147298e-133
MRPS11,24.581638,0.5890259,1.98553543992517e-133,7.438029767767583e-133
GNGT2,24.577597,0.98048586,2.1933601563379755e-133,8.211646402184544e-133
NME1,24.55661,0.864488,3.676117331924411e-133,1.3754659107965978e-132
PPP1R15A,-24.536812,-0.2623837,5.9811789635142396e-133,2.2365962699190125e-132
DNAJC21,24.536366,0.34999743,6.04708737096755e-133,2.2598911943114097e-132
YTHDF2,24.528563,0.25916764,7.325283378268815e-133,2.7359386754895345e-132
CIB1,24.525522,0.16450651,7.893285297844999e-133,2.9463241541359377e-132
PWP1,24.524172,0.34422085,8.159700010884727e-133,3.0439524906437e-132
PAFAH1B1,24.519651,0.2173713,9.117830363136985e-133,3.3993532033244915e-132
USP48,24.498232,0.36828703,1.5426698059007136e-132,5.748029961712248e-132
C1orf162,-24.48111,-1.3123163,2.3478454454998226e-132,8.742929230385054e-132
CPD,24.468674,0.40081906,3.184833369267474e-132,1.185265767884433e-131
ZBTB38,24.467527,0.20864189,3.275610940293489e-132,1.2183247349866865e-131
PDCD5,24.447622,0.28672737,5.334194376211419e-132,1.9828116469149517e-131
KIF22,24.435802,0.5362045,7.124214259696986e-132,2.6466202142912317e-131
DAZAP1,24.409904,0.317122,1.342409252333484e-131,4.984042897684436e-131
HDAC2,24.405273,0.40978572,1.5033634475292102e-131,5.578316564497473e-131
RALGAPA1,-24.38108,-0.3629179,2.715065755337902e-131,1.0068435901241206e-130
MT-ND6,-24.341143,-0.20883635,7.194938056328636e-131,2.666559981065874e-130
PHTF2,24.341105,0.4328986,7.20190377525273e-131,2.6675612799278317e-130
MPLKIP,24.321936,0.43644595,1.1490231034404711e-130,4.2534251687121816e-130
CSRP1,24.311232,0.4272593,1.4913105314180876e-130,5.5172316289482885e-130
KLRC4,24.307896,0.6730786,1.6175399866031496e-130,5.980691581672165e-130
TERF1,24.307816,0.43521267,1.6206450199047366e-130,5.9886327492758605e-130
PSMD3,24.288204,0.4229653,2.6121498153120475e-130,9.646758704009544e-130
ADAM19,24.261965,0.8649112,4.944039671229349e-130,1.8247735801304313e-129
CD101,24.256437,0.79269004,5.655019386378311e-130,2.085955264220679e-129
TMEM9B,24.246742,0.2902623,7.156584206446008e-130,2.638278774043973e-129
AKR1A1,24.224833,0.38109192,1.2181830925367535e-129,4.4881940087808775e-129
SMIM12,24.221895,0.42228174,1.3081785353370854e-129,4.8169304985690444e-129
TCERG1,24.212654,0.30830264,1.6368607724123196e-129,6.023647642477336e-129
FAM102B,24.202549,0.7332986,2.0914448409874356e-129,7.691992313472896e-129
SUSD3,24.197958,0.42963484,2.337595739951255e-129,8.59224380090191e-129
CASS4,24.19408,0.9535639,2.5679983085608274e-129,9.433586270320925e-129
PGP,24.180996,0.5017981,3.525829287492538e-129,1.2944593909949128e-128
ZNF106,24.1792,0.39643392,3.6826715750187626e-129,1.3512488782004328e-128
CRELD2,24.177593,0.44495708,3.828840376840689e-129,1.4040577606984378e-128
SLC25A46,24.160824,0.52810186,5.746265301558519e-129,2.1059540554510894e-128
DERL2,24.154081,0.32766208,6.764663958252814e-129,2.4777364006340516e-128
EIF2S1,24.125162,0.35820237,1.361275917364452e-128,4.983114183166772e-128
HLA-DMB,24.11957,0.651676,1.558210401196807e-128,5.700680859583172e-128
PTGDR,-24.116577,-1.1360548,1.6750416706438873e-128,6.124524074545972e-128
NOSIP,-24.076677,-0.55270684,4.388318771530947e-128,1.6035819062323369e-127
HIBCH,24.074415,0.66384006,4.634335851284403e-128,1.692492999745197e-127
COPS3,24.057535,0.3292836,6.961716013384005e-128,2.5409857281056206e-127
RNASEH2C,24.054708,0.3856648,7.452578746775118e-128,2.7185616699606494e-127
NFAT5,24.045902,0.3349848,9.214009542459293e-128,3.359140075619192e-127
TTC1,24.035366,0.39680353,1.1874927328011371e-127,4.326706194760579e-127
PFDN6,24.024971,0.4996802,1.5251665088397919e-127,5.5538077295120705e-127
WAPL,24.017996,0.2786702,1.8038701685658393e-127,6.5648701422617166e-127
PBX4,-24.014627,-0.5753642,1.9561276170918406e-127,7.114845565422415e-127
VDAC2,24.013754,0.20125048,1.9976639457009355e-127,7.261699967638032e-127
MITD1,24.002422,0.44997862,2.623513769903528e-127,9.531185914353351e-127
LPCAT4,23.998537,0.50604934,2.8803101493454018e-127,1.0458050083752081e-126
ZDHHC12,23.997341,0.49052435,2.964375959215934e-127,1.0757039443651324e-126
GRHPR,23.992628,0.42198792,3.3199373675750615e-127,1.2040306186405555e-126
ABRACL,23.984453,0.17658632,4.040512609101983e-127,1.4645102481194675e-126
PPP2CA,23.982426,0.21174788,4.242174815733731e-127,1.536713702792717e-126
PRKAG1,23.97388,0.51399463,5.208798365077334e-127,1.885777926615961e-126
HNRNPC,23.948572,0.14422032,9.562167632068748e-127,3.45985660533384e-126
CSNK2A1,23.935522,0.39716208,1.3076312750324173e-126,4.72863656451029e-126
MAP1LC3B,23.931904,0.15645269,1.4261630142791971e-126,5.1542899002487915e-126
AGFG2,23.926523,0.6370808,1.622453815763173e-126,5.860318170562592e-126
CHMP1A,23.923689,0.48494852,1.7365313902000625e-126,6.268748053717018e-126
RHEB,23.903858,0.26797122,2.7924204144637002e-126,1.007461482865335e-125
MFSD6,23.903217,0.6672966,2.835722017244935e-126,1.0224943481201334e-125
NFKBIZ,23.86418,0.26447675,7.215675662192574e-126,2.6003033953154804e-125
SMIM7,23.848087,0.3443751,1.0599713970142924e-125,3.8176056762932717e-125
NLRC3,23.845764,0.42896256,1.1204591775997681e-125,4.0331372929022724e-125
TXNDC9,23.83106,0.4676072,1.5918155048667775e-125,5.726508222223439e-125
SSBP4,23.830303,0.23416953,1.6208880030230023e-125,5.827744452248221e-125
FAM118A,23.827198,0.39162013,1.7455544611735555e-125,6.272365714590329e-125
KDELR2,23.820814,0.26992878,2.0328669300857355e-125,7.300582959022022e-125
PARVB,23.80906,0.91403604,2.6908680693000233e-125,9.658101343396985e-125
WASF2,23.795689,0.2083993,3.701223977371815e-125,1.3276867661948437e-124
USP39,23.775692,0.4795834,5.96045994887951e-125,2.136884667059611e-124
RSRP1,-23.744297,-0.19227879,1.2584035645828442e-124,4.508919072182287e-124
PDIA4,23.737392,0.3671305,1.4829471510276457e-124,5.3104278058551525e-124
ATRAID,23.73265,0.23473984,1.6599202378231453e-124,5.940767166945994e-124
WBP1,23.705133,0.42119566,3.191929493637512e-124,1.14172160732969e-123
SUCLG1,23.68872,0.33283868,4.712515785650839e-124,1.6846570717160943e-123
ITSN2,23.679972,0.1992658,5.799838173524233e-124,2.0721751920940948e-123
USP22,23.662167,0.36710063,8.846634985661595e-124,3.1589354149714006e-123
IST1,23.643284,0.30473718,1.3838534913059568e-123,4.938612345470659e-123
DAXX,23.639269,0.37309837,1.5219358474550023e-123,5.428295702211229e-123
EMC6,23.636177,0.32069674,1.6375175655018297e-123,5.837213612409941e-123
CST7,23.63244,0.1906142,1.78895367688525e-123,6.373402165486404e-123
RAE1,23.629408,0.49363747,1.9221341912880754e-123,6.843979226350712e-123
CORO1B,23.629145,0.2958301,1.9341606762882264e-123,6.88288349878222e-123
LSM6,23.62548,0.28806165,2.1093594996572323e-123,7.502076765125439e-123
VAPA,23.623001,0.18560947,2.236879751001805e-123,7.951090751288234e-123
MTSS1,23.618196,0.9947816,2.506193143655284e-123,8.903318743161531e-123
TAB2,23.608437,0.44071105,3.157134438048485e-123,1.1209439866306085e-122
MFAP1,23.588907,0.42462432,5.00941510006471e-123,1.7775893854795702e-122
UCHL5,23.58332,0.37895676,5.71652537644323e-123,2.0273572990379165e-122
PIH1D1,23.579409,0.36480471,6.269754375549863e-123,2.222299341271385e-122
NFATC2IP,23.571644,0.37561622,7.531754556346464e-123,2.6681005948189966e-122
RRP36,23.558596,0.5950897,1.0248851325562452e-122,3.628568980912207e-122
CERS5,23.55818,0.6899005,1.0350083794701592e-122,3.6623373427405636e-122
LSM10,23.557798,0.35629764,1.0443450092641443e-122,3.693285685673537e-122
ZFR,23.531883,0.25368604,1.9245396566468411e-122,6.802214741233128e-122
SLC25A3,23.498158,0.14393432,4.2595026195663645e-122,1.5046554708078586e-121
PFDN4,23.48367,0.47370887,5.990180560235999e-122,2.114817696661197e-121
CNPY3,23.478924,0.22791244,6.697745082884592e-122,2.363287830712127e-121
ABLIM1,-23.468767,-0.43464747,8.504516786944243e-122,2.999112571540202e-121
MYL12A,23.452494,0.13099018,1.246673349620877e-121,4.393909000128568e-121
COPS5,23.44545,0.3204569,1.471013269117819e-121,5.181677371397002e-121
LIMD2,23.442068,0.15488996,1.5925891559783393e-121,5.606774203601851e-121
UBASH3A,23.42422,0.42677498,2.4215067839339685e-121,8.520217345495448e-121
POLR2F,23.405165,0.27286577,3.7861864285527795e-121,1.3314436367074866e-120
BIRC3,23.403673,0.28197858,3.9208874843709335e-121,1.3780377585519417e-120
SUPT3H,23.402857,0.5012735,3.996647336294438e-121,1.403875672984728e-120
TNFAIP3,23.400408,0.14095594,4.232946487841572e-121,1.4860445133522378e-120
PLPP5,23.389643,0.61923385,5.447656124148946e-121,1.911415407328985e-120
MRPL21,23.340279,0.35748094,1.7299723332695937e-120,6.066539751644943e-120
CPSF6,23.340229,0.2918172,1.7319835996101705e-120,6.0701901395861215e-120
RNF125,-23.335136,-0.34141147,1.9509724501634504e-120,6.833865424536699e-120
ATXN10,23.332811,0.3262697,2.059957374039391e-120,7.211579928366218e-120
ODF3B,23.322552,0.7973223,2.618140908504405e-120,9.16056461051653e-120
NAP1L1,23.320696,0.18194614,2.7341857992139654e-120,9.561244471706299e-120
HLTF,23.316786,0.55851024,2.9956277690389162e-120,1.0469635376037687e-119
GPAA1,23.314331,0.42891195,3.172454437577976e-120,1.1081448889719606e-119
ZEB1,23.308748,0.4660791,3.614271315119686e-120,1.261767932331962e-119
GPR65,23.29659,0.1839304,4.8003310761976244e-120,1.674895215431809e-119
NRBF2,23.278708,0.32071102,7.285905136605732e-120,2.540725893790717e-119
MED4,23.275917,0.262791,7.775742673817141e-120,2.7100304271532054e-119
OSER1,23.273853,0.29140982,8.159045142107551e-120,2.8420371051795565e-119
EIF1B,23.260849,0.19336943,1.1048119398129346e-119,3.846245684735514e-119
BLVRA,23.250742,0.6901521,1.3981728090329809e-119,4.864832643665366e-119
HBS1L,23.224997,0.38068697,2.5460339038420023e-119,8.853801057496147e-119
ASPSCR1,23.207417,0.7328139,3.832172828826267e-119,1.3318929565076182e-118
NDUFB1,23.203114,0.27043465,4.23534629571436e-119,1.471200800998836e-118
IMMT,23.194834,0.33152276,5.13398752188054e-119,1.7823654792943762e-118
ZMAT5,23.190853,0.7537025,5.631542959387956e-119,1.9540173463078786e-118
STRAP,23.190666,0.19225608,5.656050644006824e-119,1.9614330836422777e-118
CCDC28A,23.183458,0.4870019,6.687184985433531e-119,2.31773015340012e-118
PLEKHJ1,23.177114,0.31366906,7.748336537862406e-119,2.684030641244032e-118
ZMYM5,23.169617,0.39958307,9.221773903668205e-119,3.19266284124783e-118
ATF6B,23.144981,0.3076355,1.633192016849899e-118,5.651133438834607e-118
FLII,23.143179,0.41282564,1.70292009641161e-118,5.889147663433407e-118
BCAP29,23.139254,0.4217196,1.86509864564076e-118,6.446440401728505e-118
NSF,23.133957,0.42133418,2.1088206384702717e-118,7.284805032727786e-118
GIMAP4,-23.130613,-0.23951976,2.278684850175729e-118,7.867247473895894e-118
SNRNP25,23.117756,0.766724,3.0693184270271183e-118,1.0591095465792418e-117
PLEKHO1,23.100893,0.4249343,4.535176436398321e-118,1.5640608481867639e-117
SREK1,23.095316,0.31297478,5.160152397475333e-118,1.7786178181049965e-117
ZNF428,23.094522,0.25474542,5.255744609139204e-118,1.8105692882585277e-117
MTPN,23.066881,0.20543699,9.958847948827719e-118,3.428869167191316e-117
LRBA,23.064173,0.2698258,1.0602360166721914e-117,3.648424928658542e-117
CCDC117,23.062737,0.6467171,1.0960217116491089e-117,3.7694952325875896e-117
FPGS,23.056623,0.42074132,1.262241002359338e-117,4.338780060857153e-117
PML,23.036999,0.42840695,1.9858094402229634e-117,6.822198713912608e-117
TMED3,23.029064,0.4879989,2.3848516366085634e-117,8.188601448201522e-117
SRPK1,23.019543,0.3228611,2.9706610170926897e-117,1.0194435174400365e-116
MAZ,23.019182,0.2870548,2.9953547081068716e-117,1.0273541147980585e-116
AP1M1,23.0084,0.3378405,3.8408788065003646e-117,1.3166322089570566e-116
DYNC1H1,23.006697,0.18118876,3.99464210861001e-117,1.3685915132236703e-116
IL6ST,23.002377,0.27497575,4.4128759470677605e-117,1.5110537452028415e-116
PHF6,22.981356,0.65936226,7.161660473812771e-117,2.4509490111691845e-116
CAT,22.979948,0.45654193,7.397556025706084e-117,2.5302958172125348e-116
ERCC1,22.974398,0.4494955,8.405877840038104e-117,2.8736159435671246e-116
TOPORS,22.95526,0.385999,1.30562827567227e-116,4.4609560309151937e-116
WDR54,22.95467,0.49416444,1.3234264169809108e-116,4.519298943576735e-116
HPGD,22.94268,0.80071306,1.7434882596506614e-116,5.950497846358177e-116
CGGBP1,22.906591,0.20085615,3.993940780771314e-116,1.3623824168214473e-115
MTF2,22.89614,0.37535816,5.07650946612692e-116,1.7307162517760223e-115
HNRNPAB,22.88982,0.20864329,5.868187048712164e-116,1.999530401783404e-115
FAF1,22.883028,0.44434533,6.857051776074075e-116,2.3352050033271323e-115
TMEM14B,22.869934,0.21901014,9.257320490793177e-116,3.1509138732536514e-115
UBE2J2,22.856443,0.4156219,1.2609490424619158e-115,4.289558025906333e-115
ATP6V0C,22.851156,0.1455611,1.4232022169664764e-115,4.838887537686019e-115
PIK3AP1,22.846552,0.7510688,1.5814421386190581e-115,5.373982628571878e-115
N4BP2,22.844929,0.6158708,1.641265359964184e-115,5.574243263808868e-115
DYNLT3,-22.824127,-0.58932793,2.641572774512126e-115,8.96672776850128e-115
ATP6V1G1,-22.815668,-0.16243674,3.2052747273483738e-115,1.0874294302761077e-114
SNX10,22.808489,0.5334176,3.776757897646492e-115,1.2806177456735205e-114
SDF2,22.803324,0.29324183,4.249943466111504e-115,1.4402841995662823e-114
HTRA2,22.794617,0.5883409,5.1851266553551085e-115,1.7562616326963487e-114
BAD,22.790905,0.51818496,5.643684286987231e-115,1.910545936114292e-114
FAS,22.790308,0.25681132,5.7210822985107195e-115,1.9356998842338054e-114
SZRD1,22.787804,0.28411448,6.057979166361502e-115,2.048579333230138e-114
NEMF,22.782715,0.25578672,6.8041991248582355e-115,2.2996796177802874e-114
WIPF1,22.782526,0.142213,6.8333629713077575e-115,2.30828934927113e-114
SRP72,22.781647,0.26565436,6.971989766383512e-115,2.353846086265259e-114
EIF3L,-22.765524,-0.2272782,1.007247416410434e-114,3.398780926140062e-114
TCF25,22.755556,0.1732461,1.2642672084019685e-114,4.26374967965645e-114
BAK1,22.752121,0.48791927,1.367291117465847e-114,4.60871402525126e-114
KDM5A,22.744114,0.21940124,1.6410163791709045e-114,5.528378281148723e-114
VPS4B,22.737463,0.24304461,1.909537957843027e-114,6.429531466235725e-114
STX11,22.719368,0.44818956,2.883242421986752e-114,9.702831948331964e-114
ATP2A2,22.714994,0.4973145,3.1849990028374988e-114,1.0712555785887846e-113
DPP3,22.70739,0.8145576,3.786708628760289e-114,1.2729526696144205e-113
PXN,-22.671581,-0.672446,8.546777393189874e-114,2.871570320719434e-113
C22orf39,22.649239,0.40991932,1.4194041504340138e-113,4.766394184173478e-113
ATG5,22.621538,0.27894345,2.660400708889141e-113,8.928898516529219e-113
YIPF4,22.612764,0.3547423,3.2455995304355933e-113,1.0887115636678324e-112
RBM18,22.609058,0.43789446,3.5298452702035833e-113,1.1834250809428518e-112
SAMD3,-22.578362,-0.35729986,7.07211330922253e-113,2.3697450917244857e-112
NCAPD3,22.554724,0.7198449,1.20690268795168e-112,4.041961036309267e-112
PAFAH1B3,22.545122,0.5956167,1.4993271238485083e-112,5.01861449266788e-112
SRRM1,22.54077,0.14521956,1.654202990900361e-112,5.534060915012117e-112
TMEM120A,22.516514,0.51931655,2.8600776236510273e-112,9.563145704735876e-112
NBN,22.499428,0.3969797,4.204479682786421e-112,1.4050867999739236e-111
ERGIC3,22.497684,0.22367176,4.373047767992761e-112,1.4606399805959802e-111
RPUSD3,22.496244,0.595442,4.517273015639436e-112,1.5080074698954278e-111
SPAG9,22.487663,0.29298127,5.481037816174843e-112,1.82876653749279e-111
MAPK1IP1L,22.480566,0.17196278,6.431446346158743e-112,2.14472965573396e-111
FXR1,22.479334,0.22972712,6.612410193198143e-112,2.203901873662631e-111
CNOT2,22.46516,0.20669883,9.098288381295374e-112,3.0308249261652743e-111
POP4,22.46501,0.44685766,9.129110657002102e-112,3.0394739898991567e-111
ACBD3,22.462208,0.4509053,9.723363802714845e-112,3.235604465414046e-111
RUVBL2,22.459204,0.5618778,1.040336329522287e-111,3.46004469829422e-111
TMEM183A,22.423912,0.33019552,2.3005304204003417e-111,7.64724671095884e-111
HK1,22.414246,0.40567356,2.8584232629014664e-111,9.496705221833018e-111
LMAN1,22.406944,0.22042032,3.367731045676007e-111,1.1182869119824363e-110
GPN1,22.405247,0.45384547,3.4984577839470374e-111,1.1610796762001414e-110
NDUFA10,22.401897,0.29338804,3.771671433309177e-111,1.2510910120245076e-110
PRPF38A,22.382038,0.29412887,5.8891444220907725e-111,1.95243706966613e-110
SNX1,22.3756,0.31190735,6.803373956175125e-111,2.254338319376673e-110
ARL6IP4,22.375149,0.16184746,6.872813910404641e-111,2.2761420764156396e-110
GTF3C1,22.330149,0.46388122,1.882964115485309e-110,6.23271084998735e-110
CWC15,22.315565,0.28162816,2.6092643517127206e-110,8.632235739986663e-110
PFKL,22.314108,0.40097463,2.695701029471718e-110,8.913480782439252e-110
NPC2,-22.31122,-0.57110685,2.8754831722523084e-110,9.502917446175617e-110
ATP6V1E1,22.310993,0.3714329,2.8900242758892285e-110,9.545930237572869e-110
ANP32B,22.305696,0.18164736,3.2532961860318105e-110,1.074016936137995e-109
COX14,22.30453,0.21469751,3.339388233156774e-110,1.1018572144846402e-109
NDUFS5,22.302473,0.13845074,3.4963411355524765e-110,1.1530369079607955e-109
CDK11B,22.302233,0.33308953,3.5151367033363127e-110,1.1586246162314e-109
CD200R1,22.298132,0.9027454,3.8524440360136813e-110,1.2691358551501627e-109
INO80E,22.296774,0.29032105,3.971194612905719e-110,1.3075680788599042e-109
DTX2,22.285992,0.6764335,5.05260380701978e-110,1.6627611476441737e-109
PHF11,22.26385,0.24445675,8.282148183589202e-110,2.7241387506064167e-109
FAM111A,22.260859,0.33153918,8.853389525699182e-110,2.9104994678283806e-109
METAP2,22.245743,0.26838434,1.2401971318076106e-109,4.0749334330821487e-109
MCL1,-22.24529,-0.18659277,1.2527929942481574e-109,4.114159040428595e-109
SLC35B1,22.240553,0.53767407,1.392290530565886e-109,4.569868603997997e-109
SRGAP2,22.236927,0.84775025,1.5094590120614387e-109,4.951848756925203e-109
ATG12,22.222334,0.24061354,2.0892402711938535e-109,6.85025531267754e-109
NDUFA8,22.219511,0.4731693,2.2247665512997803e-109,7.290801228355906e-109
ID3,22.217396,0.7484578,2.332031951198993e-109,7.638320359529268e-109
UGCG,22.192842,0.46263406,4.0270947277629765e-109,1.3183414242221444e-108
TMEM147,22.188904,0.31937233,4.39583847695605e-109,1.4383036355563311e-108
REST,22.167118,0.21550782,7.133432227066105e-109,2.3328150555423704e-108
POP7,22.166002,0.57845914,7.312455619791062e-109,2.3901108859672355e-108
TOMM20,-22.155987,-0.21772495,9.133901353224365e-109,2.983900097429328e-108
RNF5,22.154469,0.30629787,9.4469768145093e-109,3.0845661248209905e-108
NUBP2,22.146936,0.3732949,1.1165627067648649e-108,3.643826965842981e-108
BDP1,22.145935,0.2050418,1.1416703376170654e-108,3.7238214974621276e-108
MED8,22.131424,0.50806224,1.5752060022505835e-108,5.134910251801988e-108
CKAP5,22.131405,0.55407023,1.575931535079894e-108,5.134910251801988e-108
EIF1AY,22.130167,0.5031596,1.619736880743556e-108,5.274895328439192e-108
TGFB1,-22.119799,-0.2213931,2.0383673970721603e-108,6.6347692175252004e-108
ELF1,22.112532,0.14924169,2.3945168950358688e-108,7.789962400075087e-108
TIA1,22.110416,0.29920927,2.5093849021175475e-108,8.159413694203418e-108
ZNF292,22.100834,0.21905853,3.102858306921055e-108,1.008388652888214e-107
MYDGF,22.095226,0.24264851,3.513082567705384e-108,1.141113423861105e-107
PPIA,22.08812,0.10721946,4.111643094125246e-108,1.3348437569718495e-107
PPP1R35,22.082504,0.3479611,4.655566342222723e-108,1.510644348389282e-107
CD9,22.072008,0.7902525,5.872518900762717e-108,1.9045349011493807e-107
CLPP,22.028763,0.24418887,1.5268764762194913e-107,4.9492949405332315e-107
HAUS3,22.009995,0.35123202,2.3101521715414763e-107,7.484366641721116e-107
MBP,-22.007196,-0.24266489,2.4572124853234824e-107,7.956688047714134e-107
ATOX1,22.006826,0.42889214,2.4773936640662077e-107,8.017886581685565e-107
HADH,21.993027,0.63016707,3.358221806386015e-107,1.0862996701525807e-106
TP53INP1,21.984522,0.8896989,4.0504198922907825e-107,1.309531103161299e-106
HIGD2A,21.969437,0.1506684,5.64655879927149e-107,1.8246318103431013e-106
CASP7,21.962643,0.608867,6.557218703012239e-107,2.1178089936006485e-106
NFYC,21.9589,0.38450652,7.120009970546865e-107,2.2983891834747776e-106
DBF4,21.954126,0.2886276,7.908628087840797e-107,2.5516440081243956e-106
PMVK,21.952267,0.38465434,8.238973258504889e-107,2.656856531196216e-106
XRCC1,21.9324,0.58001155,1.2752222996977513e-106,4.110144619736802e-106
PECAM1,21.91541,0.38918024,1.8522589820726403e-106,5.966906380971389e-106
FMNL1,21.913734,0.18587947,1.9216370977184172e-106,6.187216512262696e-106
KEAP1,21.913614,0.51713175,1.926693067577495e-106,6.200304439693831e-106
SLFN5,21.887236,0.18486926,3.4373996261561714e-106,1.1056232422227768e-105
DUSP1,-21.886595,-0.18774039,3.4859724322934246e-106,1.1206702742254708e-105
DPF2,21.859137,0.42454123,6.363625039692918e-106,2.04472718275906e-105
TFPT,21.857458,0.6206203,6.602059606384067e-106,2.1202507647607146e-105
CSNK1G3,21.849941,0.44373465,7.783454873531901e-106,2.4983732010680126e-105
ARMCX6,21.845327,0.5590875,8.6107585993208995e-106,2.7625079896077715e-105
RNF114,21.840542,0.22268549,9.561635012998644e-106,3.0659963424561516e-105
C14orf119,21.836874,0.31036317,1.0360758078836535e-105,3.3205380400205618e-105
SFPQ,21.823992,0.13186261,1.3733494166905877e-105,4.399218612809174e-105
U2AF1,21.808582,0.3185401,1.9234498684739544e-105,6.158189548195015e-105
TMEM11,21.79685,0.49103868,2.485459545515569e-105,7.95347054564982e-105
GSS,21.794962,0.4806766,2.590050507135153e-105,8.283924321389323e-105
POLR2H,21.789293,0.4383698,2.9314281660176334e-105,9.370983447422747e-105
NBR1,21.75871,0.37660044,5.713243732540286e-105,1.82543681260327e-104
SDHD,21.756893,0.21820503,5.944193949717012e-105,1.89825815974628e-104
TSSC4,21.732985,0.3822487,1.0008119018088772e-104,3.1944281927124163e-104
UBA3,21.721415,0.3504162,1.287535934711669e-104,4.1075088258828156e-104
STAT5A,21.706934,0.3676704,1.764410005722356e-104,5.625967887767105e-104
CYB5R3,21.693083,0.2476278,2.384579683701466e-104,7.599557056157091e-104
ABCG1,21.677593,0.38404295,3.33886553712193e-104,1.0635408757757024e-103
ZBP1,21.66779,0.463741,4.131141962001122e-104,1.315237868411146e-103
AK3,21.665125,0.4265457,4.3773023237739946e-104,1.392899457656669e-103
VPS29,21.66196,0.21172519,4.6884053147369285e-104,1.491136941992589e-103
ING3,21.661863,0.52715236,4.69835410250993e-104,1.49354183258649e-103
DERL1,21.660965,0.22055557,4.7910262188807106e-104,1.5222275279490972e-103
MOB3A,21.66016,0.4094512,4.8754015882208237e-104,1.548249357152765e-103
MSC,21.653273,0.7518201,5.661472391597639e-104,1.7969645500677235e-103
ZNHIT3,21.647598,0.2861357,6.403244241591038e-104,2.031374035263364e-103
PPP1R2,21.636524,0.15385583,8.141486724637863e-104,2.581507397330688e-103
HADHB,21.634438,0.35886803,8.518020301485324e-104,2.699530648738206e-103
HNRNPA1,21.62125,0.103810705,1.1336234477752605e-103,3.5908598933073565e-103
C7orf50,21.613852,0.3168649,1.3307325724507302e-103,4.213088549216482e-103
DCAF11,21.600279,0.4023829,1.7853365377311794e-103,5.649501962592948e-103
ELP5,21.595211,0.42165095,1.9923509850797177e-103,6.301389162112596e-103
SLC25A39,21.583097,0.2937978,2.5893100622036483e-103,8.185307604419416e-103
EMC8,21.523355,0.50970554,9.409894256151573e-103,2.973146387196174e-102
SF3A3,21.504906,0.286453,1.400695098817493e-102,4.42339653619497e-102
THUMPD2,21.504845,0.84848815,1.4025238812131086e-102,4.426937134646422e-102
UGP2,21.50129,0.24168833,1.5142451264999942e-102,4.777164655261707e-102
HIST1H1D,21.500065,0.38288388,1.5547258631468008e-102,4.9024017136322504e-102
MRPL43,21.499811,0.23548664,1.5632139883423675e-102,4.9266834816472804e-102
SH3YL1,-21.494747,-1.3378255,1.7434494998808338e-102,5.491953711608507e-102
ASXL1,21.491457,0.21119674,1.871458795949893e-102,5.892222560373695e-102
APEH,21.486332,0.40423298,2.0898575115409077e-102,6.5765334970824535e-102
DZIP3,21.485987,0.63822997,2.1054174918237623e-102,6.622167837531149e-102
PDCD7,21.476622,0.2816012,2.575741873292911e-102,8.097407617748971e-102
SMC5,21.467747,0.266463,3.1177124483736696e-102,9.79628783376478e-102
CDK17,-21.447865,-0.37149858,4.781101783894437e-102,1.5015347771106225e-101
DNAJB14,21.441355,0.20934182,5.4988739645672945e-102,1.726089087924385e-101
PSMD9,21.432251,0.28460777,6.686823747208856e-102,2.0979322649216955e-101
CCAR1,21.429314,0.23875625,7.1220958124597645e-102,2.2333750076565557e-101
COMMD2,21.424303,0.36160243,7.931344484404896e-102,2.4858963474166847e-101
TRIM59,21.416746,0.9730882,9.327996111638748e-102,2.922180454402204e-101
KDM6B,-21.400381,-0.51221347,1.3251781678156529e-101,4.149306615542905e-101
TSR3,21.398281,0.3750147,1.386237873493774e-101,4.338321228902977e-101
SAR1B,21.396355,0.32698447,1.444700087463176e-101,4.519021873584815e-101
MAPRE1,21.393148,0.21712987,1.547506952981168e-101,4.838182657596296e-101
RHNO1,21.386475,0.6710189,1.78553275552997e-101,5.579566892405341e-101
HTATSF1,21.383533,0.3024888,1.9017398954286943e-101,5.939732793710389e-101
TBCD,21.378017,0.39089978,2.1402881860076262e-101,6.681458528774306e-101
NAA60,21.341928,0.44809255,4.634319544300836e-101,1.4460001530746149e-100
MFSD10,21.337261,0.22337765,5.1207930935173854e-101,1.5969931003511847e-100
PMM1,21.335312,0.49957117,5.338738754481826e-101,1.6641330168429649e-100
ADRB2,-21.325827,-0.6740987,6.538855484335311e-101,2.037205174800882e-100
PLEKHA2,21.321259,0.27785218,7.209347842940341e-101,2.2449815881251754e-100
DCTD,21.3049,0.41981113,1.0224661774938013e-100,3.1823623912443883e-100
TMEM173,21.303864,0.3073824,1.0453381502370732e-100,3.2519321073511335e-100
TIAL1,21.289047,0.19958873,1.4341639206504934e-100,4.459308890452031e-100
PPHLN1,21.28221,0.22441013,1.6593400176356392e-100,5.156895752771266e-100
SNAPIN,21.262745,0.4549535,2.512844126957048e-100,7.805537665463402e-100
ICAM3,21.2539,0.1572003,3.0338992077510035e-100,9.419391287191204e-100
DNAJB4,21.245455,0.25290257,3.63165013414972e-100,1.1269644463909052e-99
U2AF2,21.229448,0.25889212,5.105747272093813e-100,1.58361700219231e-99
RPL7L1,21.22347,0.2826881,5.798192281771439e-100,1.7974970720893025e-99
SPTY2D1,21.220507,0.27614683,6.175406513935493e-100,1.9134890119455395e-99
FOXN2,21.220112,0.31371066,6.227521154287971e-100,1.9286817990705717e-99
ANAPC5,21.181978,0.20152676,1.4002483407635953e-99,4.334464928162817e-99
CD81,21.16928,0.13663404,1.8334184943747218e-99,5.67253516360448e-99
OGG1,21.164234,0.876269,2.0405358423859775e-99,6.310228487378485e-99
ASB1,21.149014,0.59672123,2.8176842354156487e-99,8.709205818557459e-99
TMEM154,21.141182,0.5663253,3.3263748402932166e-99,1.027644493870339e-98
SMARCA5,21.137709,0.16586047,3.5803715702920833e-99,1.1055678451997667e-98
RPIA,21.126596,0.3838395,4.5305193350537576e-99,1.3982698056288263e-98
AP3D1,21.125805,0.3886823,4.607061874620699e-99,1.4211922627035054e-98
SH3BP2,21.121265,0.61950064,5.071875014838186e-99,1.563807298808659e-98
ETHE1,21.110947,0.33651394,6.309540497075913e-99,1.9444574063895033e-98
CYLD,21.10699,0.19552009,6.860405736946843e-99,2.1131806149847094e-98
PFDN1,21.09614,0.3528071,8.629882528820486e-99,2.6569165895817404e-98
MNAT1,21.077436,0.42809728,1.2813673726535336e-98,3.94305670601107e-98
TBC1D20,21.066557,0.46796107,1.6123728159621934e-98,4.9591958390656254e-98
DDAH2,21.064772,0.60517085,1.6742817833465253e-98,5.1470795265925615e-98
POLDIP3,21.062664,0.38536012,1.750487703689274e-98,5.378708779115962e-98
FAM192A,21.05362,0.4381075,2.11864850790807e-98,6.506757518641574e-98
PDE4DIP,21.051912,0.3494785,2.1963816916337517e-98,6.742180501894382e-98
PNN,21.036293,0.17809044,3.0532958441021813e-98,9.368032761502328e-98
MED15,21.034788,0.25890923,3.151819322150881e-98,9.665579254596035e-98
VMP1,21.033085,0.23198937,3.267003985241416e-98,1.0013903445208378e-97
PBRM1,21.032822,0.2772149,3.285235089247953e-98,1.0064853436990791e-97
CCDC90B,21.03137,0.33591565,3.387240383504044e-98,1.0372283817523885e-97
BOLA3,21.011417,0.34983474,5.157276436683427e-98,1.5784697352197417e-97
SRSF2,-20.99779,-0.16191125,6.870989577736246e-98,2.1019516282796067e-97
SMARCAD1,20.992863,0.57375693,7.621518276952076e-98,2.330411453597859e-97
COX16,20.97918,0.26096573,1.0163225517221033e-97,3.106064427734967e-97
TXLNA,20.971207,0.7780843,1.2017781833871874e-97,3.671056794565549e-97
CRIPT,20.949577,0.44488323,1.8930699062776446e-97,5.779914755330866e-97
SUDS3,20.946114,0.37583733,2.035843960273145e-97,6.212799909984778e-97
MAP3K14,20.940592,0.73198956,2.2859964964167593e-97,6.972790873516941e-97
FAM53B,20.923986,0.56717855,3.2387589614013273e-97,9.874111141582215e-97
BECN1,20.920366,0.29609752,3.494222434676247e-97,1.0647762080533172e-96
SUPT4H1,20.909498,0.21723735,4.38822539815853e-97,1.3365500531100177e-96
DPP7,20.902563,0.17561156,5.074658768089824e-97,1.5448693553853983e-96
TMA7,20.898935,0.11766206,5.475163088102541e-97,1.6659834766133023e-96
USP10,20.898119,0.315239,5.569772981290675e-97,1.693947485218982e-96
EPS8L2,20.894278,0.8583105,6.036417202305252e-97,1.8349769687862808e-96
BOD1L1,20.893316,0.20782757,6.159072687842244e-97,1.8713530225906304e-96
BCLAF1,20.88102,0.14837874,7.967483297873534e-97,2.4196395879367395e-96
RPS19,-20.878847,-0.01429418,8.33790614053185e-97,2.5309044548843886e-96
VPS16,20.87639,0.66544056,8.777911319367702e-97,2.6631723188149535e-96
BACH2,-20.87088,-1.4153138,9.850393733068137e-97,2.9871092192958926e-96
USPL1,20.870075,0.452692,1.0017607438056815e-96,3.0363445800621818e-96
CHD4,20.869352,0.26630184,1.0170087963125165e-96,3.0810687795308007e-96
ITK,20.868559,0.15647699,1.0340411532203967e-96,3.131152688551211e-96
OS9,20.864151,0.24229343,1.1338878486033e-96,3.4318347270741387e-96
OGFR,20.846376,0.26187253,1.6441187973950368e-96,4.9736978706495895e-96
RABIF,20.81765,0.3328976,2.995248517338904e-96,9.056681838797576e-96
TLK1,20.806112,0.24466613,3.810229035119646e-96,1.1515358861694931e-95
EIF5B,20.79876,0.19462186,4.441476703068307e-96,1.3416648118974084e-95
ISOC2,20.791521,0.80145514,5.164708784285112e-96,1.5593831155640766e-95
ATP6AP1,20.785109,0.28126875,5.903107956365897e-96,1.781468566089004e-95
EXOSC3,20.784336,0.44048285,5.998913189066312e-96,1.8095082406363958e-95
TRPT1,20.784275,0.47513014,6.006447906747224e-96,1.810907860463163e-95
VBP1,20.782015,0.31303653,6.295895679707508e-96,1.8972602780467325e-95
COPS8,20.771828,0.2740532,7.78388609797154e-96,2.3445349749114084e-95
MRPS5,20.770882,0.2870367,7.93872015982074e-96,2.3900208527352523e-95
DNAJB9,-20.769638,-0.40669182,8.147088847474208e-96,2.4515722861856012e-95
BCCIP,20.762829,0.27212292,9.387423656275447e-96,2.8234481920028462e-95
ACYP1,20.757202,0.64291763,1.055357999242806e-95,3.172666815599708e-95
TOR3A,20.756039,0.49240163,1.0812084774715051e-95,3.248818556705925e-95
GOLT1B,20.750694,0.35341442,1.2083197960879298e-95,3.629019992475318e-95
HMGXB3,20.750639,0.48838106,1.2097264308552511e-95,3.6315012242948425e-95
LBH,20.749722,0.14081682,1.2330208417283473e-95,3.699653902087549e-95
COA4,20.74859,0.3745595,1.2624012428994026e-95,3.7859933727606246e-95
TIMM50,20.747381,0.48287898,1.2945447777724995e-95,3.8805328844009374e-95
SNRNP27,20.746489,0.39686814,1.3187780709204207e-95,3.9512814232175054e-95
RNF220,20.735577,0.33380473,1.6546069380760793e-95,4.955108187938704e-95
MRPL11,20.688639,0.3273493,4.384149871092654e-95,1.3123082102179734e-94
MIER1,20.683025,0.16907099,4.925294622058798e-95,1.47358408204686e-94
MARK3,20.68146,0.27806282,5.087858765180194e-95,1.5214935198359125e-94
QSOX1,20.676172,0.7661983,5.677096943272391e-95,1.6968905149121873e-94
LY9,-20.672205,-0.37794983,6.163421709075328e-95,1.8413737446024475e-94
SMIM10L1,20.667833,0.3417479,6.747744979504934e-95,2.0149829399419028e-94
SCLT1,20.66116,0.46704438,7.748047557781229e-95,2.3125851870934814e-94
LRMP,20.65911,0.43394917,8.084184560501762e-95,2.411762451621317e-94
SUSD6,20.642735,0.5477913,1.1345723737645839e-94,3.3831671926936304e-94
HSPA8,20.622942,0.097803205,1.7084547422763968e-94,5.091992790700875e-94
COMMD5,20.620014,0.4392803,1.815085871552473e-94,5.407227244015368e-94
TIMM13,20.618452,0.37873372,1.874572058991367e-94,5.581781437910515e-94
ZNF638,20.612064,0.2204586,2.1391493019878289e-94,6.366564240359589e-94
CCPG1,20.60879,0.32503968,2.2888163255507356e-94,6.808766016474276e-94
HNRNPH3,20.60841,0.16818592,2.3068600756543354e-94,6.859180909360039e-94
PIP4K2A,-20.587215,-0.38530096,3.5732911789537673e-94,1.0619719532320555e-93
RGS16,20.586708,0.7558886,3.610855775788297e-94,1.0726264830641778e-93
TMF1,20.58353,0.17960015,3.855487099316185e-94,1.1447521259289063e-93
DUSP11,20.580402,0.29259437,4.1125982223183014e-94,1.2205130208170443e-93
ARHGEF6,20.577322,0.33552635,4.38224849830633e-94,1.299921602911541e-93
ALG5,20.561756,0.43596065,6.040709607009418e-94,1.7910274550450672e-93
SPATA13,20.550694,0.29038146,7.587127630516261e-94,2.248463782875875e-93
LRP10,20.550446,0.24062769,7.625955512687198e-94,2.258900458682344e-93
SAP30,20.529694,0.5573029,1.169104945917803e-93,3.461391643001313e-93
NDUFA7,20.525936,0.49325737,1.2630798390123368e-93,3.737855947427237e-93
TPST2,20.517328,0.23709123,1.5077454856049333e-93,4.4597899564749235e-93
MRPS21,20.510824,0.16608293,1.7234878316153087e-93,5.095529241297434e-93
SLC25A1,20.49649,0.40110168,2.313936161600666e-93,6.837971009434939e-93
WDR61,20.492765,0.4036601,2.4979405649067233e-93,7.378241819667828e-93
EXOSC8,20.48275,0.3316898,3.0683636471730864e-93,9.058840479808792e-93
UBR7,20.47718,0.6575171,3.440045389433175e-93,1.0151379224666954e-92
GMEB1,20.45809,0.5910144,5.089256718252138e-93,1.501102783092191e-92
KRT10,20.457762,0.15328886,5.123621580590277e-93,1.5105267016104039e-92
LIG1,20.453484,0.74254674,5.593462908226341e-93,1.6482667901019307e-92
RAD51C,20.449205,0.5602724,6.106067444519521e-93,1.798472595711588e-92
MRGBP,20.430647,0.7195606,8.930990543913133e-93,2.6292836161280265e-92
DTX3L,20.415087,0.4339116,1.228155818175347e-92,3.613990027518801e-92
TKT,20.414728,0.22735213,1.2371886925430225e-92,3.6388587026559234e-92
CLIC5,20.390596,0.82551515,2.0265836422763877e-92,5.957851158872688e-92
PPP1R10,-20.384987,-0.40903372,2.272797936248923e-92,6.678545744092654e-92
MAL,-20.381943,-1.4468676,2.4186495023343592e-92,7.103789336433686e-92
C18orf32,20.379278,0.2187838,2.5539489341033548e-92,7.497655810300604e-92
SYNRG,20.378967,0.16225559,2.5702262204022406e-92,7.541902080129651e-92
ATP6V0A2,20.377924,0.47926217,2.6255309625387945e-92,7.700572762139099e-92
RFX5,20.375607,0.6347909,2.7528288820316432e-92,8.070148775065585e-92
ZC3H7A,20.364672,0.32569104,3.441506072785444e-92,1.0084338169248589e-91
CMC1,-20.364248,-0.37900335,3.471330313515537e-92,1.016696743509045e-91
HACD3,20.34812,0.42735463,4.8241865637393236e-92,1.4122653786969213e-91
WTAP,20.33608,0.14293793,6.166709015435846e-92,1.804440205826317e-91
TFRC,20.332466,0.4031032,6.637975936786014e-92,1.9414295212965546e-91
SETX,20.314857,0.2084159,9.502593034776363e-92,2.7779543002598566e-91
YY1AP1,20.31262,0.3384214,9.945339896136961e-92,2.906027388614331e-91
BCL2A1,-20.310703,-0.8264425,1.0341315150417843e-91,3.020320615360132e-91
CALHM2,20.280542,0.55916524,1.9101231458078023e-91,5.576169108807098e-91
HACD4,20.277906,0.28052792,2.0153147998901088e-91,5.880508110127109e-91
C8orf76,20.268492,0.524745,2.4402514812848346e-91,7.11711574215288e-91
NDUFB5,20.265163,0.27659562,2.6109729097619163e-91,7.611484866482082e-91
AUP1,20.253187,0.17110024,3.329845354910082e-91,9.702614131493933e-91
ASCC3,20.24823,0.29113978,3.682359257803336e-91,1.0724785622354594e-90
EEF1E1,20.243595,0.4503264,4.04551030089844e-91,1.177697182057731e-90
AMD1,-20.240568,-0.31868738,4.301787045289186e-91,1.2517199886199605e-90
FKBP2,20.232239,0.23672687,5.093624458378462e-91,1.4814372204377338e-90
AZIN1,20.230427,0.24131802,5.284351483877753e-91,1.5361943718930867e-90
MAF1,20.211988,0.2084594,7.679111623434648e-91,2.2313294155228593e-90
MTG1,20.202452,0.35998005,9.315416523097417e-91,2.7055360152505773e-90
STAU1,20.20063,0.19797996,9.665475348225077e-91,2.805903191577544e-90
APBA2,-20.199923,-0.7815776,9.805210798207523e-91,2.8451483651941676e-90
ACTL6A,20.186441,0.58394206,1.2881534476076372e-90,3.736063035805924e-90
CLPTM1L,20.182428,0.60973066,1.397091561871128e-90,4.050141247018432e-90
RASA1,20.178476,0.5196648,1.513387444675628e-90,4.385248658587646e-90
MICAL2,20.165789,0.72804606,1.9560046090846434e-90,5.665168904830337e-90
STAG1,20.16245,0.26846206,2.0926008304182846e-90,6.057987410965658e-90
PPP1R14B,20.150288,0.2979159,2.6755753046004277e-90,7.74209024309911e-90
MEMO1,20.143234,0.668821,3.0851195099774238e-90,8.923027117160777e-90
EIF3K,-20.12888,-0.09444751,4.122048750776578e-90,1.1916606739768147e-89
RAB35,20.120197,0.36756104,4.911245833395638e-90,1.4191572255761253e-89
LRRC59,20.110891,0.31451052,5.924881724085468e-90,1.7112677777413983e-89
HADHA,20.100836,0.17706081,7.25610236257498e-90,2.094793557003649e-89
ELOF1,20.098572,0.38310587,7.594667938208312e-90,2.1915241061545756e-89
ACADVL,20.088083,0.24347565,9.381613078347984e-90,2.705918460956431e-89
STAG2,20.082422,0.20795752,1.0513906028041114e-89,3.0311058115864148e-89
NCAPD2,20.080141,0.76676434,1.1008305819989776e-89,3.172176932743254e-89
ATG3,20.078629,0.23776224,1.1348498882816235e-89,3.2687020723249705e-89
PPP2R5E,20.078262,0.28008085,1.1432518919192535e-89,3.291386947007294e-89
MRPL39,20.077341,0.6619521,1.1646207923389274e-89,3.3513650767582016e-89
CCDC91,20.054264,0.26990792,1.852656029612532e-89,5.328834998278621e-89
TTF2,20.048264,0.76438254,2.090149445967672e-89,6.009179657157057e-89
C4orf3,20.021269,0.14873725,3.594432779923472e-89,1.032924734552193e-88
GPR171,20.020412,0.2465956,3.656774265900115e-89,1.0503571996084078e-88
BTN2A1,20.0133,0.4372346,4.217768658561856e-89,1.2109389962351064e-88
NIP7,19.998737,0.35733414,5.6485383334314474e-89,1.6209750373370246e-88
CDC40,19.988144,0.24136005,6.984671023012569e-89,2.0034893131575713e-88
NELFE,19.984463,0.27651206,7.51933827798988e-89,2.155865273469509e-88
PPP2R5A,19.966202,0.2898715,1.0839037191828395e-88,3.106230722495577e-88
BRMS1,19.95395,0.34717798,1.3850200122902837e-88,3.9673467018718015e-88
LPIN2,19.944592,0.20833804,1.670056870842399e-88,4.7816365144119216e-88
STK17A,19.941534,0.12331821,1.7753682702989674e-88,5.080834354524401e-88
NFKBIB,19.928194,0.25525752,2.317779788589222e-88,6.630100757848272e-88
NPEPPS,19.906864,0.31289107,3.548487541345098e-88,1.0145949752584523e-87
RTCA,19.902206,0.31864536,3.894012609479012e-88,1.1128799856053312e-87
ARID4A,19.89798,0.21792018,4.2365685558643775e-88,1.2102270723966917e-87
MAP1LC3A,19.890577,0.5304207,4.9106697344223645e-88,1.4021519789386723e-87
UBE3A,19.889439,0.18697344,5.0233648092275886e-88,1.4336756499328375e-87
USO1,19.879225,0.29383454,6.157905474606326e-88,1.7566738098101768e-87
DOCK2,19.870834,0.23753387,7.278311523080932e-88,2.075347169024353e-87
HMGXB4,19.867596,0.4598706,7.763219357919849e-88,2.2126059363620305e-87
ABCF1,19.864254,0.22945373,8.297511902236172e-88,2.363808490910268e-87
ZNF326,19.860338,0.40487742,8.970471611563756e-88,2.5543591443760975e-87
C17orf49,19.850086,0.51380527,1.1001096175984046e-87,3.131158220061701e-87
ARHGEF3,19.846611,0.20618536,1.1789056119348366e-87,3.35390336892421e-87
STAT5B,19.811567,0.32034367,2.365992659494337e-87,6.728022762634805e-87
MTRNR2L12,-19.803423,-0.8315088,2.7813684449548367e-87,7.905606993020198e-87
PHAX,19.797844,0.30023423,3.107109874220984e-87,8.827465655370788e-87
ETV3,-19.782505,-0.6937497,4.2123253805297295e-87,1.1962009796002718e-86
SLC39A7,19.781614,0.5392729,4.28743447319435e-87,1.2169777706126977e-86
CCNB1IP1,19.780027,0.43108654,4.424531107607193e-87,1.2553227487161268e-86
POLR3K,19.777866,0.48610875,4.6181421755500435e-87,1.3096599025494594e-86
SSBP1,19.77475,0.15939137,4.912600872749257e-87,1.3925342573592819e-86
AAMP,19.76563,0.2860831,5.885732747742995e-87,1.6676242785271818e-86
POLR2L,19.762863,0.13780692,6.2176615493947085e-87,1.760873275374074e-86
OVCA2,19.762323,0.37910283,6.284437177500652e-87,1.7789791394771076e-86
PTDSS1,19.757442,0.26675683,6.9223750601702105e-87,1.958678352619848e-86
RHOF,19.733236,0.1643856,1.117783471088946e-86,3.1613261279983934e-86
RPS26,19.72456,0.12432817,1.3270765293105926e-86,3.751554797725742e-86
LSM12,19.71656,0.35181123,1.5544879480483872e-86,4.3924465234827056e-86
IKZF1,-19.712048,-0.22015172,1.6995066745838978e-86,4.800051357199487e-86
PASK,-19.703154,-1.3235031,2.0260230929792483e-86,5.719675302201344e-86
EBP,19.702473,0.34008247,2.0534311101169275e-86,5.794436186238835e-86
PANK2,19.698963,0.2814688,2.2008267941908547e-86,6.207561958727677e-86
CYTH4,19.695957,0.35797498,2.335386616313754e-86,6.584127386957568e-86
NEU1,-19.694492,-0.41010895,2.4039166189288568e-86,6.774280345954473e-86
IRF7,19.69422,0.251323,2.4169256586225834e-86,6.807873444548798e-86
SMARCD1,19.672537,0.3785821,3.707614525222834e-86,1.0438720283435664e-85
ZNF410,19.666515,0.3541361,4.1749759869482326e-86,1.1749280150404024e-85
SEPHS2,19.644255,0.33929864,6.474124527217274e-86,1.8211386260014057e-85
BCKDHA,19.643337,0.5142839,6.592144694535083e-86,1.8535036947870329e-85
TRIB2,19.636393,0.6600099,7.557947307462102e-86,2.124102351998334e-85
PRPF31,19.625244,0.34228608,9.41248955857433e-86,2.644119204240728e-85
FAM136A,19.624975,0.37745428,9.462238982954964e-86,2.6569015743880727e-85
PRCC,19.617138,0.34526595,1.1039502411220847e-85,3.0983906273933433e-85
MCTS1,19.615845,0.32443628,1.1323901636286418e-85,3.1767860375160464e-85
PCID2,19.613226,0.34504858,1.1922320699104321e-85,3.343166216656057e-85
USP36,-19.61194,-0.378124,1.2227686415840947e-85,3.4272583430780006e-85
EIF4G1,19.602085,0.22086962,1.4841582409155435e-85,4.1580358061655354e-85
EHBP1L1,19.600702,0.54456764,1.525047358813602e-85,4.270678727277481e-85
WBP2,19.594397,0.20314981,1.7261695511605952e-85,4.831730072510373e-85
C1orf131,19.582657,0.44239753,2.1738069004661132e-85,6.08199283064222e-85
RNF4,19.576925,0.23070507,2.432669865855077e-85,6.80321085417495e-85
VRK1,19.566072,0.45968354,3.010090019102802e-85,8.414264146339199e-85
GPR132,-19.564333,-0.7090707,3.114497911031159e-85,8.702232662532796e-85
C1orf122,19.56175,0.38197935,3.2763451725990726e-85,9.150364017758838e-85
ATP2B1,-19.547268,-0.446729,4.3521350614934887e-85,1.2149467623696236e-84
LRPAP1,19.546354,0.20376183,4.430822035595591e-85,1.2363614029743987e-84
DHX29,19.54346,0.31536895,4.689197634727855e-85,1.3078742934845056e-84
EIF2AK3,19.542389,0.6548807,4.7887058295164473e-85,1.33503314035004e-84
SLC52A2,19.535984,0.45782432,5.428882071559905e-85,1.5128323492061812e-84
ATXN2L,19.524883,0.23897743,6.747081176444898e-85,1.8793294674906182e-84
MCTP2,19.521578,0.5330646,7.198133877883757e-85,2.0040732327565993e-84
RCOR3,19.514023,0.44775647,8.344802065500382e-85,2.322290112178398e-84
EIF4EBP1,19.509867,0.45659682,9.051869604847855e-85,2.5179411404147703e-84
POLDIP2,19.507145,0.4316551,9.546653749658036e-85,2.654394038127141e-84
RAB2A,19.505112,0.15496323,9.934114753319472e-85,2.760898351699983e-84
STARD3,19.482086,0.29394543,1.557974823175203e-84,4.328015316955626e-84
VPS72,19.48101,0.41277274,1.5911023892961106e-84,4.41808102416177e-84
RFXANK,19.46919,0.447868,2.004118893451965e-84,5.562452438968719e-84
GID8,19.457006,0.33244032,2.5420523577982684e-84,7.052363436978255e-84
PHB2,19.447903,0.16027813,3.035982356838579e-84,8.418929798041735e-84
NUDT4,19.43979,0.22458638,3.5561606143840348e-84,9.85704067504941e-84
PIN4,19.428905,0.38455564,4.396381348897575e-84,1.2180585349292838e-83
DDX60,19.414911,0.4705309,5.773587037172133e-84,1.5989181276914061e-83
TGS1,19.382294,0.2398277,1.0888357846348608e-83,3.0140516233078267e-83
KMT2E,19.373306,0.12417242,1.2965611704946378e-83,3.5874775243761404e-83
FNBP1,19.367582,0.1300747,1.449021159798758e-83,4.0075492377104464e-83
DRG1,19.360043,0.38380677,1.6774677650652968e-83,4.637312566614449e-83
RNF115,19.341679,0.2026764,2.3955102538013674e-83,6.619395824991764e-83
HAGH,19.339132,0.29900625,2.516716243042075e-83,6.951248042592151e-83
LAPTM4A,19.333895,0.18995997,2.7857534307556475e-83,7.690941510506324e-83
NUDT16L1,19.326857,0.2796405,3.192874690489872e-83,8.811038404810162e-83
SLC27A3,19.294922,0.80959404,5.9254658346883356e-83,1.6344671191274352e-82
TEX30,19.293646,0.7046002,6.073580122929463e-83,1.674584277172619e-82
NSFL1C,19.271194,0.28855258,9.374877703388408e-83,2.5836667362289817e-82
ITPK1,19.267317,0.6152853,1.0104140506614654e-82,2.783421532777687e-82
FAM204A,19.251823,0.23665583,1.3628082513322295e-82,3.7525213117669136e-82
TBC1D2B,19.248577,0.3380174,1.4509395723575647e-82,3.993435092243258e-82
SIPA1L1,19.23836,0.51227653,1.767124105087712e-82,4.861534037567601e-82
JKAMP,19.226322,0.4569732,2.2288426373016436e-82,6.129072324817179e-82
MRFAP1L1,19.221252,0.22580282,2.4576188257440244e-82,6.755212378670745e-82
CCDC137,19.216246,0.4300678,2.706612910175711e-82,7.436350621896903e-82
RCAN3,-19.206732,-0.40580645,3.250946839724567e-82,8.92797341058687e-82
LEPROTL1,-19.195513,-0.12260529,4.0348812082537475e-82,1.1076005633539028e-81
ARRDC1,19.1948,0.28742146,4.090653198272086e-82,1.1224178249293934e-81
CHD1L,19.17856,0.669486,5.590681755450213e-82,1.5333320939104134e-81
DDB1,19.176323,0.26234615,5.836495135650678e-82,1.6000487979242175e-81
UBE2B,19.164276,0.14219984,7.357203413849972e-82,2.0160606463883234e-81
MCUR1,19.159065,0.5107776,8.131964090933457e-82,2.22738911352363e-81
EVI2A,19.153734,0.23081067,9.00888262376001e-82,2.46650195598436e-81
EIF2AK1,19.153538,0.28014687,9.043069025797016e-82,2.4747786450300146e-81
PPT1,19.148891,0.27301407,9.886922035413621e-82,2.704529263382056e-81
IDS,-19.140875,-0.20577484,1.1531629750372144e-81,3.1530540086681873e-81
IFRD1,-19.130318,-0.35946974,1.4121099193547505e-81,3.859396966135133e-81
TUBA1B,19.12476,0.2884134,1.5709356983332415e-81,4.291604248372383e-81
TET2,19.112576,0.61764944,1.984275441873122e-81,5.418431760959516e-81
MRPS10,19.092937,0.35159045,2.8904587931072687e-81,7.889489620278828e-81
SRSF11,19.08905,0.124548025,3.113750054652055e-81,8.495255273398716e-81
GALK1,19.086899,0.7039347,3.244649972900712e-81,8.848531050770206e-81
ACADM,19.084286,0.37791267,3.4110459723517223e-81,9.298258650558768e-81
PTBP1,19.082767,0.17320591,3.511620406910968e-81,9.568247937994346e-81
MIDN,-19.072674,-0.43149766,4.259654847629478e-81,1.1601393437862435e-80
ARHGEF9,19.068819,0.4773395,4.585492754530702e-81,1.248339541877462e-80
NUDT14,19.06438,0.6541369,4.991440849604842e-81,1.3582624599881641e-80
CHMP4B,19.0605,0.2898795,5.37592808350981e-81,1.4622524387146682e-80
M6PR,19.058298,0.17921755,5.60682009630981e-81,1.5243922869410766e-80
PRPSAP1,19.0468,0.44775057,6.984319573555575e-81,1.8980844158194474e-80
ELP6,19.035807,0.55459595,8.61561634609477e-81,2.340394957063347e-80
AGO2,19.035635,0.3038999,8.643777055475621e-81,2.3470255754798387e-80
AGPAT2,19.030252,0.5034807,9.579026733010073e-81,2.5998434378182654e-80
FAM207A,19.02457,0.6029818,1.0675939279402124e-80,2.8962999189913136e-80
SMARCC2,19.022745,0.21867216,1.1054147137275016e-80,2.9976048760638273e-80
MAP7D1,19.021135,0.24897143,1.1398664001194307e-80,3.0896898609823043e-80
GOLGA4,19.017471,0.17470075,1.2223988467595169e-80,3.3119650001418525e-80
TPGS2,18.976664,0.33982778,2.659606899468824e-80,7.202814183150201e-80
ECI1,18.9712,0.56315976,2.950879614590909e-80,7.988188173466347e-80
C1orf35,18.966965,0.37052295,3.1985506485532154e-80,8.6549017549087e-80
UBE2E3,18.960457,0.26413584,3.6198130203350554e-80,9.790553504200652e-80
ZCCHC17,18.95997,0.3631684,3.653449899064552e-80,9.877261265578148e-80
BFAR,18.944717,0.27398655,4.881965130073374e-80,1.3192904472457463e-79
CREM,18.940472,0.1476997,5.292060699671474e-80,1.429496188995887e-79
SIRT7,18.922323,0.2981916,7.46888996753622e-80,2.0166325264094345e-79
MCMBP,18.915289,0.40845448,8.535195787401049e-80,2.3035455067291183e-79
RTCB,18.914444,0.33474702,8.67314356354061e-80,2.339766543057786e-79
MPC1,18.90988,0.24817201,9.457214236776255e-80,2.5501867355720798e-79
APH1A,18.901638,0.17146222,1.1056753857740721e-79,2.9802262875495885e-79
PRR14,18.901041,0.444772,1.1182504029516626e-79,3.012822791070457e-79
WDR18,18.890415,0.49525285,1.367636115927472e-79,3.6831388468541823e-79
RPA2,18.887009,0.24814801,1.458801204296127e-79,3.9269622780019673e-79
NR4A3,-18.8678,-0.3701502,2.098525941210494e-79,5.646614317510903e-79
CNDP2,18.862919,0.3567696,2.301523239449693e-79,6.190167405845779e-79
RAB24,18.862005,0.38800833,2.3417140024819455e-79,6.295557713591341e-79
NUP37,18.85453,0.70736384,2.697247609288592e-79,7.248273644205082e-79
OSBPL8,18.83464,0.14934927,3.927893484754979e-79,1.0550837973648411e-78
PRKD2,18.833464,0.31122217,4.016119484777604e-79,1.0783194633806305e-78
RIC8A,18.831312,0.2631328,4.182697126796376e-79,1.1225634159261317e-78
RBM22,18.794086,0.19852117,8.442011164450147e-79,2.264717917873075e-78
DHX30,18.793083,0.34802213,8.603286471484062e-79,2.3069935776084134e-78
MRPL17,18.787956,0.47549635,9.475788283349528e-79,2.5398685304470713e-78
SAFB,18.763498,0.19700202,1.5018091391390966e-78,4.0236907813508297e-78
ISY1,18.756525,0.33588547,1.7123494993293078e-78,4.585812700258626e-78
PTOV1,18.753145,0.2858143,1.824702099738275e-78,4.884611183552695e-78
DDB2,18.748102,0.37458488,2.0062187617137996e-78,5.368222657519902e-78
SNTB2,18.748001,0.308931,2.0100807364928308e-78,5.37625698482221e-78
NUBP1,18.746922,0.55423814,2.0512360003800752e-78,5.483988212981944e-78
LYPLA2,18.705925,0.2699788,4.4298236465369725e-78,1.1838093435598163e-77
CAPN2,18.704514,0.15769897,4.548593078149576e-78,1.215029816264037e-77
CCDC47,18.695127,0.22505026,5.424094821086578e-78,1.4482773026341287e-77
RSF1,18.692982,0.1467234,5.646620538992569e-78,1.507050259894945e-77
DDHD1,18.674295,0.3569694,8.01413042393294e-78,2.1380127902824935e-77
FDX1,18.66786,0.20400378,9.040253999076668e-78,2.410734399753778e-77
FGFR1OP2,18.662655,0.14265744,9.965361530113447e-78,2.6562974747503076e-77
TMEM141,18.655338,0.38651103,1.1427494627611052e-77,3.0447362176462838e-77
TRNAU1AP,18.65298,0.36908278,1.1943011280636958e-77,3.180735571377812e-77
IFT27,18.64664,0.64861906,1.3446667850619684e-77,3.579674641424542e-77
UBE2V2,18.639664,0.29082692,1.5319855329332272e-77,4.076606335189395e-77
FLNA,18.638779,0.14842172,1.5575712933200594e-77,4.142927725769682e-77
MRPS18A,18.628197,0.42669943,1.898121548206857e-77,5.046599407387207e-77
OFD1,-18.627335,-0.35912508,1.928948773304413e-77,5.126382126504846e-77
C19orf25,18.625103,0.31929806,2.0110825319198493e-77,5.3423916431807124e-77
ARMCX3,18.612906,0.27266255,2.5254006803429377e-77,6.7058177658002624e-77
DLST,18.609388,0.3506375,2.6968184706509815e-77,7.157953480013806e-77
NR4A2,-18.605589,-0.1847531,2.8949760124768635e-77,7.680648826995445e-77
HDAC3,18.600964,0.33641458,3.155831330950767e-77,8.369173720401866e-77
DPY30,18.5876,0.27089468,4.048917701630942e-77,1.0733063195509818e-76
UBXN1,18.580448,0.12748042,4.62622195705831e-77,1.2258214554577207e-76
PRKDC,18.546429,0.20174102,8.715351795582347e-77,2.308350585654664e-76
STK38,-18.545835,-0.4133423,8.812175112464412e-77,2.3330075117891393e-76
TSR2,18.543993,0.26522565,9.119184816172196e-77,2.4132665063440467e-76
MSMO1,18.542553,0.60759103,9.366681332025195e-77,2.4777149434735567e-76
NSD1,18.517313,0.21460958,1.4972741676122256e-76,3.9589802166450054e-76
CRTAP,-18.501139,-0.6881039,2.021544980810798e-76,5.3429596113022187e-76
HENMT1,18.494728,0.51340276,2.2768440564153074e-76,6.015175851745846e-76
CCR5,18.48984,0.37508643,2.4929604202650055e-76,6.583351789437685e-76
NFKBIE,18.489614,0.67279017,2.5033910612479715e-76,6.60810737517608e-76
TPGS1,18.467945,0.32462242,3.740571870572667e-76,9.869682674948379e-76
RPS6KA3,18.46507,0.20752618,3.945002296837196e-76,1.0404694084744307e-75
LAIR1,-18.457647,-0.8765281,4.5262699841048595e-76,1.1932720194083438e-75
ENY2,18.453806,0.14660242,4.8598912327908306e-76,1.2806857435694793e-75
PER1,-18.445318,-0.36696833,5.686349886377727e-76,1.4978444163864867e-75
EIF3B,18.418606,0.33828384,9.317126670548665e-76,2.4531963152757764e-75
CARD19,18.41609,0.47325364,9.760350907774708e-76,2.5688159562069236e-75
CHRAC1,18.415369,0.27533063,9.891236734360406e-76,2.602168923892292e-75
PCIF1,18.414736,0.29082045,1.0007486485294985e-75,2.631645037915319e-75
HEXA,18.413162,0.2946689,1.0302750064226042e-75,2.708151445453702e-75
ZNF593,18.409016,0.44041663,1.112258476877142e-75,2.922422944705334e-75
IL10RB,18.405485,0.43576875,1.187162390588036e-75,3.1179210392606015e-75
SLC4A1AP,18.401007,0.3734129,1.2894492634142946e-75,3.3851425060511233e-75
MYNN,18.400307,0.38210157,1.3062428732235338e-75,3.427791700875179e-75
OSTC,18.394936,0.16558817,1.4423365477865338e-75,3.7833364540681576e-75
SDE2,18.36012,0.37923428,2.739996638522304e-75,7.184165536712293e-75
ZFP91,18.340462,0.5170014,3.934421397773968e-75,1.0311579499151212e-74
CEP350,18.340092,0.16953276,3.9612739472596443e-75,1.0377608799856088e-74
ARFGAP2,18.32391,0.2997225,5.333865938921874e-75,1.3967628846335389e-74
DESI1,18.315575,0.3978431,6.216789050982573e-75,1.62729005451661e-74
ATP8A1,18.312593,0.17467752,6.566729525029229e-75,1.7181706360762384e-74
GRSF1,18.288076,0.20354961,1.0298627946710787e-74,2.6934873091397445e-74
NSMCE1,18.280033,0.2923936,1.1935491681907232e-74,3.1202856649398934e-74
AAGAB,18.272726,0.42850235,1.3645977888927871e-74,3.5659664859286865e-74
ALKBH7,-18.272068,-0.3699798,1.381183568292502e-74,3.607801420976155e-74
RERE,-18.26888,-0.96746033,1.4642118633981985e-74,3.823084064031356e-74
DHX8,18.26312,0.39701453,1.6271820707970076e-74,4.2468298017964455e-74
SNX20,18.261324,0.43662935,1.681654456213173e-74,4.387168589687077e-74
NOL8,18.243557,0.3649858,2.328017492954724e-74,6.070895137942791e-74
NME4,-18.215714,-1.3183236,3.873377301455286e-74,1.0096603499126778e-73
DNLZ,18.210772,0.5381872,4.23932733613488e-74,1.1045910793361021e-73
SOCS1,-18.20597,-0.23871103,4.627816979213905e-74,1.205313198249883e-73
UQCRC2,18.18482,0.16336313,6.807816815068219e-74,1.7723554721209645e-73
TM2D3,18.181984,0.22104725,7.169263951104628e-74,1.8656786721343826e-73
MRPS18B,18.18032,0.2961798,7.390019261869835e-74,1.9223268400107146e-73
FBXW5,18.178045,0.21801455,7.703043988701244e-74,2.0029195009690348e-73
RPL23,-18.174242,-0.099328905,8.25607821749487e-74,2.1458257303135818e-73
GDE1,18.171385,0.4998849,8.697460230855033e-74,2.25960594701948e-73
GABPB1,18.170744,0.3316895,8.799701009140658e-74,2.285219157873971e-73
CD226,18.155945,0.3243682,1.1522830480095261e-73,2.9911546673641473e-73
ARL1,18.155453,0.39222777,1.1626571858928494e-73,3.0168325818936816e-73
TMEM63A,-18.148987,-1.425825,1.3079092693985445e-73,3.392321886134865e-73
SLF2,18.141644,0.55181813,1.4949095294566743e-73,3.875737263274328e-73
DPP4,-18.140434,-1.3412751,1.5281681315620544e-73,3.9603230451749016e-73
STYXL1,18.130846,0.7348182,1.8193910723553193e-73,4.713089254101398e-73
BCL2L1,18.128954,0.47319362,1.8830885944182085e-73,4.876077088857745e-73
STK24,18.12237,0.22111863,2.1225566473967464e-73,5.493882658714954e-73
SREK1IP1,18.116808,0.26886442,2.3482917283014094e-73,6.075646423595375e-73
RNF130,-18.11048,-1.5267663,2.6344487336256048e-73,6.81319192954187e-73
DUSP12,18.107016,0.42571703,2.805506402845768e-73,7.252581841406249e-73
CDK5RAP2,18.106377,0.3668493,2.838227538213317e-73,7.33413939655618e-73
XPO1,18.09954,0.25144345,3.2133482138322924e-73,8.300043941261281e-73
PKN1,18.094433,0.20919709,3.525493302669812e-73,9.102553075320819e-73
MRPS23,18.086195,0.44649738,4.094020990127834e-73,1.0566087175841472e-72
GNAI3,18.084152,0.16688573,4.248468411407263e-73,1.0960172528562408e-72
PLEKHA3,18.081963,0.28033474,4.420602351524993e-73,1.1399541760568985e-72
DDX49,18.052507,0.4677998,7.53878933417851e-73,1.9432495292385973e-72
DDX23,18.046011,0.36541468,8.479861070714461e-73,2.1849263121247805e-72
ARCN1,18.04459,0.23161684,8.700692526559036e-73,2.2409029413813638e-72
UBR2,18.039732,0.23605941,9.500388577744433e-73,2.4458613556530525e-72
TRIM28,18.02716,0.20874184,1.1925969227216448e-72,3.0690606123186384e-72
COMMD3,18.021164,0.63668007,1.329185576148714e-72,3.4191550018036e-72
TMEM222,18.016434,0.38648185,1.4478125420144139e-72,3.722776515759216e-72
MTA2,18.008438,0.37843624,1.6728474917300135e-72,4.2996441693767316e-72
PPP2R3C,18.001505,0.283507,1.8959600757389755e-72,4.869599532151097e-72
CDC37L1,18.0015,0.34887835,1.896154805038375e-72,4.869599532151097e-72
ADIPOR2,17.999088,0.37014413,1.9805536443906317e-72,5.084260812190313e-72
PPP4R3A,17.996693,0.15852806,2.0680249582694828e-72,5.306630081597163e-72
MSH2,17.99108,0.69075143,2.2885464082146973e-72,5.870088696101331e-72
METTL23,17.98702,0.20392607,2.4625100192840025e-72,6.313714213377344e-72
TUBA4A,-17.983547,-0.21614397,2.6217374798737707e-72,6.719209206919422e-72
SRRT,17.967384,0.1341974,3.508751368666601e-72,8.988840525134421e-72
SGK1,17.963404,0.5670546,3.7696829190387704e-72,9.653350937988763e-72
RCN2,17.95302,0.2253994,4.545050495831305e-72,1.1634139076072277e-71
ENC1,-17.951519,-0.8294847,4.669493269661994e-72,1.1947791368100383e-71
PDE6D,17.951086,0.39348665,4.706022501497001e-72,1.2036335555750302e-71
CTBP1,17.941198,0.24220586,5.622947658486442e-72,1.4375627524107552e-71
NUP58,17.940554,0.2276904,5.688523900857366e-72,1.4537338857746602e-71
RBM5,17.94024,0.22764312,5.720669724800904e-72,1.4613519721663723e-71
RMND5A,17.931784,0.31607673,6.66090334740694e-72,1.700841279239911e-71
PGM1,17.9248,0.50425816,7.552153811839291e-72,1.927632568211612e-71
FAF2,17.920616,0.45913655,8.142135808660362e-72,2.077373638620686e-71
SPEN,17.91969,0.25665042,8.278829326317191e-72,2.1113883516282245e-71
IL12RB1,17.915787,0.3543631,8.880530183215703e-72,2.2639200010675404e-71
AIMP1,17.90914,0.24421696,1.0007048573512749e-71,2.5500650051281365e-71
MRPL55,17.906422,0.2934999,1.0507807725731735e-71,2.676581642189647e-71
PPP2R2A,17.87097,0.21190391,1.9851655843687325e-71,5.054617784212776e-71
VRK3,17.865032,0.35948384,2.2080222464106587e-71,5.619766954249423e-71
CTDSP1,17.860044,0.22175619,2.4144553315993702e-71,6.142672856643213e-71
FAM32A,17.85614,0.24263582,2.5893849620723614e-71,6.585037529562883e-71
PYURF,17.846966,0.15012407,3.0517060099448968e-71,7.75760780098142e-71
ME2,17.843958,0.3299512,3.2205417328861433e-71,8.183472413052686e-71
TOR1A,17.84304,0.36996362,3.2739068511525416e-71,8.315696817218962e-71
KPNA4,17.84258,0.19658585,3.3008763908296735e-71,8.380796550742872e-71
DNMT3A,17.840914,0.7786517,3.4008794132086425e-71,8.631197407315729e-71
SRP68,17.838377,0.34091535,3.558773669755009e-71,9.02825956122763e-71
RAB1A,17.830534,0.2057367,4.094938353813919e-71,1.038424578089172e-70
CHAMP1,17.829556,0.6104953,4.167241842430652e-71,1.0563316436890664e-70
SMS,17.821947,0.24606806,4.774531518403801e-71,1.2097800396571154e-70
ATG4B,17.820898,0.33271143,4.864958176603743e-71,1.2321934555802842e-70
DCAF13,17.806505,0.34946242,6.291802812458076e-71,1.592938826173117e-70
MLH1,17.79249,0.4679061,8.080722622111645e-71,2.0450243011298724e-70
EBNA1BP2,17.792141,0.4448692,8.13115080613469e-71,2.0569542839942832e-70
MRPS31,17.78736,0.3413581,8.855654802756327e-71,2.2393280697673234e-70
SIGIRR,-17.782541,-0.24583414,9.650416549753307e-71,2.4393133711214826e-70
UBE2Z,17.777615,0.35124066,1.0537003309448586e-70,2.6623381544390288e-70
SAMM50,17.774874,0.34854865,1.1064655674162085e-70,2.794529103655955e-70
RANBP9,17.770588,0.5644394,1.1943127416382849e-70,3.0151818045557346e-70
GET4,17.770144,0.35825437,1.203819489374469e-70,3.0379567267150773e-70
ESYT1,17.763124,0.27720255,1.3642660613394945e-70,3.4414711611854344e-70
F2R,17.762108,0.18123862,1.3891729986426123e-70,3.502888464130666e-70
DNASE2,17.75627,0.46814963,1.5414325669043416e-70,3.885254689183546e-70
BLOC1S6,17.755728,0.2748659,1.5564162352205683e-70,3.921441791196083e-70
PDS5B,17.751217,0.38660723,1.686609372710333e-70,4.247756938677876e-70
IMP3,17.745068,0.17012183,1.881760806964089e-70,4.737342297129714e-70
APOBEC3D,17.74281,0.61961484,1.9589009176691813e-70,4.929559187827191e-70
CIR1,17.731432,0.19231838,2.3984488482036343e-70,6.033251304528322e-70
MEF2D,17.726189,0.3233354,2.6329191330634635e-70,6.620394733297841e-70
BCKDK,17.713987,0.7374676,3.270588283360501e-70,8.220490277502329e-70
DENND4A,-17.71027,-0.57539016,3.493897330787494e-70,8.778241647151229e-70
PSME3,17.708328,0.31945828,3.616590428542503e-70,9.082854163372902e-70
ADPRHL2,17.689703,0.36695802,5.034051686004907e-70,1.2637651423614246e-69
HDAC7,17.683836,0.5044888,5.5862813280627354e-70,1.401836180840773e-69
CSTF1,17.680279,0.57082665,5.950117662445808e-70,1.4925395387434232e-69
MRPL44,17.678846,0.40254137,6.103286834960251e-70,1.530347191964382e-69
ANTXR2,-17.674917,-1.4816386,6.543596379717768e-70,1.6400937079933638e-69
DNAJC3,17.662752,0.18963061,8.118223748746816e-70,2.0339450449403315e-69
MARCH7,17.660427,0.19263366,8.459758384581162e-70,2.118664870053633e-69
NRAS,17.65125,0.41644984,9.952803796653406e-70,2.4915862565771793e-69
ECHDC1,17.647787,0.25309741,1.058217934634037e-69,2.648084559628214e-69
MRPS14,17.640303,0.4186089,1.2081069525990586e-69,3.0219580549618994e-69
CCM2,17.638752,0.24072666,1.2417390345735355e-69,3.104843885008808e-69
NAA50,17.630762,0.14399497,1.4302712441294287e-69,3.574820976138117e-69
UPF3B,17.630207,0.31582585,1.4443492685748235e-69,3.6085659042348627e-69
MCRS1,17.624702,0.382663,1.5920312828086006e-69,3.975947187724793e-69
MXRA7,17.623535,0.3513706,1.6252439897560882e-69,4.0572731045147994e-69
LGALS8,17.622814,0.30837658,1.646082215922581e-69,4.107654703953597e-69
PAPSS1,17.621294,0.50280255,1.6909385109822325e-69,4.217907226756319e-69
FNDC3B,17.610138,0.7648211,2.0594311866137637e-69,5.135034477264131e-69
IQGAP2,-17.59779,-0.26899737,2.561240839758434e-69,6.383714220529388e-69
NCOR2,17.580156,0.41016635,3.49616366223565e-69,8.71047386337962e-69
BANP,17.571674,0.41439718,4.0601395948591894e-69,1.011155784452193e-68
LARP4,17.564066,0.42875487,4.642806052374076e-69,1.1558055974394038e-68
VTA1,17.5617,0.2758711,4.840239670473763e-69,1.2044765067018242e-68
HIRIP3,17.559954,0.6148396,4.991560951557186e-69,1.2416383822243243e-68
CMAS,17.556286,0.49160817,5.324750883169949e-69,1.3239921114909062e-68
TMEM230,17.546934,0.15033638,6.277900598255836e-69,1.5603713207265995e-68
HINT1,-17.545984,-0.07370149,6.383802727389359e-69,1.5860631398946716e-68
CCDC82,17.543715,0.30681494,6.643855890397212e-69,1.6500183584884857e-68
TMEM126A,17.541449,0.3237396,6.91424750652012e-69,1.716489380983725e-68
VHL,17.533754,0.34036314,7.91643034635354e-69,1.9645056821415208e-68
SLC35B2,17.53097,0.54742604,8.313885483468166e-69,2.062318302322635e-68
ZFYVE28,17.530508,0.28720614,8.381837887250379e-69,2.0783502902353696e-68
TOLLIP,17.529696,0.4505934,8.502243950437577e-69,2.1073707667962552e-68
MRPL38,17.525595,0.2632213,9.137976920268803e-69,2.2640468757703616e-68
CLPTM1,17.525076,0.3061443,9.221982381521601e-69,2.2839557315439086e-68
ABT1,17.516073,0.23241654,1.0802905216835066e-68,2.6744351023553693e-68
MRPS26,17.5021,0.2900168,1.3808455550155925e-68,3.4171557722221307e-68
TRPC4AP,17.501013,0.22040188,1.4074362321216966e-68,3.4815820751891396e-68
SLAIN2,17.497358,0.27226543,1.5006974573409765e-68,3.710815530879506e-68
TTC39C,-17.49479,-0.32201144,1.5699244674146742e-68,3.880461267540973e-68
ALDH9A1,17.4934,0.26759854,1.608638270520967e-68,3.974581761603147e-68
CCDC6,17.491299,0.435865,1.6690946409288588e-68,4.1223277037706045e-68
RUNX1,17.486506,0.29254565,1.815515151090904e-68,4.4821873659134555e-68
ABI1,17.486189,0.16230562,1.8256292072733834e-68,4.505379219211947e-68
DCAF12,17.480968,0.51236784,2.0007361761872946e-68,4.93556999930115e-68
IKBKG,17.479813,0.33645344,2.041673151117408e-68,5.034571239018725e-68
HDAC1,17.461483,0.17697643,2.8152317768751137e-68,6.939357760492795e-68
SSR1,17.459929,0.16276303,2.892962136610737e-68,7.128149321243312e-68
CFDP1,17.45407,0.276784,3.2056228365621693e-68,7.895423805327925e-68
TAF11,17.450117,0.2876226,3.435285828755203e-68,8.457752123058855e-68
RNF38,17.449234,0.35116395,3.488768685013527e-68,8.586049131960908e-68
SUCO,17.43318,0.24807552,4.620358446860736e-68,1.1366481495698295e-67
SMIM19,17.42744,0.26450714,5.108097027021635e-68,1.256142099097773e-67
ATP6AP2,17.425303,0.15566666,5.3027841522157205e-68,1.3035056053540883e-67
USP4,17.424784,0.2556155,5.350970450331254e-68,1.31483390169962e-67
MLX,17.42217,0.290786,5.601053222545525e-68,1.3757435791222931e-67
ACAP1,17.416819,0.11649349,6.150365000913063e-68,1.5100739185915276e-67
DNAJC1,17.411564,0.12296217,6.741735948556666e-68,1.65462142385918e-67
ATG101,17.400976,0.27731842,8.110753321405359e-68,1.9898381481847813e-67
CCNT2,17.390282,0.24298903,9.775243034774568e-68,2.3972528587044177e-67
FASTK,17.374214,0.3170514,1.2936649676304703e-67,3.1713040899279865e-67
RAB37,17.370916,0.415591,1.3701962982590956e-67,3.3575981362745404e-67
RPL26L1,17.368225,0.49091518,1.4360151454329751e-67,3.5175061667301066e-67
CXorf40B,17.366102,0.42384136,1.490087639315059e-67,3.6485276992387516e-67
STK16,17.361147,0.4323184,1.624465756636184e-67,3.976000693863837e-67
AGGF1,17.348715,0.28351715,2.017032847355733e-67,4.934907115000965e-67
BAG1,17.348602,0.21068442,2.021031190970828e-67,4.94275650145172e-67
HMOX2,17.33897,0.16762437,2.3897821877511136e-67,5.8423123745881073e-67
ZCCHC8,17.334753,0.3512217,2.571695072358327e-67,6.284579833075662e-67
ABCC1,17.323341,0.35172594,3.1361047305168404e-67,7.660863410430828e-67
GBF1,17.321404,0.34122053,3.243442629608135e-67,7.919975445288248e-67
STX6,17.306612,0.5284548,4.1937827980593066e-67,1.0236560743136567e-66
UXT,-17.29532,-0.15950981,5.101913541057829e-67,1.2448350668041256e-66
KCTD9,17.291418,0.7142486,5.4592017304802194e-67,1.3314918528609846e-66
TMC6,17.29064,0.16059312,5.5334102422424115e-67,1.3490652562536447e-66
ALKBH6,17.287958,0.42533234,5.796963919000949e-67,1.41277001469692e-66
POLG,17.282852,0.39642754,6.33376903105739e-67,1.5429929539834515e-66
GIGYF2,17.26527,0.3557861,8.59001599233152e-67,2.091831064539743e-66
BTBD1,17.262737,0.3753657,8.975328628102167e-67,2.1848115135177882e-66
CDKN1A,-17.257292,-0.40589538,9.862858488710633e-67,2.3999238702984723e-66
BCAP31,17.255856,0.121105276,1.0111372709326341e-66,2.459438089795707e-66
BTF3,-17.24579,-0.036424667,1.2035360328460606e-66,2.9262811587582413e-66
CCDC88B,17.244478,0.43445632,1.23117355062644e-66,2.9912521924476816e-66
EIF2B1,17.244476,0.35606158,1.2312139379080532e-66,2.9912521924476816e-66
PIK3CG,17.243504,0.3228232,1.2521182359630478e-66,3.040858573053116e-66
THOC3,17.231798,0.27125213,1.533091373683338e-66,3.7217771182626936e-66
RNF10,17.225399,0.1770112,1.712432663586993e-66,4.1555386902250685e-66
ATP6V1H,17.21821,0.29931355,1.9388997240880712e-66,4.7032790515296523e-66
SH3GLB2,17.214092,0.4701708,2.0818937086277645e-66,5.048188775649338e-66
MXI1,-17.212349,-0.9499118,2.1454808025994233e-66,5.200359512228591e-66
EIF3D,17.21155,0.13006948,2.1753179286766565e-66,5.270638637413308e-66
RBM26,17.206106,0.2470453,2.3896689812447734e-66,5.7877542186091e-66
DHX38,17.19178,0.39722887,3.0598890917603726e-66,7.408152537946165e-66
USP8,17.18942,0.1991933,3.1870374260551754e-66,7.713000440000455e-66
USP16,17.185383,0.13973476,3.4168194927458347e-66,8.26590206752434e-66
PTBP3,17.184422,0.12982258,3.473938755899709e-66,8.400835275186927e-66
GLMN,17.17411,0.4338943,4.149690448493622e-66,1.0031090975956762e-65
CASC3,17.16182,0.3159836,5.128083122770912e-66,1.2391382006973668e-65
TMEM189,17.154518,0.5201191,5.81506310158288e-66,1.4045959368147683e-65
FBXW11,17.152132,0.30881485,6.058845569179819e-66,1.4629153948587012e-65
BIN2,-17.14299,-0.18467358,7.090848035555721e-66,1.7114330752483252e-65
UBAP1,17.131527,0.24203035,8.635801337740537e-66,2.083516126837825e-65
IKBIP,17.124859,0.3421825,9.68427231457748e-66,2.335574695450914e-65
TSTD1,17.122679,0.14743854,1.005406583995338e-65,2.423824119258125e-65
ABHD3,17.119062,0.27016532,1.0698323692100423e-65,2.578147650916034e-65
GRINA,17.10987,0.34815267,1.252782825243864e-65,3.0178703714769403e-65
CTSA,17.107199,0.16100176,1.3115864055336539e-65,3.158308142039468e-65
TRIM21,17.105309,0.48332095,1.354820424539556e-65,3.261160667918223e-65
AP3B1,17.10236,0.21622989,1.4251436492914653e-65,3.4291148730643873e-65
VEZT,17.100578,0.39814582,1.4693984915162902e-65,3.534239509006502e-65
DFFA,17.086828,0.541415,1.860186766679424e-65,4.472455193061675e-65
IER3IP1,17.069199,0.22833851,2.5163180249925234e-65,6.047670212967048e-65
ATP6V1B2,17.061287,0.35653457,2.8813451740919398e-65,6.92231006494592e-65
SGTA,17.045847,0.46406865,3.7526912307273744e-65,9.01222124354336e-65
AP2B1,17.034245,0.19027835,4.57610284940194e-65,1.0985456418211257e-64
ZNF394,17.030487,0.19091381,4.879645930911204e-65,1.1709652836126004e-64
ZCCHC2,17.029846,0.50102663,4.933406867755128e-65,1.1834123222651871e-64
RNASEH1,17.02621,0.39459148,5.249485523185684e-65,1.2587497674606992e-64
TMEM87A,17.014193,0.19704933,6.4454705896866166e-65,1.5449373183555354e-64
VPS26B,17.011335,0.29041222,6.767648640106089e-65,1.6215400188626463e-64
CTNNBL1,17.009203,0.37477767,7.018620500943831e-65,1.6810294737329482e-64
CCDC115,17.004202,0.26739365,7.643806669025574e-65,1.830067145863911e-64
HDDC2,16.993221,0.27367026,9.218595361923564e-65,2.2062560284695417e-64
LEO1,16.990286,0.3997335,9.69152650452319e-65,2.3185541037207294e-64
GTPBP4,16.989912,0.3018697,9.753392824853203e-65,2.33246274894043e-64
WBP4,16.96676,0.5193717,1.4469458433682012e-64,3.458958042075455e-64
MRPL1,16.958973,0.32308343,1.6520438966816163e-64,3.947741259602823e-64
RIF1,16.94683,0.22539482,2.031095155865947e-64,4.85167288854424e-64
TIMM10,16.946722,0.31621933,2.0348461818655495e-64,4.8587777533400295e-64
DNAJC2,16.946442,0.2151433,2.044592014819295e-64,4.880186052922362e-64
MARCH5,16.939194,0.30248907,2.3127601838163895e-64,5.518164649105771e-64
BCL7B,16.93611,0.18117575,2.4371618273700446e-64,5.812765685103698e-64
WDR82,16.931955,0.19650745,2.6154257692587322e-64,6.235557779147343e-64
TM9SF2,16.924593,0.16263892,2.9639334373388444e-64,7.063759079615928e-64
UHRF1BP1L,16.924292,0.47863474,2.9790569174914552e-64,7.097098277161669e-64
TFAM,16.912718,0.22134605,3.625900383522533e-64,8.634805024483048e-64
TFIP11,16.908834,0.29634506,3.8728833784770075e-64,9.219466672660639e-64
SLC39A1,16.898418,0.49525955,4.621326846447905e-64,1.099696491113659e-63
TOP1,16.89809,0.111860864,4.647122706877776e-64,1.1054144355219532e-63
SNRNP35,16.893757,0.4396324,5.0014770617541556e-64,1.1892527745470922e-63
YDJC,16.891518,0.31567752,5.195007513499481e-64,1.2348011779807276e-63
NDUFS4,16.887045,0.30804017,5.6039853972647906e-64,1.3315052276980074e-63
LYRM4,16.88659,0.6869011,5.647436858651979e-64,1.3413198552667722e-63
PELO,16.88193,0.4409966,6.111457024427093e-64,1.450978183863981e-63
TAF12,16.869333,0.30441093,7.564593552589906e-64,1.795299592754266e-63
SAP30BP,16.866182,0.17887188,7.979022870864645e-64,1.8929376973882906e-63
YPEL2,16.863005,0.6077626,8.419836558250498e-64,1.996758813814068e-63
OSBPL3,16.846199,0.38680872,1.1187864673536714e-63,2.6521895186678926e-63
POLR1D,16.84313,0.12688091,1.1783669227476504e-63,2.7923725260262504e-63
NDUFB8,16.833248,0.24118029,1.392473950790634e-63,3.298491872830824e-63
USP15,16.83097,0.1154744,1.4470925983287294e-63,3.4265750549373703e-63
ARHGAP15,-16.820456,-0.2330015,1.7282297533023173e-63,4.090732249965682e-63
ERAL1,16.816542,0.5642205,1.8462914516199082e-63,4.3685322697935503e-63
ODF2,16.798237,0.3975916,2.514085110197903e-63,5.946357825859388e-63
GUK1,16.79607,0.10413622,2.6075646819163995e-63,6.165126473948977e-63
LNPEP,16.790201,0.11896255,2.8786434298971245e-63,6.803473100655993e-63
STK25,16.780653,0.32194188,3.3809434824197244e-63,7.987606656351131e-63
TNIP2,16.772642,0.25266337,3.869141947809609e-63,9.137543233483169e-63
PJA2,16.766323,0.1888263,4.303276825957589e-63,1.0158981065354972e-62
ANKRD13D,16.760906,0.2270274,4.713775557048719e-63,1.112387019422738e-62
SPIN1,16.755415,0.5553579,5.169827607865925e-63,1.2195490767273464e-62
KIN,16.751564,0.39439553,5.515684482547792e-63,1.3006453872151897e-62
DNTTIP1,16.745663,0.46156785,6.090833906795041e-63,1.4357293489415892e-62
PPFIA1,16.743488,0.4209093,6.317596723537561e-63,1.4886209078135962e-62
NUP107,16.738798,0.3162763,6.835384078212255e-63,1.6100211895066216e-62
KLHDC3,16.737923,0.39569804,6.93666103418151e-63,1.633261250652598e-62
TAF9,16.721277,0.24577829,9.173153458812669e-63,2.159038677138151e-62
MED27,16.71317,0.321121,1.0510021576430804e-62,2.4727602475423506e-62
SNRNP200,16.711317,0.15705147,1.0841513141913524e-62,2.549793466759812e-62
PRPF6,16.698307,0.17325875,1.3483572845497297e-62,3.1699824021582523e-62
AKAP11,16.697823,0.43000257,1.3593600355929896e-62,3.1946492797406996e-62
HMG20B,16.692726,0.35759377,1.4805339714697701e-62,3.4781151053379204e-62
IDH3B,16.69155,0.26090497,1.5100090145615633e-62,3.5460271753367643e-62
PRR7,-16.686016,-1.052679,1.6566553567584386e-62,3.888944056990916e-62
CLPX,16.681604,0.42235196,1.7836314995830923e-62,4.185445859486807e-62
RAP1A,16.6791,0.1227963,1.8599839726730768e-62,4.3629770277625675e-62
DLD,16.664343,0.30092642,2.3809326125888694e-62,5.582876470898039e-62
RANGAP1,16.651743,0.3658206,2.9391398063982205e-62,6.8891939411117525e-62
NTAN1,16.649506,0.38719967,3.051116293974528e-62,7.148982597417471e-62
TMEM199,16.645458,0.4606229,3.2645484079055003e-62,7.646205481039614e-62
CTNNBIP1,16.642437,0.5976891,3.4335509370183584e-62,8.039032433378311e-62
CNOT6L,16.632147,0.123596124,4.077185191193736e-62,9.542413227126081e-62
CAND1,16.625677,0.19065486,4.542109210437808e-62,1.0626565153514931e-61
TMEM238,16.621387,0.36366218,4.879064786548097e-62,1.1410627777437343e-61
PRMT2,-16.613274,-0.22008188,5.585939231924589e-62,1.305890726267572e-61
CENPC,16.607254,0.13922368,6.175687908456737e-62,1.4432238907473048e-61
ZFP36L1,16.603012,0.11270242,6.627941450172049e-62,1.5483346419819395e-61
RPAP2,16.601078,0.27585396,6.845062632104517e-62,1.5984588214425477e-61
DPYD,-16.596859,-0.4466725,7.343477348159486e-62,1.7142087421673785e-61
MARK2,16.586922,0.32021978,8.664905551819e-62,2.0219190276829415e-61
PPIE,16.583136,0.28365937,9.228636484302035e-62,2.1526603223636665e-61
ZNF22,16.579056,0.22889979,9.876736522906682e-62,2.3029766562543497e-61
MYH9,16.57005,0.10365664,1.147331376381703e-61,2.674256740180303e-61
ZC3H18,16.568552,0.27212816,1.1762288435770208e-61,2.7405913018315983e-61
ADSL,16.55602,0.23720516,1.4486273626561452e-61,3.3740181611231735e-61
ARNT,16.553755,0.5977183,1.5042231358336989e-61,3.5022031774378934e-61
GLS,16.549067,0.09210467,1.6260401409460715e-61,3.784414851844726e-61
ZC3H13,16.546827,0.18233277,1.687641212726655e-61,3.926323327191504e-61
GFER,16.533514,0.42385846,2.1050796247543626e-61,4.8956796031462055e-61
ZCCHC10,16.532145,0.32860714,2.153459898146106e-61,5.006334122185819e-61
FAM110A,16.523804,0.39037424,2.4730106812354978e-61,5.747085743614144e-61
TOR2A,16.520601,0.53957236,2.6078264093235547e-61,6.058136656787285e-61
GPR18,16.512321,0.38761547,2.9914769914163637e-61,6.946800318597168e-61
ZNF131,16.50539,0.23416378,3.3555392897128876e-61,7.78933350517396e-61
CTR9,16.50147,0.16911797,3.5806130371261786e-61,8.308722240453032e-61
CWC22,16.499249,0.27432376,3.714920275258038e-61,8.6171825146512e-61
N4BP2L1,16.489525,0.2864454,4.3636606323715965e-61,1.0118258308419831e-60
GSTK1,-16.488432,-0.11576859,4.443291734981597e-61,1.0299085992606473e-60
MRPL2,16.484997,0.39302063,4.7032457259871936e-61,1.0897594541398475e-60
MAPKAPK2,16.47196,0.2870376,5.834799860022366e-61,1.3514442030470167e-60
UNC45A,16.467676,0.3888184,6.263058464674138e-61,1.4500996948557146e-60
VAV1,16.45833,0.31811777,7.308805682303768e-61,1.6915977931369727e-60
GNG10,16.45199,0.3826367,8.115753135140862e-61,1.8776683288994538e-60
ZFAND6,16.434296,0.1881345,1.0868002204477502e-60,2.5135017298044824e-60
SERTAD2,16.429749,0.35958162,1.1714390413226678e-60,2.7082493135678526e-60
ZNF622,16.428864,0.21392693,1.1886408648742312e-60,2.7470030478955264e-60
CTBS,16.42734,0.30832833,1.2189184542189247e-60,2.8159356903964523e-60
PPIG,16.421288,0.119684145,1.346787052552724e-60,3.1101881878072503e-60
CDC42SE1,16.413332,0.11209392,1.535406506935941e-60,3.544466091288283e-60
DHX36,16.41131,0.11462607,1.5874328794153978e-60,3.663216559801818e-60
PEX2,16.396502,0.3747028,2.0257389358724002e-60,4.67294350398884e-60
UHMK1,16.385601,0.15475193,2.423648532217158e-60,5.588774499650034e-60
DHX9,16.383575,0.19017693,2.505743273512193e-60,5.775950596570478e-60
RWDD1,16.377602,0.11981369,2.764276756596804e-60,6.369545263082729e-60
AP3S1,16.368874,0.16416228,3.1906456354344253e-60,7.349292744947631e-60
RLF,16.352177,0.18432645,4.1971372944010467e-60,9.6640746830228e-60
ADORA2A,16.33717,0.5714822,5.36887008836503e-60,1.2357487591174257e-59
CDC42EP3,-16.332159,-0.2615823,5.828418855335792e-60,1.3410293622280514e-59
FBXL6,16.328035,0.63020116,6.236069504162622e-60,1.434295985957403e-59
NSL1,16.326668,0.2556281,6.37740624052655e-60,1.466264367538923e-59
HSF1,16.325245,0.20628731,6.527733426127221e-60,1.5002755442267413e-59
SSR4,16.324436,0.1044714,6.614862333593155e-60,1.519742150530987e-59
MVP,16.306782,0.2140066,8.832640411342034e-60,2.028524170828038e-59
FAM76B,16.295198,0.31380126,1.0675520399403664e-59,2.450864426373186e-59
IRF9,16.29166,0.46695295,1.1311698649628225e-59,2.595964297581591e-59
GRAMD1B,16.290077,0.66907865,1.1608320273117152e-59,2.6630601990693404e-59
SUPT6H,16.289265,0.20983247,1.1763602499417244e-59,2.6976941802182653e-59
MYO1F,16.277704,0.19282445,1.4209862718311702e-59,3.257489965766142e-59
CHD8,16.272476,0.26456183,1.5476857210278971e-59,3.546638047893965e-59
CUL3,16.272259,0.19142604,1.5531865134771418e-59,3.5579402520369822e-59
ANKRD44,16.267235,0.103620045,1.6860248495587653e-59,3.860824106456675e-59
ACTR10,16.25623,0.2266452,2.0177968160769454e-59,4.618857256266875e-59
ZNF644,16.250998,0.14512675,2.1976082080544402e-59,5.028616294655662e-59
MT1X,16.250189,-0.19983646,2.2267464849477245e-59,5.093428157160133e-59
JUND,16.24427,0.11443125,2.4524221740345346e-59,5.607585204956158e-59
TMEM107,16.242022,0.30125895,2.5440394831973375e-59,5.814947390165343e-59
SLC50A1,16.24108,0.5007817,2.583361478697768e-59,5.902669616776199e-59
SLC4A7,16.232006,0.15269586,2.995123850922591e-59,6.840998470745429e-59
ACOT2,16.22595,0.5873311,3.305627370680885e-59,7.5474470186057e-59
TGIF2,16.224571,0.32777047,3.380680628388574e-59,7.715993437139336e-59
JARID2,16.223724,0.4120622,3.427642122238726e-59,7.820324258470266e-59
PHF20L1,16.208923,0.16508015,4.3613978484134495e-59,9.94710351428164e-59
RWDD4,16.208742,0.34474635,4.374350328138589e-59,9.973008619837832e-59
RDX,16.204927,0.4866006,4.654326868514477e-59,1.0607456790319334e-58
TSC22D4,16.198198,0.14181414,5.192578342242397e-59,1.1829850731634536e-58
JAGN1,16.194448,0.29716203,5.51899036387748e-59,1.256891289276211e-58
PRRC2A,16.186338,0.20735292,6.296616077216687e-59,1.4334654359194904e-58
TPP2,16.18476,0.22495252,6.460258215400508e-59,1.4701846269751029e-58
LLPH,16.183456,0.27084485,6.598362910402812e-59,1.5010675769992724e-58
CLIP1,16.18311,0.23614821,6.635785534833563e-59,1.5090321448898135e-58
BIRC2,16.182457,0.20756716,6.706346992550045e-59,1.524524229120388e-58
ZGPAT,16.164267,0.31716487,9.010341879487189e-59,2.047537188451575e-58
RB1CC1,16.161737,0.19168861,9.387903631753168e-59,2.132560824990843e-58
ACLY,16.15909,0.33254677,9.79973935641307e-59,2.2253056048537268e-58
DDX42,16.144457,0.26952806,1.2423639770397549e-58,2.820112133657731e-58
LTV1,16.144245,0.4638359,1.2466301398397588e-58,2.8287697333469463e-58
GMFG,16.131296,0.10597608,1.5375891552209734e-58,3.487729425330823e-58
GIT2,16.123774,0.20109634,1.736747487821691e-58,3.9380544703923516e-58
UBA6,16.115229,0.33089444,1.9942647864943985e-58,4.5203335160539704e-58
RUFY1,16.114655,0.43369696,2.012828248999181e-58,4.560758249090502e-58
PIGS,16.11005,0.47020462,2.1684525193547566e-58,4.911599913498681e-58
CLK3,16.106995,0.23430687,2.278339794081887e-58,5.158629660432966e-58
MRPS35,16.104753,0.2595041,2.3623977781497358e-58,5.347018994249184e-58
DHX15,16.097303,0.20058669,2.664674867853136e-58,6.0290075852763904e-58
PRIM1,16.096441,0.6480396,2.702055096516589e-58,6.1113726261054885e-58
LCMT1,16.083603,0.26596078,3.324648448584298e-58,7.516805455129516e-58
SRM,16.077108,0.2633834,3.692153740945834e-58,8.344694293120353e-58
HLA-E,-16.076256,-0.046274275,3.74335131982419e-58,8.457351338685494e-58
HPS1,16.075377,0.20129539,3.7968012735872265e-58,8.575013995509635e-58
DRG2,16.072662,0.3372047,3.9667842301478554e-58,8.955684642296998e-58
MTMR2,16.070925,0.6222669,4.079600295029541e-58,9.207063292101301e-58
C5orf24,16.066261,0.34612703,4.3983116005747976e-58,9.922768616370694e-58
SPG21,16.064178,0.24836013,4.5485161288605545e-58,1.0257936878929931e-57
CBX1,16.06219,0.40658346,4.696753690734649e-58,1.0588429221346292e-57
SNAP29,16.05817,0.34150574,5.0111229806693546e-58,1.1293078302257738e-57
MBNL1,16.056395,0.09078969,5.1567306142694394e-58,1.1617035190086285e-57
PRPF38B,16.038355,0.10547208,6.895698519466238e-58,1.5528974059676308e-57
LDHA,16.028522,0.08064106,8.07801819431942e-58,1.8184988061771248e-57
PDRG1,16.023123,0.5271391,8.811098749415948e-58,1.9828141646167685e-57
EP300,16.019978,0.2198155,9.26836776236156e-58,2.0849661532302742e-57
VPS35,16.015354,0.19835171,9.983678842557652e-58,2.2450717052135396e-57
UTP23,16.01449,0.22120968,1.012332657040753e-57,2.2756568819428498e-57
RNMT,16.002903,0.15329646,1.2195175612461793e-57,2.740410151995725e-57
ADNP,16.000217,0.33324978,1.2732913897686347e-57,2.8599980304257926e-57
LZIC,16.0002,0.36629528,1.273650018025297e-57,2.8599980304257926e-57
UBLCP1,15.987731,0.23827761,1.555967804142033e-57,3.4926927099793894e-57
BORCS6,15.982927,0.44715112,1.6806450740344138e-57,3.7712035807601485e-57
PUM1,15.980283,0.19403149,1.753473342717716e-57,3.9332123456586705e-57
SLC25A20,15.979961,0.47477216,1.7625534685653302e-57,3.9521629029909344e-57
WRAP73,15.979012,0.4596433,1.789611849539821e-57,4.011397968728456e-57
ANXA2,15.978284,0.11710626,1.810632221688401e-57,4.05706131048805e-57
PSD4,15.978235,0.3027076,1.812027702599172e-57,4.058734445922098e-57
GIMAP5,-15.97053,-0.36241522,2.050388752268397e-57,4.590992138221579e-57
RHOH,15.962319,0.10669225,2.338778055016535e-57,5.234846337096044e-57
PEX16,15.95649,0.28214,2.5677406692374377e-57,5.745273829309517e-57
TUBGCP2,15.942528,0.25673088,3.2109877353638297e-57,7.181958981922101e-57
DYNC1I2,15.933214,0.36453298,3.726988873181831e-57,8.333110218236431e-57
PSMB5,15.931773,0.30091417,3.81384751991391e-57,8.524269412140558e-57
NMRK1,-15.931331,-0.43062326,3.8409464505094876e-57,8.58177178370977e-57
INPP5D,15.925513,0.17978092,4.2153825821483784e-57,9.415006581192523e-57
GTF2F1,15.925172,0.18385854,4.238447150119255e-57,9.46314253074449e-57
DNAJA4,15.922553,0.29677474,4.4196742147528394e-57,9.86424612468561e-57
SLC35D2,15.915954,0.530601,4.91131709930418e-57,1.095763187348322e-56
UNC50,15.914936,0.37878582,4.991782813059297e-57,1.1133188334580735e-56
IKZF2,15.909212,0.6532744,5.469756937771504e-57,1.2194867926834828e-56
HIVEP1,15.897193,0.7318366,6.626820185554214e-57,1.4769286455585027e-56
CHCHD3,15.88595,0.2131184,7.928777534651026e-57,1.7664683852128496e-56
MIA2,15.885536,0.24850138,7.981277508639131e-57,1.7775319364203064e-56
MPPE1,15.880185,0.29870388,8.692090008109977e-57,1.9351500032290398e-56
UBA1,15.880116,0.24962685,8.701663529372986e-57,1.936592210592579e-56
MRPL15,15.878892,0.55258566,8.873203861104033e-57,1.9740669756424906e-56
SS18L2,15.877971,0.12847836,9.004476655960429e-57,2.0025597568321522e-56
GORASP2,15.869718,0.17561035,1.0270119382672301e-56,2.2832219921108005e-56
ATF2,15.867627,0.2575043,1.0618010367968273e-56,2.3597255013147254e-56
GOLGB1,15.867435,0.12126276,1.0650519595594224e-56,2.3661097510666716e-56
PPIL3,15.8615885,0.37159404,1.1689953473639122e-56,2.59610752329025e-56
ACBD5,15.835502,0.43685937,1.7704032537395847e-56,3.93032035322741e-56
CCNT1,15.833969,0.17383581,1.8140825167206475e-56,4.02586031380077e-56
ITPR1,15.831946,0.34209454,1.8733507005818052e-56,4.155915596751692e-56
CNIH1,15.83102,0.19682129,1.9011277347868646e-56,4.216042222200151e-56
HIST1H2BK,15.827202,0.5220642,2.0200683080523117e-56,4.478223719055727e-56
C21orf91,15.820635,0.22994609,2.2422057617587926e-56,4.96891223718137e-56
HARS,15.800624,0.25569522,3.080517615208858e-56,6.824262818961266e-56
KLRB1,15.798313,0.050292198,3.1955476053319353e-56,7.076582590781092e-56
DNPEP,15.783052,0.255667,4.0701782780212394e-56,9.010274347947938e-56
C19orf48,15.782268,0.5884913,4.12109762015457e-56,9.119768911102578e-56
SLC25A4,-15.780608,-0.6973939,4.230892609994718e-56,9.359428630879404e-56
GLE1,15.778497,0.5954338,4.3748235313662405e-56,9.674406508387133e-56
MED28,15.776562,0.20864564,4.511018637734336e-56,9.97206098857456e-56
SSH2,-15.774317,-0.336254,4.674271037836153e-56,1.0329296931368058e-55
FMNL3,15.773736,0.48549908,4.717486745979559e-56,1.0421114789141284e-55
EXOSC4,15.772194,0.5869005,4.834107212315621e-56,1.0674964602981478e-55
PHACTR4,15.764565,0.32136747,5.454592757624597e-56,1.2040907654092971e-55
NCAPH2,15.763009,0.5971372,5.5906550933740045e-56,1.2336909440616499e-55
SRPRA,15.75848,0.10869882,6.006049654467648e-56,1.3248888095327788e-55
RASSF5,15.752297,0.12451049,6.623074531422781e-56,1.4604848173627395e-55
PLIN2,15.736022,0.2054717,8.56619359399185e-56,1.88830539549024e-55
CBFB,15.726974,0.24793659,9.882318179687674e-56,2.1776605330090203e-55
MAN1A2,15.720209,0.21693821,1.0996005622555818e-55,2.4222187033348308e-55
DCTN6,15.711126,0.2598869,1.2690382139784922e-55,2.7944748562652047e-55
MBD4,15.699688,0.18214726,1.5198827271911638e-55,3.3456672559141174e-55
CDC27,15.695546,0.2780581,1.6224056268357968e-55,3.570091312516618e-55
NMT1,15.692831,0.30983666,1.6933124966883582e-55,3.7248111741499184e-55
TES,-15.687018,-0.3351551,1.8557010117409863e-55,4.0805854233573324e-55
USP47,15.682312,0.16768599,1.9984511089269984e-55,4.392941018077056e-55
POP5,15.679006,0.21503852,2.1052333615037116e-55,4.626041415373102e-55
ARF3,15.673468,0.2462424,2.2969837655045756e-55,5.045621642203871e-55
GOLGA2,15.670224,0.36343023,2.417261422542283e-55,5.307963306221314e-55
ISCU,15.66602,0.1216607,2.582518987487956e-55,5.668855714289352e-55
TRIP12,15.650197,0.2084027,3.311931717722105e-55,7.267430665054187e-55
FAM126A,15.645395,0.5340177,3.571465225394102e-55,7.83418178473545e-55
ZNF791,15.640672,0.293871,3.8465061031423215e-55,8.434539846217443e-55
UPF2,15.635597,0.19688626,4.1655336358470794e-55,9.130896435129407e-55
PIK3CD,15.628289,0.22510067,4.67177010336928e-55,1.0236985557505505e-54
HAUS2,15.621725,0.33766875,5.178500632907737e-55,1.1343382338750282e-54
MCCC2,15.615492,0.4733404,5.710315052857296e-55,1.250393103628815e-54
TMEM126B,15.606645,0.31524694,6.559703110578291e-55,1.4358818285436594e-54
SPG11,15.598887,0.28977144,7.40738406951543e-55,1.620867252147203e-54
EXOSC10,15.590193,0.23930247,8.487644660782679e-55,1.8565980768481272e-54
DNTTIP2,15.558208,0.11091425,1.3996105240124e-54,3.0604555883333013e-54
POLR2D,15.556065,0.35111472,1.447282923210925e-54,3.163592581274475e-54
RABGGTB,15.548516,0.18260302,1.6283459741159973e-54,3.558132173967753e-54
ACSL5,15.538186,0.24911629,1.9132370258623761e-54,4.179193726883738e-54
RRAGA,15.50938,0.22807501,2.997582617304038e-54,6.545506755271923e-54
CDK13,15.503676,0.18123582,3.275971531991327e-54,7.150899478066204e-54
CUTA,-15.479495,-0.16104658,4.772016458589744e-54,1.0412882792095373e-53
GOSR1,15.475181,0.24256584,5.102981129129524e-54,1.1131188962285323e-53
IARS,15.46463,0.26752597,6.011718721537273e-54,1.310885755382962e-53
LAMTOR3,15.450801,0.28605396,7.451195196762376e-54,1.6242047787785862e-53
AHCYL1,15.448365,0.4352029,7.73812012406408e-54,1.6861609019904173e-53
CALM1,-15.438092,-0.045376994,9.07450849230275e-54,1.976675666011351e-53
UBE2G1,15.437726,0.17130896,9.126149707363945e-54,1.9872325989999598e-53
THOC2,15.434801,0.15559807,9.549372297823897e-54,2.0786664264156682e-53
MTRF1L,15.434527,0.5233753,9.590007332270037e-54,2.08678559550196e-53
RBM33,15.430507,0.15372846,1.0206643597649722e-53,2.2201934056640005e-53
USP42,15.43042,0.3506463,1.0220339678225049e-53,2.2223998966623533e-53
SLC25A6,-15.42088,-0.072177224,1.1847867742257728e-53,2.575408637788893e-53
SNX14,15.41364,0.32304996,1.3253176664203228e-53,2.879884446379138e-53
MAP3K2,15.409424,0.15101592,1.414676304180578e-53,3.0729913051922553e-53
EIF2B2,15.400223,0.46200836,1.6310677893033855e-53,3.541811902076355e-53
ACOT8,15.396585,0.453018,1.7254400706136463e-53,3.745438265704015e-53
RPAP3,15.393792,0.40448603,1.8015649874957334e-53,3.9093272846941756e-53
PMPCB,15.392055,0.17552121,1.8506161127448874e-53,4.014373925565886e-53
ZNFX1,15.389639,0.18601869,1.9210264405538838e-53,4.165664267627417e-53
CDIPT,15.380993,0.2449237,2.1955353813695747e-53,4.75927558761194e-53
KPNA3,15.378289,0.27524248,2.2891578202725307e-53,4.960502709949758e-53
NUP50,15.37808,0.2173064,2.296571592588125e-53,4.974844834913889e-53
GLOD4,15.377077,0.20964964,2.3324178759103675e-53,5.05074635918839e-53
TMEM223,15.369709,0.41842073,2.6134182541678474e-53,5.6572818678456935e-53
DPP9,15.368147,0.37316626,2.6771797465986934e-53,5.793302142760784e-53
AP3M1,15.359238,0.3703387,3.0716628364193264e-53,6.644648238118709e-53
NFU1,15.35066,0.24359442,3.505988734207935e-53,7.581564300451034e-53
FLOT1,-15.343076,-0.4591876,3.940743629762161e-53,8.518760244572246e-53
STARD7,15.335489,0.13802145,4.429207611075962e-53,9.571372302207675e-53
TM7SF3,15.309317,0.36579782,6.625651461562915e-53,1.4312871389343094e-52
TNRC6C,-15.308502,-0.76680404,6.709122344173476e-53,1.448818411637876e-52
CDKN2D,-15.307193,-0.501803,6.84554502910146e-53,1.4777684507266642e-52
NCK2,-15.290577,-0.49847245,8.83641800723897e-53,1.906886203976785e-52
PLAA,15.289698,0.24594022,8.956472413172997e-53,1.932127290234837e-52
ALG3,15.286417,0.3793372,9.41916206222842e-53,2.0312401882558084e-52
PSMD10,15.283923,0.43884602,9.786755373365948e-53,2.1097843423768907e-52
CDR2,15.282092,0.30978593,1.006565662375044e-52,2.169161138070367e-52
DDX50,15.279584,0.173488,1.0460576015029167e-52,2.2534904803726745e-52
SART3,15.277641,0.3140959,1.0777158062751393e-52,2.3208915952004376e-52
NUDCD2,15.258389,0.23460673,1.44778045155076e-52,3.116763422195993e-52
TINF2,15.237087,0.19291309,2.0061599507964844e-52,4.317350069550329e-52
PAXBP1,15.232621,0.27662262,2.1480409346949136e-52,4.6210949406641606e-52
HIVEP3,15.228527,0.63706076,2.2868687903493228e-52,4.918065023178193e-52
MARS,15.228164,0.26879007,2.2995986220266464e-52,4.943741917319141e-52
TMEM33,15.225282,0.32290396,2.4032146403345157e-52,5.1647237340888805e-52
MBNL2,15.220145,0.23052508,2.599539622030299e-52,5.5847252319442134e-52
PUM3,15.216527,0.26148662,2.7473348033710445e-52,5.900215080634828e-52
MAGOHB,15.204281,0.38459206,3.3124646110508057e-52,7.111454566483816e-52
PPP6C,15.200334,0.14520736,3.518228272766112e-52,7.550612718499073e-52
PPP1R21,15.179219,0.3300858,4.855298724329582e-52,1.0416580527916962e-51
TBC1D7,15.174568,0.5787242,5.2119491307062e-52,1.1177906671819674e-51
NDUFS1,15.158537,0.3307163,6.6534965606327636e-52,1.4264658835955644e-51
CPNE3,15.1554985,0.17576195,6.968495149075515e-52,1.493487689366784e-51
MRPS22,15.142574,0.29927957,8.482675980922612e-52,1.817384278652461e-51
UBE3C,15.137913,0.34478304,9.105750867716394e-52,1.9502080598573693e-51
MED10,15.134397,0.11957399,9.605739960944494e-52,2.0565882681611486e-51
ACAA1,15.133759,0.24641162,9.699317134245867e-52,2.0759126921601828e-51
DDX59,15.130671,0.39820808,1.016536520728144e-51,2.1749153466741684e-51
GYG1,15.126475,0.12196111,1.0834491730906363e-51,2.31728479550599e-51
ZBTB17,15.122761,0.6150517,1.1463344816233135e-51,2.4509461780708986e-51
MRPL42,15.102937,0.26398215,1.548781417101551e-51,3.3102755536000356e-51
PRPS1,15.093585,0.18479918,1.7847460417063868e-51,3.813309848673209e-51
PDCD2,15.092859,0.16686665,1.804494128399736e-51,3.854187527234124e-51
PNP,-15.089938,-0.36505574,1.8861814578092354e-51,4.027287098994736e-51
CRKL,15.089703,0.3388619,1.8929252513284118e-51,4.0403071894611205e-51
RAD1,15.075774,0.50761944,2.3376106185925712e-51,4.9877530797800564e-51
CNOT8,15.07445,0.19689606,2.384943179307543e-51,5.087011431894984e-51
SCYL1,15.066655,0.35541368,2.6835806139551427e-51,5.72204509914907e-51
CNOT4,15.064634,0.15367185,2.766925129955829e-51,5.897745694379443e-51
KAT7,15.050499,0.22694635,3.4263818511833875e-51,7.300900838216374e-51
UNG,15.0487385,0.5616564,3.518796025925394e-51,7.49526317268957e-51
SGK3,-15.043184,-1.0683296,3.826877608153533e-51,8.14872236780412e-51
KCMF1,15.035025,0.30718094,4.328855574971034e-51,9.214467668260902e-51
GGA1,15.033576,0.3363796,4.424624643658828e-51,9.415119649908036e-51
ZMPSTE24,15.030302,0.3704949,4.648844298901836e-51,9.88887110980275e-51
CUL5,15.026485,0.22672057,4.9244598641079757e-51,1.0471591063854349e-50
ALAS1,15.02402,0.405662,5.111142469382801e-51,1.0864868259754944e-50
ENDOD1,15.022753,0.557855,5.209826751305775e-51,1.1070881846524772e-50
TRIM13,15.0220785,0.47754654,5.2631282548687583e-51,1.1180349868407114e-50
COMMD1,15.021132,0.21070832,5.338791965312637e-51,1.1337231003053585e-50
GSR,15.017161,0.407213,5.668387119549192e-51,1.2033060678622242e-50
USP11,15.016315,0.15328582,5.74114127621347e-51,1.218337171777187e-50
SEC23IP,15.016209,0.461546,5.750421840852391e-51,1.2198928123558004e-50
MCPH1,15.014083,0.35549185,5.937730344301619e-51,1.2592013909813873e-50
GRAP2,15.007229,0.14896888,6.584168738956369e-51,1.3958169986753998e-50
LAX1,15.004308,0.30772653,6.880534968015623e-51,1.458151313004937e-50
HMCES,15.001247,0.18925878,7.205183998441293e-51,1.526435187749703e-50
ZNF800,14.980575,0.12258289,9.836330127382768e-51,2.0831442544653555e-50
NAA20,14.973811,0.23371138,1.0889848747050678e-50,2.3054786382926917e-50
CLNS1A,14.971107,0.1520811,1.134190753232074e-50,2.400371228761791e-50
RASGEF1B,14.968296,0.17668916,1.1831427098725443e-50,2.5031250568017033e-50
METTL5,14.957339,0.19623676,1.3949341374662698e-50,2.9502055321125707e-50
VTI1B,14.954187,0.19031218,1.4625569787909979e-50,3.092178593888639e-50
STAMBPL1,14.945341,0.33588934,1.6703325013433527e-50,3.530270313650005e-50
STX8,14.942866,0.21449259,1.7335454932380474e-50,3.6626344497457696e-50
TPD52,-14.936543,-0.5329866,1.9060871516532725e-50,4.0258208037619424e-50
CDK12,14.932773,0.14990735,2.017016684892698e-50,4.258675795035005e-50
CPSF2,14.925974,0.43633264,2.233518015559235e-50,4.714199968062947e-50
PGD,14.925794,0.32804528,2.239545201726823e-50,4.7253270765608795e-50
DPM3,14.925653,0.21937862,2.244256491078805e-50,4.733671142342887e-50
HELZ,14.922059,0.16321197,2.3684871376483264e-50,4.994019391010425e-50
TP53BP1,14.921229,0.39089885,2.398135287720128e-50,5.054829636110891e-50
FAM210A,14.918106,0.4536804,2.5130524453973267e-50,5.295269820951726e-50
DDX52,14.914236,0.3721245,2.6630771962470487e-50,5.609498632902874e-50
ABHD12,14.912158,0.3627094,2.7472712119932424e-50,5.784896904150025e-50
VPS36,14.905337,0.15715896,3.04272351761526e-50,6.40487157678367e-50
GLRX,14.90318,0.19862354,3.14259260660902e-50,6.612868936073336e-50
PSPC1,14.901811,0.22922204,3.207697450682008e-50,6.747597596323686e-50
REXO2,14.90062,0.22514695,3.265333206427792e-50,6.8665292569453e-50
PRR5L,14.895245,0.44552484,3.538889127204344e-50,7.439277681381175e-50
SARS,14.89337,0.16358754,3.639538134645787e-50,7.648287057555944e-50
C6orf89,14.888565,0.22075105,3.910708368052168e-50,8.21537661199945e-50
REL,-14.8842945,-0.16557592,4.168609693010154e-50,8.754220288510078e-50
COG4,14.868168,0.43851048,5.30452539749189e-50,1.113594325057358e-49
SNRK,-14.862504,-0.33238968,5.772670925660131e-50,1.2114669342814418e-49
GGNBP2,14.855756,0.115302645,6.3843998614670655e-50,1.339396563827564e-49
CNP,14.850154,0.5444057,6.940887149061979e-50,1.4556550454083721e-49
PRKCSH,14.849856,0.1643023,6.971775840384193e-50,1.4616430850349702e-49
RBKS,-14.84177,-0.4945646,7.865316802854537e-50,1.6484228448461635e-49
NIT2,14.83829,0.32665947,8.284082609538063e-50,1.7356068588503053e-49
LFNG,14.828264,0.5121062,9.61881444387946e-50,2.014573256140271e-49
EFTUD2,14.82802,0.35780826,9.653872170178297e-50,2.0212390996196597e-49
TMX3,14.827517,0.3010774,9.726543200354956e-50,2.035772976293764e-49
RGS19,14.812915,0.18066712,1.2088326484116543e-49,2.529249848984384e-49
CALU,14.811882,0.34124127,1.2275461930882532e-49,2.5675456315480148e-49
SAT1,-14.810853,-0.15573686,1.2464861636410593e-49,2.6062892512494876e-49
ZNF281,14.80858,0.40583023,1.2893464423283857e-49,2.6950054604765722e-49
YAF2,14.806581,0.26257557,1.3282836788628438e-49,2.7754651619792757e-49
CASP2,14.801239,0.5781721,1.4380958433636842e-49,3.0039157249025738e-49
SNX4,14.791791,0.4246751,1.654906517710298e-49,3.455639243923773e-49
ASCC1,14.791245,0.49451426,1.6683808699351239e-49,3.482612853625003e-49
MYCBP,14.790649,0.3560162,1.6832283520985814e-49,3.512433812784765e-49
TAF1D,14.790094,0.10522924,1.697156691896836e-49,3.54031752734465e-49
DYNC1LI2,14.786114,0.30123222,1.8005390077355676e-49,3.7547240107979035e-49
MVB12A,14.781852,0.5138163,1.91818845775717e-49,3.998729420769362e-49
RNF34,14.764162,0.2925305,2.494043400991144e-49,5.1974468742840094e-49
PTRHD1,14.763582,0.21971284,2.5155629529427275e-49,5.240546731138762e-49
CAMTA1,14.7551775,0.210507,2.8493904496772934e-49,5.934016861911167e-49
MUS81,14.732188,0.4226835,4.005229089921745e-49,8.338340494692325e-49
SRPK2,14.722845,0.15345655,4.5989908839137486e-49,9.571286417087296e-49
CYCS,14.721958,0.077076346,4.659695294876813e-49,9.694397660375571e-49
PPP6R2,14.721809,0.27612346,4.669983487324926e-49,9.712572040127906e-49
TMEM101,14.709672,0.4867396,5.587777477774933e-49,1.1617526055486866e-48
SMARCD2,14.7095375,0.43280566,5.598851081455514e-49,1.1636681849031792e-48
RBM4,14.698723,0.12047447,6.5687272963747694e-49,1.3647943529100151e-48
UTP6,14.697194,0.3686146,6.7186248721771526e-49,1.3954753386567154e-48
BAZ2B,-14.6924925,-0.81480265,7.201537079915494e-49,1.4952809814786367e-48
VPS37B,14.687514,0.12093122,7.750512345483283e-49,1.6087327549218123e-48
TNFRSF1A,14.687384,0.27053526,7.765524187353742e-49,1.6113140735019904e-48
PLEC,14.682469,0.22515799,8.349405141307433e-49,1.731892525332205e-48
NUMA1,14.68087,0.18421686,8.548607051835354e-49,1.772624650854557e-48
HERC5,14.679679,0.38547656,8.700174181716287e-49,1.8034555891589492e-48
LITAF,-14.675982,-0.10245531,9.187453739671199e-49,1.9038327457894344e-48
GNL2,14.674185,0.26222008,9.434278979864881e-49,1.9543327582130692e-48
NCBP3,14.669288,0.19046497,1.0140337526189961e-48,2.0998990918187486e-48
KIFAP3,14.666888,0.32745618,1.050535313980556e-48,2.1747680093522034e-48
TMEM242,14.661578,0.42572498,1.1360141180838662e-48,2.350944202028669e-48
NKIRAS2,14.65399,0.5323231,1.2703175550381955e-48,2.628011449840923e-48
IREB2,14.6516075,0.2718613,1.3156560400114906e-48,2.7209071690287222e-48
ZNF24,14.650395,0.14014407,1.339338693175767e-48,2.768969882520687e-48
NTMT1,14.650144,0.2585727,1.3443085143343611e-48,2.778326417468042e-48
HECTD4,14.6441965,0.40081874,1.467261485042432e-48,3.0314358819106525e-48
SPOCK2,-14.643241,-0.121521115,1.488033758282466e-48,3.0733374684104016e-48
GTF3C5,14.641081,0.3644018,1.5360719925510783e-48,3.171507057887639e-48
HSPA6,14.635214,0.2838956,1.6744897601183056e-48,3.4561557041570836e-48
STX5,14.6305,0.19532712,1.7946492126413405e-48,3.7029437580093095e-48
RRBP1,14.630132,0.3331554,1.8043698080538397e-48,3.721773003358002e-48
SOCS4,14.62781,0.38346007,1.867027671715338e-48,3.849744599291745e-48
ETF1,14.626322,0.13542561,1.908273320071568e-48,3.933495186282613e-48
KIAA2013,14.617666,0.5434024,2.167009094376164e-48,4.4653520732599745e-48
EIF4A3,-14.611994,-0.27866143,2.355219809161483e-48,4.8515821949668216e-48
UHRF2,14.606495,0.20098555,2.5531816348443158e-48,5.2576380209302306e-48
ALG13,-14.602424,-0.33116522,2.7103476482895528e-48,5.57944550434335e-48
C1orf52,14.582123,0.1583898,3.6498812406232146e-48,7.511071395177247e-48
CDK11A,14.565409,0.220673,4.6618948462206156e-48,9.590534086799135e-48
ESCO1,14.559053,0.21869367,5.1161382350978214e-48,1.0521551873363567e-47
SLC16A3,14.555434,0.2507841,5.3942291769155277e-48,1.10898119391336e-47
RAD23B,14.55155,0.16441989,5.70942928152578e-48,1.1733965041138396e-47
CAMLG,14.545093,0.13338132,6.274619264578809e-48,1.289130315901643e-47
RBL1,14.541675,0.46902025,6.595919728374908e-48,1.3546971050792324e-47
FUOM,14.54117,0.46795845,6.644703695829024e-48,1.364268668234538e-47
ASB8,14.540119,0.2837866,6.747479479497007e-48,1.3849157356867872e-47
DHPS,14.539784,0.16998866,6.780603859206289e-48,1.3912580433976562e-47
MRPL20,14.537937,0.115257315,6.966073314959208e-48,1.42884441502901e-47
DPH3,14.525687,0.22219147,8.330234403721324e-48,1.7080939504975615e-47
DNAJC17,14.522377,0.4537375,8.742548475239663e-48,1.7920505655668196e-47
NIPA2,14.514872,0.21593985,9.754059751573356e-48,1.9987355979640652e-47
GMIP,14.513924,0.22395435,9.889849521998824e-48,2.0258971384945856e-47
SFMBT2,14.511425,0.31244075,1.025673825643916e-47,2.10036512380633e-47
CBR1,14.508348,0.35190818,1.0727269657234263e-47,2.196001275381464e-47
METTL9,14.496999,0.12012316,1.2656468764072357e-47,2.5900840231611604e-47
SMIM3,-14.4955635,-0.85900486,1.2923682697702484e-47,2.6439031705960345e-47
UBALD1,14.495044,0.47087112,1.3021985799563767e-47,2.6631429605122894e-47
PLGRKT,14.48855,0.32172292,1.4313143626846712e-47,2.926242697044217e-47
BCL2L12,14.4866705,0.5270544,1.4710137015481745e-47,3.006423298557785e-47
TBCC,14.477447,0.14792061,1.6823177597816678e-47,3.437158688828907e-47
GON4L,14.4759,0.14613752,1.7205988421407436e-47,3.5142234268470425e-47
PABPC4,-14.471982,-0.42085764,1.8214643584582478e-47,3.7190212227528716e-47
CDCA4,14.4657135,0.47047967,1.995258301184277e-47,4.072540271520012e-47
GRIPAP1,14.46247,0.30897772,2.0915513125848197e-47,4.2676924368984452e-47
HDAC8,14.456726,0.587406,2.273571952217535e-47,4.637582697447961e-47
COMTD1,14.450412,0.282736,2.491931728124164e-47,5.081331450829456e-47
PREB,14.443447,0.2754283,2.7570092936581746e-47,5.620022854716696e-47
LMF2,14.4424305,0.17804438,2.7979947400654167e-47,5.701711756954151e-47
SIRT2,14.438114,0.21238734,2.978801842521306e-47,6.068181154937575e-47
BOP1,14.437461,0.6270948,3.0071834600134335e-47,6.124003817006523e-47
RC3H1,14.430205,0.18361941,3.340863994152741e-47,6.801316351259208e-47
POLR2B,14.423859,0.15812527,3.662771938462066e-47,7.454229423233144e-47
BROX,14.421453,0.2547521,3.7926851717875862e-47,7.716110060066061e-47
FBRS,14.4203005,0.25379416,3.8566054640863353e-47,7.843603310573509e-47
ORAI1,14.416832,0.12034011,4.0553374458091346e-47,8.245105967169953e-47
CTSS,14.415781,0.14399166,4.117545527137474e-47,8.368864463213787e-47
OPA1,14.415753,0.2771198,4.1191859595200456e-47,8.369479494237547e-47
LAMP2,14.414727,0.28221363,4.18089570285675e-47,8.492105038010334e-47
PGM2,14.404075,0.49873957,4.878047808671086e-47,9.90492278190403e-47
CUX1,-14.394315,-0.89466727,5.617880173980913e-47,1.1403458263603046e-46
TOMM40,14.390935,0.30608526,5.899323104338474e-47,1.1970861284703695e-46
EIF2S3,-14.372692,-0.2633384,7.678708789212314e-47,1.5576524703408636e-46
MTX1,14.371326,0.33798298,7.831634290987844e-47,1.5881589667559142e-46
CHTOP,14.370938,0.19204278,7.875711519694602e-47,1.5965797559043885e-46
SMAP1,14.365135,0.13772091,8.5639048356761e-47,1.7355292728211752e-46
HERC2,14.363553,0.25375092,8.761735863690229e-47,1.775045970312373e-46
POLR2C,14.35939,0.15829808,9.304229595097136e-47,1.8843399270614334e-46
TRPV2,14.356941,0.2486734,9.638842064265426e-47,1.951475597218269e-46
UBA5,14.350949,0.33624336,1.0508903967970196e-46,2.12693960606993e-46
B4GALT3,14.343888,0.2739903,1.1634968977823424e-46,2.3540868669231353e-46
CDC73,14.343279,0.13023214,1.1737600998146133e-46,2.3740844437246107e-46
LRRFIP1,14.341323,0.081818305,1.2073205444111416e-46,2.441175606281869e-46
MAFF,-14.337553,-0.57219297,1.274710056620261e-46,2.5766029448195e-46
CCNK,14.334635,0.13650836,1.3294413276263925e-46,2.6863646465215476e-46
CPSF3,14.334514,0.47108257,1.3317703202347047e-46,2.690201848042723e-46
SERPINB6,-14.321403,-0.74664634,1.6084419877323994e-46,3.248035208280791e-46
PMEPA1,14.311637,0.33301935,1.8510445663390756e-46,3.736732754765168e-46
CDK9,14.306358,0.27888113,1.9969971552375254e-46,4.03006909779547e-46
C17orf67,14.301667,0.5102145,2.1362956900865795e-46,4.309792272551319e-46
NARF,14.295139,0.1667979,2.346362329916468e-46,4.732057619586533e-46
SAP18,14.292946,0.06107546,2.4214537781299217e-46,4.881925503055362e-46
DCLRE1C,14.2875395,0.551917,2.616936782704532e-46,5.27434165998697e-46
CYB5R4,14.284861,0.2904643,2.719520977422736e-46,5.4793311545109936e-46
DESI2,14.28396,0.22376741,2.7548864497339524e-46,5.548798979245205e-46
GLRX2,14.275794,0.50953215,3.097377823394669e-46,6.236625575525281e-46
TP53I13,14.264524,0.23533326,3.64064406199971e-46,7.328143259932492e-46
PARP4,14.256045,0.23001911,4.110999094896147e-46,8.272245203496397e-46
HAUS4,14.2557335,0.43635967,4.129426965748356e-46,8.306654372257786e-46
USP37,14.232063,0.38313982,5.794651198779996e-46,1.1652631918858134e-45
GSK3A,14.227703,0.3833774,6.167446482442933e-46,1.2398311437713043e-45
NADSYN1,14.224667,0.27261892,6.441053285454691e-46,1.2944179040733873e-45
C5orf15,14.222402,0.37625632,6.6529529376315215e-46,1.3365726903603982e-45
AP1B1,14.208062,0.3478048,8.165378277666084e-46,1.6398910595530985e-45
MPHOSPH8,14.205944,0.08990392,8.416101516246641e-46,1.6897025380500317e-45
PACSIN2,14.200433,0.53552395,9.104790220874656e-46,1.8273842676224524e-45
MRPL12,14.199422,0.589965,9.23717631284034e-46,1.853360327553854e-45
FTSJ1,14.197802,0.25269392,9.453214537011778e-46,1.896098433585947e-45
DIS3,14.19367,0.271843,1.002706109267814e-45,2.010554301147258e-45
DDX56,14.178199,0.27329615,1.2501415146499951e-45,2.505890841284963e-45
PPP2R5D,14.164239,0.45802668,1.5251041216512404e-45,3.0560702706759e-45
RBMX2,14.163273,0.32746863,1.5462174748949915e-45,3.097386014390992e-45
UPF1,14.160707,0.3726733,1.6037109646275522e-45,3.211528743505111e-45
NFYB,14.144044,0.40015796,2.0326071999230868e-45,4.069117005670026e-45
TXK,-14.142389,-0.81436586,2.0809614873677527e-45,4.1645857533501794e-45
DHRSX,14.1415615,0.45432612,2.1056088385477597e-45,4.2125644048464297e-45
ST3GAL5,14.137124,0.29458517,2.2426350962022642e-45,4.4852701924045285e-45
SLC25A38,14.136945,0.18958318,2.248367790596636e-45,4.495298465315613e-45
RBM23,14.130082,0.17906958,2.4785591507544275e-45,4.953950813776261e-45
SEC23B,14.128128,0.24513675,2.548272126553169e-45,5.0916609465719024e-45
PTEN,14.121917,0.1979228,2.7831651486129827e-45,5.559221318557733e-45
WRNIP1,14.12171,0.3523187,2.7913604418531087e-45,5.573811338727433e-45
CISD1,14.116334,0.4273467,3.0126178462581145e-45,6.013700461452062e-45
BTBD6,14.112498,0.4122362,3.181077430036332e-45,6.347949091645068e-45
OSGEP,14.110825,0.2143414,3.257469594144819e-45,6.498319445462368e-45
KCNAB2,14.105075,0.15380916,3.534125865752567e-45,7.047973036706427e-45
HRAS,14.10172,0.42733112,3.706252507716825e-45,7.388883265862478e-45
VRK2,14.099873,0.32493728,3.8045481797844715e-45,7.582431797620787e-45
OXA1L,14.096456,0.12719448,3.993276307929144e-45,7.95603075872762e-45
SBNO2,14.0901165,0.49428275,4.368416409043714e-45,8.700672733198814e-45
DTX3,14.088129,0.59783757,4.493085136284475e-45,8.946130048566415e-45
ANKRD36C,14.071045,0.21602744,5.721776014130734e-45,1.1388937557875236e-44
TYW3,14.06948,0.31507283,5.849831835819862e-45,1.1640123398501607e-44
PYROXD1,14.06622,0.31920984,6.125664861989004e-45,1.2185106320064616e-44
DCTN5,14.0631275,0.39359978,6.399473947601593e-45,1.2725718059820588e-44
YEATS2,14.061454,0.4594839,6.552635836509374e-45,1.3026148647347518e-44
JAK1,14.060423,0.088494524,6.648729964054385e-45,1.3212977971767543e-44
WAC,14.059272,0.12423568,6.757754153113033e-45,1.3425376304183908e-44
LYRM2,14.052141,0.2288124,7.473965809009812e-45,1.484353336544933e-44
ZFAND2B,14.048483,0.16631204,7.870151735462124e-45,1.5625410744859108e-44
MVD,14.044705,0.32662275,8.30129919557514e-45,1.6476182667359793e-44
EIF3G,-14.032558,-0.10764173,9.853213447824099e-45,1.955017549305029e-44
ACO2,14.031121,0.2216414,1.0054868140888455e-44,1.994396166436214e-44
RPA1,14.026647,0.25760707,1.0709752802183945e-44,2.123620080204842e-44
CSGALNACT2,14.020334,0.2480755,1.1706201895151825e-44,2.3204689181264203e-44
IER3,-14.019073,-0.83814234,1.1916246781042717e-44,2.361356980114135e-44
SS18,14.013121,0.21004988,1.2958329263189103e-44,2.567045847704592e-44
FAM120A,14.008931,0.21934462,1.3745881526085046e-44,2.722198000227542e-44
UBE2J1,13.991367,0.14200531,1.759948135920503e-44,3.4842517526324896e-44
ITGAL,13.99008,0.10342692,1.7921045796239975e-44,3.5467909680884934e-44
MALT1,-13.989542,-0.3754243,1.8057044661641482e-44,3.5725765782172395e-44
UBE4A,13.986172,0.19569059,1.8933370599737816e-44,3.744772888775206e-44
NSMCE4A,13.984918,0.27892718,1.9269884122451235e-44,3.810126266436629e-44
EHMT1,13.979045,0.20505714,2.092762664217402e-44,4.13659501653841e-44
HMGN4,13.978078,0.1443908,2.1213887074052897e-44,4.1918533649802565e-44
TAF2,13.977103,0.3432675,2.150653603489854e-44,4.2483387885798947e-44
COA5,13.9759655,0.30572587,2.1852929224273082e-44,4.3154016801468556e-44
SMG1,13.966361,0.10411143,2.5008136212708457e-44,4.936917013149389e-44
PPCS,13.959043,0.14600173,2.7713133034048424e-44,5.469191175426086e-44
THOC7,13.958585,0.17739516,2.789182982880762e-44,5.502721141880179e-44
HIST3H2A,13.951859,0.33995706,3.065103439971164e-44,6.045172484381967e-44
CLK1,13.9506445,0.09007863,3.117764418140314e-44,6.14709555621992e-44
SIGMAR1,13.948649,0.3223229,3.206177484422049e-44,6.319422288136213e-44
LRRFIP2,13.945625,0.19060881,3.3450282442565397e-44,6.591022581439027e-44
FADD,13.942551,0.42590782,3.49230387282396e-44,6.8768816582898e-44
HNRNPA0,-13.942573,-0.117445104,3.4912506944649154e-44,6.8768816582898e-44
PTS,13.940529,0.27935132,3.5926617075039786e-44,7.072275532455913e-44
MAP1S,13.938859,0.5099798,3.677738547233646e-44,7.23747478813894e-44
AAR2,13.93875,0.49212876,3.6833118121799765e-44,7.246163112263501e-44
TSN,13.936835,0.24296582,3.7835061800967654e-44,7.440935134449973e-44
NUP93,13.936796,0.4176481,3.785556555911987e-44,7.442627848455496e-44
AP2A1,13.931939,0.36916515,4.0520279327522157e-44,7.964023483285536e-44
GAPVD1,13.927873,0.25163755,4.289398579401137e-44,8.427913791687662e-44
HBP1,13.921796,0.13229512,4.670184098929373e-44,9.173209332151384e-44
TATDN2,13.918099,0.5114072,4.918061497638327e-44,9.657059864791392e-44
ANAPC15,13.914791,0.25375244,5.15100672031897e-44,1.0111295275279411e-43
PYM1,13.9006815,0.3429142,6.274112133234291e-44,1.2312059443385736e-43
SMU1,13.893128,0.14495623,6.972227891182566e-44,1.3677722699039866e-43
ARFGAP3,13.892107,0.17001955,7.072366656219198e-44,1.3869820000409812e-43
RNF6,13.885921,0.2823053,7.710311627536895e-44,1.511617346971821e-43
PLRG1,13.883996,0.25346833,7.920211785115399e-44,1.5522821092632187e-43
PEA15,13.881768,0.36349988,8.170348488724995e-44,1.6008048902431435e-43
UBE2R2,13.881743,0.53203005,8.173181409133657e-44,1.6008585753143445e-43
RPS17,-13.879147,-0.10467091,8.474674991284014e-44,1.6593917604216835e-43
KDM2A,13.876575,0.113725305,8.784164424674736e-44,1.7194534618512247e-43
THOC6,13.868035,0.43163165,9.89506560941592e-44,1.936300608461245e-43
NELFB,13.860227,0.4643146,1.1032524690868605e-43,2.1582074567252657e-43
KANSL1,13.857,0.15599982,1.1539695491642268e-43,2.2567156922698978e-43
SFT2D2,13.842113,0.22182885,1.4197158960367707e-43,2.7755445767518866e-43
AUH,13.84151,0.47734153,1.431684442602668e-43,2.7980686888229585e-43
NIFK,13.83161,0.16370638,1.6430114575649717e-43,3.210081098852737e-43
IBTK,13.829094,0.25775793,1.7015059613759726e-43,3.3233285339894113e-43
AARS,13.815641,0.53797215,2.051188662988986e-43,4.00506750176626e-43
FBXO44,13.814867,0.3964256,2.0733756170927367e-43,4.047125697513935e-43
FBXO34,-13.807841,-0.4420557,2.2857818703426872e-43,4.460340418235762e-43
CAMK2G,-13.807135,-0.5496097,2.30830597507799e-43,4.502888113529125e-43
UROD,13.80052,0.3456241,2.5302076652948942e-43,4.934220434565105e-43
HEXB,13.800386,0.21667472,2.534908891306922e-43,4.941847935187318e-43
CD69,-13.79693,-0.12798871,2.6593822554011323e-43,5.182895760059029e-43
ALG1,13.787662,0.59189105,3.0240427822638147e-43,5.891750746135916e-43
TRIM56,13.7765465,0.27686855,3.527481322619084e-43,6.870461754142275e-43
R3HCC1,13.775804,0.37075415,3.563962403746182e-43,6.939355368140714e-43
KIAA0040,13.765522,0.21595079,4.1090431434722735e-43,7.998187276155116e-43
NPRL2,13.758123,0.33135533,4.55192271078636e-43,8.857489417940735e-43
SETD5,13.757183,0.15115152,4.6114829550902975e-43,8.97059619622043e-43
ZNF143,13.746032,0.3749946,5.3800502373286026e-43,1.0462416625653633e-42
AFF4,13.743009,0.10776439,5.609558541451728e-43,1.0905344386364827e-42
RTN3,13.742935,0.16318527,5.615259369831056e-43,1.0913035917260976e-42
TMEM18,13.740045,0.22939676,5.843967888153408e-43,1.1353994754126622e-42
COPA,13.733793,0.13400249,6.3708486195781675e-43,1.2373805949730214e-42
ARRB2,13.731991,0.10452833,6.5313428514421075e-43,1.2681589347803174e-42
COMMD6,-13.729526,-0.05642982,6.757498500618334e-43,1.3116633763533447e-42
FAM133B,13.729127,0.11609448,6.7947784384404485e-43,1.3184905059207023e-42
ATP11B,13.718102,0.15517424,7.910851771260065e-43,1.534582594759782e-42
IVD,13.716336,0.31872234,8.10593080552517e-43,1.5719374804515024e-42
ORMDL1,13.713698,0.12628411,8.406116426529151e-43,1.6296456264135845e-42
BBS7,13.707989,0.48836577,9.094400927725306e-43,1.762533215732637e-42
YTHDC1,13.702965,0.09421654,9.746143078052585e-43,1.888258627943542e-42
ZNF267,13.702875,0.12891379,9.758249518487067e-43,1.890018854106969e-42
DTD1,13.700435,0.23264587,1.009179239283153e-42,1.9540158839230595e-42
CHKB,13.694743,0.4365205,1.0914605717131932e-42,2.1126786313854382e-42
APEX2,13.691471,0.56314397,1.141739011825349e-42,2.2089234275411004e-42
QRICH1,13.691462,0.17603812,1.1418891247870712e-42,2.2089234275411004e-42
ACTR1B,13.684961,0.24157636,1.2487341623190006e-42,2.4148627262651216e-42
RAB18,13.6846895,0.14428319,1.2534087770732158e-42,2.4231536802750426e-42
ARHGEF1,13.680097,0.08937455,1.3351451923856595e-42,2.5803732850060814e-42
RSU1,13.679893,0.18418978,1.338896185833738e-42,2.5868235140753135e-42
AKIP1,13.679761,0.5404323,1.341326395054375e-42,2.590718717956212e-42
DDIT3,13.677236,0.10964414,1.3887340250167934e-42,2.681456808797858e-42
MACF1,13.66528,0.06320393,1.6367265743232927e-42,3.159321644235273e-42
IL18RAP,13.663923,0.51461095,1.6675221231587478e-42,3.2177724868849865e-42
NUP54,13.663176,0.2433166,1.6847397260020234e-42,3.2499943650535487e-42
DYNC1LI1,13.66308,0.20318124,1.6869469452816718e-42,3.2532491028613254e-42
PSMB4,13.659926,0.14859064,1.761612287424841e-42,3.396193057050788e-42
ZNF688,13.659401,0.43853167,1.774367240184927e-42,3.419729345223938e-42
LSG1,13.658677,0.31091252,1.7921020803616557e-42,3.4528458930528235e-42
AP4B1,13.650222,0.32795715,2.0126418724600808e-42,3.8765663651817315e-42
RNPEP,13.649889,0.3679287,2.0218713048867855e-42,3.893144623998686e-42
TP53RK,13.648693,0.36962774,2.0553193979279805e-42,3.956331739519214e-42
NAGK,13.629251,0.3140344,2.6832075606975558e-42,5.16337942163147e-42
ZNRF2,13.6184635,0.29263964,3.110431415869563e-42,5.983658959926194e-42
ZDHHC20,13.61664,0.25507137,3.189061617414046e-42,6.1330370361335e-42
TRMT2A,13.60941,0.4233993,3.5207446462345004e-42,6.768831747646907e-42
NSUN5,13.606995,0.33289388,3.6390201061489307e-42,6.994073666380249e-42
FOPNL,13.606214,0.2894573,3.678123058526974e-42,7.067057080511287e-42
PGLS,13.599446,0.13220826,4.0347695278216045e-42,7.749928819788749e-42
CCDC14,13.585744,0.3113139,4.8656200090468635e-42,9.342946217494531e-42
UBAC1,13.579045,0.43830347,5.3316581933013234e-42,1.0234689676984682e-41
ARMC1,13.575657,0.2993958,5.5840911191107747e-42,1.071597363225675e-41
COA1,13.570922,0.19786146,5.956771609937399e-42,1.1427648939518052e-41
ADCY7,13.567828,0.31445584,6.213582362128648e-42,1.191666807402723e-41
CAMK4,-13.555285,-0.18468143,7.372468932600883e-42,1.413489599826881e-41
ISOC1,13.554536,0.31690434,7.448215068694365e-42,1.4275745548330867e-41
GNA13,13.55148,0.11591955,7.76486196111763e-42,1.487809385260395e-41
APBA3,13.548822,0.41076833,8.051177941186765e-42,1.5421974647907042e-41
NR1D2,-13.544967,-0.399957,8.485195849383145e-42,1.6248357892176602e-41
KIF3A,13.53559,0.32665828,9.640484819896408e-42,1.8454979508345145e-41
HIST1H4C,-13.529387,0.0037552144,1.0489448251306718e-41,2.0074025163712092e-41
CD83,-13.523314,-0.45843202,1.1392497134778642e-41,2.1795554151429718e-41
TMED2,13.518146,0.098578826,1.2221747370095699e-41,2.337488582920168e-41
POLE4,13.514178,0.15026137,1.2898746505893365e-41,2.4662151021047954e-41
XCL1,-13.499646,-0.3522774,1.5712875539154134e-41,3.0033531736311725e-41
MSH6,13.492094,0.49241632,1.7408423931363984e-41,3.3264233388702837e-41
RAB22A,13.487144,0.15541448,1.8617222246322293e-41,3.556315797648619e-41
CREB1,13.485863,0.17819028,1.894363351195612e-41,3.617563224993818e-41
BRAP,13.480355,0.34597898,2.041227346764376e-41,3.8968319442654677e-41
IFITM1,13.472341,0.054194506,2.2753715597533213e-41,4.342502891341299e-41
COPG1,13.4581585,0.2573614,2.7570355541292934e-41,5.260144686377816e-41
ZFX,13.457101,0.257454,2.7967450779757734e-41,5.334279636529401e-41
MORC3,13.43976,0.1640578,3.5358266858578554e-41,6.741887152309278e-41
INO80C,13.438998,0.50842583,3.572399130090375e-41,6.809545690994939e-41
ARL8A,13.43881,0.2790863,3.581464116814777e-41,6.824745511664101e-41
FBXW2,13.43759,0.25765434,3.6410582044266126e-41,6.936193704900392e-41
NIT1,13.435186,0.5101294,3.761192009146491e-41,7.1628667303563e-41
TAF1B,13.431089,0.35141858,3.9752231282773827e-41,7.568166734784939e-41
CRNKL1,13.423736,0.21362822,4.390132025084744e-41,8.355541815920341e-41
SEC22B,13.423172,0.21970429,4.42366006918438e-41,8.416793610954221e-41
COQ9,13.422475,0.5517325,4.46547519214304e-41,8.493770994845502e-41
COQ4,13.412554,0.23532322,5.104995393551044e-41,9.707249599408914e-41
COASY,13.410667,0.42387146,5.23652136347695e-41,9.95432319960857e-41
MOSPD3,13.408095,0.30612493,5.421300007530757e-41,1.0302446186850674e-40
ZDHHC6,13.399258,0.1986278,6.107121955825077e-41,1.1602233512190005e-40
MAPK3,13.399023,0.44702262,6.126395049321989e-41,1.1635314944917534e-40
FBXW7,13.367198,0.20302548,9.401599955168595e-41,1.7850200096975638e-40
AFG3L2,13.352152,0.2354287,1.1507665576837994e-40,2.1842219614289593e-40
SHOC2,13.351034,0.14876515,1.1681589167645238e-40,2.2165611717557964e-40
ZNF330,13.349077,0.2625682,1.1992561489819327e-40,2.2748776434296454e-40
TMEM109,13.346465,0.111386344,1.2420491429205907e-40,2.355337810885485e-40
MRPL9,13.346167,0.20148037,1.2470231149678446e-40,2.364053517345102e-40
KIAA0232,13.3407545,0.24594791,1.3409487125362643e-40,2.5413435763789365e-40
TPRKB,13.336219,0.2200805,1.4250582126334633e-40,2.699928582142625e-40
CYP51A1,13.335889,0.24264635,1.4313802997488016e-40,2.71108542392628e-40
TRIM22,13.32737,0.09608912,1.6045515458670173e-40,3.0381581328523183e-40
TFG,13.297547,0.18400033,2.3918764870253314e-40,4.527558034139326e-40
RNF113A,13.296723,0.16885328,2.418369278967181e-40,4.576321297404321e-40
PSMG3,13.296357,0.36214256,2.4302285886982563e-40,4.597372256092015e-40
TRIM25,13.293135,0.57307535,2.537204930402714e-40,4.798293242019159e-40
AGPS,13.29287,0.3727097,2.5462206971546877e-40,4.813888389664468e-40
TOMM34,13.286086,0.56228906,2.7878435727845355e-40,5.269108577444126e-40
UTP18,13.284773,0.28740594,2.837182297020007e-40,5.360740697721886e-40
NSMCE2,13.273056,0.35605177,3.317704230340627e-40,6.2667746573100734e-40
KATNA1,13.270258,0.22645497,3.44392894270991e-40,6.503235576695804e-40
TOMM22,13.260001,0.10479565,3.9489056047406395e-40,7.454542384809125e-40
CAST,-13.258176,-0.16217771,4.046185217298604e-40,7.635877743414802e-40
SART1,13.256964,0.27565247,4.112094824049134e-40,7.757920753694628e-40
GTDC1,13.256763,0.26919207,4.1231157589832986e-40,7.776367858968801e-40
APLP2,13.244647,0.26877946,4.845526306131363e-40,9.136109876780533e-40
PTPRE,13.244042,0.19541647,4.884706776366118e-40,9.207208675187236e-40
XAB2,13.242477,0.21341771,4.987619770397513e-40,9.398358217953868e-40
UROS,13.239145,0.26361313,5.21387375458626e-40,9.821738695781887e-40
PDXK,13.236518,0.24479659,5.399460404386706e-40,1.0168279437038902e-39
RMDN1,13.227494,0.31859177,6.088352825189239e-40,1.1462153257413143e-39
RC3H2,13.227327,0.19061553,6.101844817131697e-40,1.1484097826707551e-39
CASP8,13.227134,0.113795705,6.117634809610032e-40,1.1510352892908379e-39
PSMG1,13.213468,0.43418992,7.336534920402501e-40,1.3799567787744451e-39
CEP85L,13.197242,0.1968511,9.10063611868953e-40,1.711258778434677e-39
TBX21,13.194823,0.12687938,9.397447209626424e-40,1.766539355271121e-39
WSB2,13.189212,0.4795987,1.0123776158597427e-39,1.902503564078868e-39
LUC7L3,13.187829,0.086114906,1.0311264960790823e-39,1.9371553632044262e-39
PRDM2,13.184891,0.14550023,1.072092021278607e-39,2.0135117637703286e-39
CSTF2,13.179903,0.5026251,1.1453866269563021e-39,2.150521830203669e-39
RDH11,13.177589,0.26337075,1.1810456464690868e-39,2.216808150108193e-39
CHID1,13.177433,0.36691728,1.1834981865537896e-39,2.2207452474746575e-39
SMG7,13.173178,0.24642894,1.2521497113830113e-39,2.348860148249511e-39
CARD11,13.166302,0.2417872,1.3715362431401047e-39,2.5720415878550644e-39
CHTF8,13.165436,0.23988105,1.3873540869863573e-39,2.6009251328099042e-39
GTF2A1,13.164505,0.30683562,1.4045582207794632e-39,2.6323895234261003e-39
SP3,13.164198,0.13375193,1.4102721766079625e-39,2.6423068993289647e-39
DSE,-13.163925,-0.9553055,1.4153791075284211e-39,2.6510813463167072e-39
COX11,13.157281,0.29619548,1.5454725531129598e-39,2.8938869477026866e-39
RAB21,13.152243,0.16171563,1.652016074784701e-39,3.0924633644084644e-39
PFKFB3,13.150925,0.09323349,1.681070119303246e-39,3.1459092630455004e-39
CEP250,13.147537,0.46376893,1.7580704481188607e-39,3.289021747437677e-39
TBC1D1,13.140123,0.15367092,1.939105022046468e-39,3.626619138392438e-39
PXK,13.133311,0.470148,2.1217244966542636e-39,3.966978018849095e-39
TMEM216,13.131937,0.4920939,2.1605705605928948e-39,4.0384013824526884e-39
TAOK3,13.131758,0.109507315,2.165706362665502e-39,4.046791817453818e-39
CXCR3,13.128604,0.07131406,2.2578086400110118e-39,4.217632383370824e-39
CINP,13.127524,0.45331675,2.2902169967797437e-39,4.2768947856280825e-39
SERINC5,-13.12377,-0.5365371,2.4065790572437023e-39,4.492855440798747e-39
KCTD5,13.117464,0.37456542,2.6154118764599938e-39,4.881269898309583e-39
ATL3,13.113003,0.24553616,2.7739510037150328e-39,5.175615114596256e-39
ATXN7,-13.106409,-0.6521171,3.025889827216477e-39,5.643997244802111e-39
MKLN1,13.10101,0.18660206,3.24903123653393e-39,6.058402210359543e-39
DOHH,13.100117,0.46842274,3.287533297886628e-39,6.128369580327397e-39
SUPT7L,13.099402,0.21244921,3.3185874031385554e-39,6.18441548824391e-39
RRP8,13.09887,0.36243084,3.341954743216338e-39,6.226107466814e-39
EFCAB14,13.092056,0.13865216,3.6557463254740004e-39,6.80867788394324e-39
NNT,13.088599,0.32087862,3.8260045094856265e-39,7.123656015280381e-39
TXNRD1,13.082645,0.21941093,4.1378673495409094e-39,7.702022653593551e-39
RAF1,13.078467,0.1913387,4.3716679407370807e-39,8.134787221074116e-39
NCL,13.0732355,0.07504777,4.683018080568492e-39,8.711555489752152e-39
CPNE7,13.058919,0.38586783,5.652509282213956e-39,1.0511919759075656e-38
NUMB,13.051185,0.27976266,6.256670639548654e-39,1.1632015310851821e-38
CCDC130,13.048389,0.20231573,6.49048903576581e-39,1.20631311371809e-38
GPS2,13.040639,0.15438488,7.185280546549982e-39,1.335049453496189e-38
ARNTL,13.03927,0.22114728,7.315375876768232e-39,1.358818036967401e-38
PPP3CB,13.029483,0.23153996,8.31693571023194e-39,1.544397441472574e-38
UBE2Q1,13.026334,0.36494237,8.667267954863059e-39,1.6089741342914924e-38
ASCC2,13.021834,0.20969263,9.193514047793481e-39,1.7061591184513802e-38
HCFC1,13.018594,0.29032362,9.592107211904822e-39,1.7796032834423657e-38
RPP21,13.01476,0.11282645,1.0085804626241153e-38,1.870643158664828e-38
MYD88,13.011357,0.22875279,1.0545272710880949e-38,1.9552823378562898e-38
ZNF430,13.008899,0.16458136,1.0889948474565193e-38,2.0185931157594027e-38
MGAT5,-13.006749,-0.6843215,1.1200614401525835e-38,2.0755640905197165e-38
ACOT9,13.006032,0.34961018,1.130626485122425e-38,2.0945215549084664e-38
PIGX,12.999656,0.43031353,1.2289525113434437e-38,2.275999677609409e-38
SNX18,12.993959,0.5354973,1.323956233745809e-38,2.451219354339681e-38
ST6GALNAC6,12.993628,0.38992816,1.3297174311022658e-38,2.4611574701111756e-38
CHMP6,12.99114,0.4941638,1.3736487164269075e-38,2.541717352844346e-38
CTSH,12.987992,0.5527705,1.4313357185164683e-38,2.647674824080138e-38
MBOAT7,12.987111,0.4424319,1.4478951473091184e-38,2.6775146442701286e-38
BLMH,12.979853,0.3084873,1.5918712564291284e-38,2.9428920154316274e-38
CX3CR1,12.975626,0.7716458,1.6821714592265677e-38,3.1089112699915535e-38
ARMC8,12.974966,0.18829122,1.6967249516945784e-38,3.1348822497936455e-38
TRIM44,-12.974481,-0.4852534,1.707506672772731e-38,3.15387119718518e-38
SSR3,12.966616,0.08623858,1.8920181311424686e-38,3.4936438690753493e-38
GOT2,12.9524,0.30790505,2.277212154190312e-38,4.203670474067451e-38
ZNF511,12.95194,0.22333585,2.290908365424615e-38,4.2277058212673725e-38
ALG12,12.947153,0.38477096,2.4383121312407134e-38,4.498401855807108e-38
CAMK1D,-12.945436,-0.6059741,2.493445366408621e-38,4.598760086159296e-38
IPO9,12.9376,0.3710809,2.761199338176285e-38,5.091088434904461e-38
PPIP5K2,12.9375,0.22235471,2.7648020972043337e-38,5.096229204510993e-38
NUDT2,12.930163,0.33741128,3.041714634028627e-38,5.604997570098112e-38
INPP5K,12.9269085,0.22631475,3.173232498770411e-38,5.845625003624173e-38
WHAMM,12.921041,0.1756663,3.424790119003022e-38,6.307178976886342e-38
SPIDR,12.9186325,0.27849334,3.533663335254788e-38,6.505767458903459e-38
RBM38,12.90661,0.11057233,4.130913713181757e-38,7.603117443267159e-38
TTF1,12.905474,0.3127135,4.1923056007906354e-38,7.713842305454769e-38
PARP10,12.898605,0.20800684,4.5831903814170495e-38,8.430590716302576e-38
SIAH2,12.892846,0.12051111,4.938672170200687e-38,9.081814549316724e-38
UPP1,-12.890995,-0.34577328,5.058660632603536e-38,9.299729919943497e-38
USP33,12.890384,0.15259428,5.09894588297507e-38,9.371035676819049e-38
CNOT1,12.876905,0.13961202,6.072215460426194e-38,1.1156469873840315e-37
FBXO22,12.874905,0.4747473,6.231580302798863e-38,1.1445909094042774e-37
BTBD10,12.874216,0.35446995,6.287418367504326e-38,1.1545080512799255e-37
EI24,12.867028,0.25504145,6.900684312942998e-38,1.266745336319583e-37
CEP295,12.855813,0.4701879,7.978302306021838e-38,1.4641319808293525e-37
PITPNA,12.851412,0.47202983,8.445431150801124e-38,1.5494022662584116e-37
CWC25,12.844507,0.11980018,9.233777905663471e-38,1.6935360474298058e-37
RANBP3,12.842983,0.3160504,9.417433393633966e-38,1.7267134616229218e-37
FTSJ3,12.833451,0.3540582,1.0651213867254446e-37,1.952358451612769e-37
FAM89B,12.828764,0.39332458,1.131548514666901e-37,2.0735112793661788e-37
PRKRIP1,12.824607,0.2099422,1.1939107707856896e-37,2.187146641884414e-37
YWHAG,12.82247,0.19842389,1.22728264679491e-37,2.247623020593957e-37
TUSC2,12.821539,0.19176319,1.2421077429580361e-37,2.2741077085002848e-37
KLF12,-12.802533,-0.48745137,1.5868975145767244e-37,2.9045145849011086e-37
PLEK,-12.799421,-0.11730501,1.651779262220507e-37,3.0223840492692287e-37
RGS10,12.792538,0.08387857,1.8048234435511416e-37,3.3014548137005676e-37
KAT5,12.783437,0.2799718,2.0290028540556e-37,3.7104477798806876e-37
FAM13B,12.781334,0.117444344,2.0846234910564125e-37,3.8110475043976956e-37
RAB4B,12.772068,0.49060583,2.3483073417978277e-37,4.291852389800529e-37
DNAJC4,12.766689,0.19191061,2.5163051616752665e-37,4.597548215958081e-37
RBM15,12.761443,0.34202215,2.6916625361568434e-37,4.9165082704225435e-37
SLC38A10,12.759361,0.25839704,2.7646016700708165e-37,5.048262711022483e-37
SEL1L,12.758647,0.1749725,2.79005902740846e-37,5.093262117148329e-37
DARS,12.756858,0.117923856,2.8548570642079637e-37,5.210030861635071e-37
PPP2R2D,12.750994,0.2540797,3.077962779712012e-37,5.615554141113545e-37
SCFD1,12.746989,0.26173705,3.2401839072652736e-37,5.909793155641851e-37
ARHGAP1,12.744225,0.34628084,3.3571087978521726e-37,6.121268621207575e-37
TMEM248,12.737652,0.11497828,3.652244527320569e-37,6.657471376141458e-37
ATE1,12.731496,0.27159005,3.951960927323489e-37,7.201709164385595e-37
FAM160B1,12.731452,0.14743136,3.954175331141889e-37,7.2036461478228476e-37
TIFA,12.728808,0.32926583,4.090337872401258e-37,7.449535292501388e-37
NGDN,12.727181,0.11655599,4.176471639824242e-37,7.604192834324929e-37
SLC39A8,-12.724275,-0.65672344,4.334799489937793e-37,7.890167474265591e-37
SLC39A10,-12.714368,-0.72008795,4.9207245482465884e-37,8.954058398438237e-37
COIL,12.706704,0.30051625,5.4273781317728475e-37,9.873125208598701e-37
PAK1IP1,12.706442,0.44976127,5.4456490332124995e-37,9.903482660400405e-37
ERICH1,12.702236,0.11939798,5.7464174096848285e-37,1.0447424386802756e-36
HEXIM1,-12.701039,-0.48673192,5.834979250711589e-37,1.0605354501002819e-36
MED25,12.700958,0.425042,5.841023471228224e-37,1.061325670520005e-36
MRPL46,12.689831,0.34103644,6.733092703994826e-37,1.2230612066257732e-36
UBXN11,12.686589,0.39534023,7.0175840546684155e-37,1.27436881991308e-36
DCAF15,12.685841,0.22066727,7.084972826447648e-37,1.2862330238611865e-36
IER5,12.682885,0.15454698,7.357305411360767e-37,1.3352858327088181e-36
PES1,12.671542,0.3868547,8.502641561133114e-37,1.5427066591197437e-36
CCNI,12.667857,0.082912154,8.911545428652262e-37,1.6164287678065685e-36
BNIP2,12.666744,0.09958639,9.038833464945481e-37,1.639041801643447e-36
MR1,12.662607,0.4020554,9.52809938299207e-37,1.7272613659808284e-36
ABHD2,12.649105,0.37156197,1.1315609142405497e-36,2.0507083080790496e-36
RPUSD1,12.647284,0.50795627,1.1580972939152977e-36,2.098191911594006e-36
RRN3,12.647097,0.1850232,1.1608629668985535e-36,2.1025937234850465e-36
EGLN1,12.644548,0.30962333,1.199109071571997e-36,2.171237728438325e-36
BRIX1,12.638025,0.19836043,1.3028471014612103e-36,2.3583945216265428e-36
GTPBP6,12.635079,0.20094013,1.3525739035286611e-36,2.447700995219932e-36
BIRC6,12.626237,0.09223373,1.5134434218012922e-36,2.7380283536115918e-36
TRIP11,12.619773,0.17371109,1.642946338799672e-36,2.971457732156909e-36
MRPL48,12.618164,0.29027265,1.67685373290187e-36,3.031906633824884e-36
SCAF4,12.615261,0.16752048,1.7397978114073186e-36,3.144806445583411e-36
NT5C3A,12.61358,0.10919538,1.7773319388372993e-36,3.211724035056656e-36
DKC1,12.60912,0.24977034,1.880793735500218e-36,3.3977030347355945e-36
PDCL,12.600247,0.34211633,2.1048293347202308e-36,3.801331500580186e-36
FLYWCH2,12.597303,0.35401705,2.1848633136295147e-36,3.944734456007574e-36
FKBP15,12.594246,0.4175985,2.271211444398606e-36,4.09945147032824e-36
CANT1,12.592974,0.3947205,2.308108378122547e-36,4.164847422421302e-36
BCL10,12.586889,0.22101545,2.4930553604594736e-36,4.497276336515128e-36
TRIM11,12.583667,0.31534675,2.5969126053892758e-36,4.683276235028916e-36
SF3B1,12.58279,0.06699174,2.625882008488372e-36,4.734154998588835e-36
SLC7A6OS,12.570383,0.32591742,3.072315535797614e-36,5.5374260996686465e-36
KAT6B,12.569806,0.15336563,3.0948149040262625e-36,5.576371555180961e-36
HABP4,12.562872,0.5260593,3.378433341107867e-36,6.085654760141324e-36
MAML2,-12.556086,-0.4495938,3.68096712998183e-36,6.628707646852713e-36
SREBF2,12.554701,0.40837967,3.745948247047362e-36,6.743784815403826e-36
CTDSPL2,12.554195,0.24345498,3.769946013327301e-36,6.785035172432565e-36
PRIM2,12.548667,0.4161172,4.042559804048222e-36,7.273584738028667e-36
RAD9A,12.536478,0.3720028,4.714905166229593e-36,8.480864496817808e-36
BRWD1,12.532844,0.12079361,4.9360841756420756e-36,8.876154815411563e-36
EXOSC5,12.528063,0.41876653,5.24276659572046e-36,9.424927535295171e-36
UTRN,-12.52691,-0.22161609,5.319538615511721e-36,9.560193501476969e-36
MAPK6,12.52629,0.35682946,5.361240411786562e-36,9.632372204519453e-36
JMY,12.5255995,0.18933566,5.408110704739326e-36,9.713792870757744e-36
CEP135,12.5233135,0.33280894,5.566210658259883e-36,9.994894913339217e-36
FBXL5,12.5226965,0.14089157,5.609635938483251e-36,1.0069980611521154e-35
C19orf12,12.51545,0.31145838,6.145862754476731e-36,1.1029408316697198e-35
MPRIP,12.512737,0.38258517,6.35940156468113e-36,1.1409353653181862e-35
ZNF524,12.509825,0.31395233,6.596964162096323e-36,1.1832169666879185e-35
CIZ1,12.503984,0.32018965,7.100145265977138e-36,1.2731014268831465e-35
CCNG2,12.493815,0.51655704,8.06896234538412e-36,1.4464019608230104e-35
RSPRY1,12.489526,0.30492225,8.515943382969156e-36,1.526088278540677e-35
DDI2,12.487495,0.5449225,8.73611856795776e-36,1.565096155817404e-35
MX2,-12.4730425,-0.52080053,1.0474937108141143e-35,1.876072331764414e-35
THOC5,12.468562,0.4623333,1.1080758431840442e-35,1.9840075772637036e-35
SOCS3,-12.462181,-0.34482628,1.2004149318292787e-35,2.148725554656357e-35
VAMP7,12.460681,0.32579425,1.223219328420512e-35,2.1889187982261794e-35
CCDC43,12.460152,0.39917478,1.2313568449936506e-35,2.2028505639920724e-35
ARFIP1,12.460093,0.36189002,1.2322822458172523e-35,2.2038758518675618e-35
BBC3,12.460047,0.33749563,1.232988614427945e-35,2.2045089373710275e-35
YKT6,12.4499035,0.31645238,1.4001358526453407e-35,2.502642826899786e-35
C15orf40,12.448772,0.2315834,1.420125186425328e-35,2.5376472911387754e-35
STRN,12.448632,0.30432883,1.4226154295471942e-35,2.541371252783337e-35
MAGED2,12.439232,0.12833548,1.6003517134116138e-35,2.8580646072232536e-35
DNAJB2,12.428893,0.20427868,1.8213940510381513e-35,3.2518953148672015e-35
EIF3F,-12.420677,-0.06931444,2.018467673267351e-35,3.602720046779044e-35
TRIAP1,12.411711,0.27367792,2.257752037251195e-35,4.0286642170688747e-35
DDT,12.410053,0.11591133,2.3049844760924966e-35,4.111771566134775e-35
SENP1,12.409078,0.47046575,2.3332407103105843e-35,4.160990274715797e-35
SLC25A12,12.408679,0.3817979,2.3448989400988277e-35,4.1805892759356703e-35
CHFR,12.408057,0.27024788,2.363161662789881e-35,4.211948536300141e-35
ANKRD12,-12.399252,-0.11531555,2.6377528410755194e-35,4.7000232907343914e-35
TRIM33,12.399105,0.20896712,2.6425809499583873e-35,4.707285427944098e-35
KIAA1143,12.389103,0.21640176,2.993721907594669e-35,5.331262241364148e-35
TAP2,12.3881645,0.4386349,3.028980545052569e-35,5.39251630331499e-35
HPS3,12.367489,0.26657203,3.9188388196217987e-35,6.974752675833278e-35
RPP30,12.348868,0.24863744,4.94013091456659e-35,8.789948521481396e-35
SAT2,12.347591,0.170378,5.019172611997732e-35,8.928047728364462e-35
TRPM7,12.344829,0.15319951,5.194450416604691e-35,9.237203469664283e-35
HUWE1,12.334384,0.10793473,5.913920456280372e-35,1.0513636366720661e-34
GMCL1,12.331742,0.21610339,6.111113530539838e-35,1.0861115411095803e-34
ZRANB2,12.331341,0.08092121,6.141583719566352e-35,1.0912169198979578e-34
VPS33A,12.328366,0.36337754,6.372593153919722e-35,1.1319404534617202e-34
TICAM1,12.32484,0.48921943,6.657570622404984e-35,1.1822242921874987e-34
RNF20,12.3208475,0.36428168,6.995503738485574e-35,1.2418805728707648e-34
EXOG,12.3066435,0.2819211,8.342124192342819e-35,1.4805199701360759e-34
MED1,12.303809,0.25803214,8.640108569030265e-35,1.5329699151404802e-34
C12orf49,12.302028,0.38461143,8.832869601819786e-35,1.566726176041525e-34
MICU2,12.301616,0.14421293,8.878053919064214e-35,1.5742943684145612e-34
CWC27,12.301554,0.27251545,8.884797115988359e-35,1.5750436598929773e-34
CEBPZOS,12.301247,0.24072379,8.918647326923543e-35,1.5805965347658267e-34
MARCH2,12.293672,0.329065,9.79535418964991e-35,1.7354782160988343e-34
NUP62,12.289875,0.30342808,1.0266481637481013e-34,1.8184345731619825e-34
SBF1,12.289408,0.30637833,1.0325952475333857e-34,1.8284505713469745e-34
INTS6,-12.288364,-0.38075835,1.0460044330892026e-34,1.8516705527464774e-34
NCOA1,12.285442,0.2946591,1.0845062927633458e-34,1.9192846867121615e-34
RNGTT,12.277633,0.23532309,1.1944185740231147e-34,2.113202092502434e-34
TTC7A,12.274187,0.40026885,1.2463737670048627e-34,2.204499374153922e-34
FMR1,12.269025,0.3154234,1.3284296205557289e-34,2.3489699565281625e-34
FNBP4,12.266971,0.07440846,1.362560624069432e-34,2.408640651081765e-34
KIF13B,12.258048,0.15607728,1.521198133055271e-34,2.6883094690377893e-34
PDHA1,12.248878,0.2074555,1.7033801573910803e-34,3.009417188545213e-34
XCL2,-12.24884,-0.32547367,1.704143309094762e-34,3.0099154550245144e-34
PAIP1,12.247035,0.1783425,1.7425164089456817e-34,3.076822651528136e-34
GPATCH2,12.240451,0.3120442,1.889794163609091e-34,3.33593461837993e-34
CEP78,12.237708,0.25649276,1.954744644944134e-34,3.4496142450692535e-34
SLC39A6,12.234104,0.28180373,2.0434655107447093e-34,3.605166450992358e-34
KLF9,-12.232458,-0.36528528,2.0853025382064833e-34,3.677939858759447e-34
RBM25,12.226569,0.07141957,2.242101224744325e-34,3.9533780332583135e-34
IFT52,12.2253275,0.42486563,2.276630928890408e-34,4.013131330272863e-34
POLR3C,12.22416,0.30841196,2.3095568138359197e-34,4.070024627424652e-34
GTPBP8,12.221717,0.27203217,2.3800403915664928e-34,4.193053418653894e-34
PUM2,12.215478,0.12097812,2.5698716344111997e-34,4.526215356102608e-34
VPS41,12.210021,0.3051417,2.748174931614081e-34,4.8388917456171375e-34
RBM19,12.203871,0.378951,2.963918896336646e-34,5.217297865920668e-34
TANGO2,12.198782,0.4047211,3.1550783456564808e-34,5.552227884789577e-34
CS,12.196799,0.19872841,3.232841977446966e-34,5.687474525002312e-34
C1GALT1C1,12.186373,0.49024427,3.6741223179360526e-34,6.461993033738528e-34
PROSER1,12.177513,0.47780815,4.095814319156652e-34,7.201634171063522e-34
GLYR1,12.173323,0.22786376,4.311670861925111e-34,7.579042683957149e-34
CDS2,12.171669,0.1365441,4.399906968616425e-34,7.73197134709673e-34
JAZF1,-12.163556,-0.4652878,4.859604516756707e-34,8.537401251566964e-34
MYLIP,-12.15605,-0.21107736,5.327293064559595e-34,9.356413647356772e-34
TOB1,-12.151367,-0.24321884,5.641440562310149e-34,9.905375289871538e-34
EXOC5,12.146861,0.2461438,5.961052177395485e-34,1.0463620208133041e-33
IPO7,12.146208,0.12498763,6.008876634605398e-34,1.0544609320081732e-33
UNK,12.144819,0.36495706,6.111775489588239e-34,1.0722172591941679e-33
ASH2L,12.141812,0.45318624,6.340589767581861e-34,1.1120473671430368e-33
TYK2,12.140865,0.38679242,6.414414631818592e-34,1.124679874906309e-33
MRPL14,12.1400175,0.15281977,6.481240870602738e-34,1.1360785342250135e-33
HECA,-12.1347275,-0.29904264,6.9139477276748464e-34,1.211587030373497e-33
PIAS4,12.131056,0.45623127,7.231080988361081e-34,1.2668060112905888e-33
SKAP2,-12.129998,-0.66863114,7.325069878309266e-34,1.2829125744317683e-33
PHKG2,12.126943,0.24667154,7.603520667590683e-34,1.3313077328980495e-33
PPP6R3,12.124847,0.14258304,7.80049913250161e-34,1.3654147334339695e-33
RGL4,12.12441,0.19645284,7.842358432813179e-34,1.3723578840749441e-33
TNPO3,12.123771,0.22235973,7.903737839065765e-34,1.3827120783332053e-33
COPS7A,12.11714,0.36877352,8.569778099082533e-34,1.4988127421822847e-33
PI4K2B,12.11297,0.4315003,9.016843850604495e-34,1.576561630223078e-33
NPTN,12.105816,0.23419823,9.838624951990203e-34,1.719766350926256e-33
ANXA2R,-12.101909,-0.3059927,1.0318365837211886e-33,1.803120018927306e-33
VEGFB,12.095795,0.35193685,1.1116186887044268e-33,1.9419956762175074e-33
TMEM71,-12.087878,-0.4661131,1.224073224986029e-33,2.137856531410552e-33
TMEM205,12.0866165,0.32237297,1.2430156828525956e-33,2.1703338297309066e-33
CSTF2T,12.083616,0.3731729,1.2892276166423309e-33,2.2503928486926402e-33
ITPRIPL1,12.078593,0.47058737,1.3704438590548745e-33,2.3914914315892036e-33
KHSRP,12.077499,0.42789614,1.3887887105003564e-33,2.4228282690714527e-33
MFSD5,12.0723095,0.32343364,1.4792400891218418e-33,2.57990688529307e-33
RPS6KB2,12.071301,0.17197303,1.4974759535554069e-33,2.6109837138914788e-33
DNM1L,12.069286,0.15972447,1.5345845431726605e-33,2.6749403460819626e-33
CCDC174,12.067555,0.14807375,1.5672008331113157e-33,2.731032983828521e-33
ZNF148,12.058339,0.11937967,1.752821214442297e-33,3.0536478745616848e-33
HIST1H2AG,12.049972,0.50222427,1.9401759415403594e-33,3.3791037556449016e-33
IFT20,12.038493,0.3085257,2.2299234669566024e-33,3.882661065761343e-33
STMN3,-12.035959,-0.5639373,2.299446606968581e-33,4.002598211796172e-33
ENOPH1,12.0310955,0.2037607,2.439033229873865e-33,4.2443927360475376e-33
KLC1,12.024827,0.19066726,2.6313950382143487e-33,4.577866340119289e-33
PNPLA8,12.022041,0.1077244,2.7216496034793228e-33,4.7335668388564487e-33
RNF8,12.019833,0.42076203,2.7953872363630142e-33,4.8604620763443626e-33
GRK6,-12.016537,-0.33729836,2.9091105515206014e-33,5.056792334068598e-33
DGKA,-12.015613,-0.36022592,2.941812442202675e-33,5.112216288449981e-33
DNAJB12,11.998446,0.26224887,3.6202602111776104e-33,6.28946067234855e-33
CXXC1,11.968898,0.24259079,5.1711185752303614e-33,8.981265354425637e-33
MPHOSPH10,11.96765,0.19493017,5.2494443490424065e-33,9.114772092036995e-33
KRCC1,11.966149,0.22211646,5.345242218858897e-33,9.278533662924877e-33
CUL2,11.963841,0.22593638,5.495913228038224e-33,9.535106033856554e-33
ARSA,11.963839,0.27471194,5.496098522712075e-33,9.535106033856554e-33
BUD13,11.960724,0.34270844,5.706253027259375e-33,9.896955624767023e-33
ZDHHC3,11.951504,0.22216287,6.376113068742703e-33,1.1055699378618168e-32
GTF2F2,11.950068,0.24034126,6.487175973711441e-33,1.1245157354264e-32
GBA,11.948741,0.447708,6.591628473598537e-33,1.142305477308378e-32
ARID1B,11.939341,0.13913776,7.380566194205183e-33,1.2786713406521082e-32
CREB3L2,11.938982,0.43794802,7.412491159181338e-33,1.283846752265738e-32
BTAF1,11.93447,0.15174189,7.825580556959063e-33,1.3550188752929948e-32
TMEM243,-11.917048,-0.25174865,9.646627812473844e-33,1.6698755836977412e-32
ZNF655,11.915404,0.108251974,9.838743487962081e-33,1.702660560461709e-32
TMEM127,11.91464,0.3329575,9.929336900057745e-33,1.7178631539480437e-32
RASSF3,-11.913752,-0.8152916,1.0035821258996431e-32,1.7358058555787027e-32
PSMD5,11.913605,0.30456412,1.0053534486644089e-32,1.7383889372151856e-32
LARP4B,11.913013,0.22701113,1.0125119483403743e-32,1.7502831580042503e-32
SHARPIN,11.902838,0.14259826,1.1438946280943166e-32,1.976852152861338e-32
NSMCE3,11.89602,0.08911709,1.2412665139724335e-32,2.1445355734359414e-32
PIGC,11.895124,0.20155144,1.254660335084563e-32,2.167077596987583e-32
PPP3R1,11.894015,0.13986444,1.2714441559904332e-32,2.1954608445697348e-32
GSTM1,11.891312,0.5079749,1.3132722873035695e-32,2.267061652696228e-32
AIMP2,11.887103,0.40869877,1.3811493037672313e-32,2.3835779432738759e-32
DPAGT1,11.883841,0.42920384,1.4361337624093466e-32,2.477786215563396e-32
CRCP,11.876496,0.21527073,1.5680380606989336e-32,2.7046170685780337e-32
CCAR2,11.871591,0.27585933,1.6627639096724426e-32,2.8672136215299893e-32
CHCHD10,11.869411,0.098180495,1.7066413409321693e-32,2.9420634414085563e-32
NKAP,11.866935,0.14603561,1.7579205330685958e-32,3.029628334676897e-32
VAV3,11.863991,0.32702985,1.8208544475002325e-32,3.1372253989428407e-32
MED30,11.859489,0.106676266,1.921425276289157e-32,3.309591555194099e-32
ATP2C1,11.858154,0.3372802,1.952321239075588e-32,3.361883201667184e-32
POLD2,11.853767,0.28797984,2.0573018967734088e-32,3.5416842779896655e-32
RABEP1,11.85047,0.123699926,2.1398862121370557e-32,3.6828413048499094e-32
FNDC3A,11.83549,0.19347273,2.5584353855591505e-32,4.4019724345594186e-32
MICU1,11.830933,0.37876174,2.7012325691657306e-32,4.646387394198738e-32
ZNF384,11.828862,0.2993848,2.7686821036700766e-32,4.761098196965365e-32
PNISR,11.819352,0.0662603,3.100676397247928e-32,5.330539033026391e-32
ERI3,11.812361,0.28612274,3.3696481635152435e-32,5.791351349162463e-32
CUTC,11.812083,0.25644314,3.380784478548036e-32,5.808895275417883e-32
RBM10,11.806905,0.2524905,3.59556597766468e-32,6.176238538240043e-32
MYSM1,11.800422,0.22638799,3.8835955548922534e-32,6.669166563657956e-32
ING4,11.793348,0.3308695,4.2240747742038875e-32,7.251869315976817e-32
C2orf49,11.7897215,0.3142923,4.4099782992589837e-32,7.568950408824198e-32
GOPC,11.788666,0.13327922,4.465595876419247e-32,7.662306034799453e-32
CNOT7,11.786344,0.104396835,4.590392404611245e-32,7.874278827323265e-32
ECE1,11.786256,0.33167797,4.595168537130266e-32,7.880310956219008e-32
TSPYL2,-11.771814,-0.17959931,5.453845571126787e-32,9.350303615502654e-32
SH3GL1,11.771362,0.34445626,5.483192867009296e-32,9.398042349591825e-32
VTI1A,11.767221,0.17671555,5.759020707712111e-32,9.868100122554633e-32
LENG1,11.763602,0.18618694,6.011387467443757e-32,1.0297710842368055e-31
HMGCS1,11.756073,0.18540011,6.572065744258448e-32,1.1255089870265767e-31
MAPK13,11.755001,0.42761952,6.656001003122388e-32,1.13957149084657e-31
PRPF8,11.754966,0.07178937,6.658760448235324e-32,1.1397320209072555e-31
C12orf10,11.739439,0.2254193,8.001542642948908e-32,1.3691917607846926e-31
VCPKMT,11.738848,0.21286246,8.057656174818581e-32,1.3784166538054426e-31
PTRH1,11.738468,0.39876541,8.093887048402507e-32,1.3842361228760548e-31
YIPF5,11.732689,0.08621882,8.666126794145664e-32,1.4816968905213247e-31
NOB1,11.720882,0.2043259,9.962927807636387e-32,1.7029529061358808e-31
ERCC3,11.71027,0.23439956,1.1291984707750717e-31,1.9296000090600515e-31
ARL16,11.707787,0.20195928,1.1627545057110702e-31,1.9863987405047663e-31
ZRSR2,11.707388,0.22906245,1.1682317381337736e-31,1.9952109619887766e-31
ELMO1,11.707137,0.12665719,1.171700189472804e-31,2.0005885331173208e-31
ZNF720,11.705858,0.32160947,1.189497455196846e-31,2.030421849853061e-31
SUCLA2,11.6972,0.23380353,1.3172883543916635e-31,2.2479421563213985e-31
ZKSCAN1,11.69559,0.19452558,1.3425104837108875e-31,2.29035876359294e-31
NOL12,11.689804,0.31111825,1.4371746487151655e-31,2.4511899134029652e-31
TMEM263,11.688948,0.16938926,1.4517386151114686e-31,2.475354804071231e-31
ZNF490,11.683391,0.39428338,1.5498713338156509e-31,2.6419605079974693e-31
EXOSC7,11.672419,0.2978684,1.7633718861084114e-31,3.005081590709404e-31
EPRS,11.669236,0.10473457,1.830594232289281e-31,3.118790173529886e-31
CCDC22,11.659363,0.41576883,2.0557396563479792e-31,3.501417721239575e-31
DENND1C,11.655939,0.12123136,2.140074315753356e-31,3.644067751593085e-31
FLAD1,11.646437,0.3163186,2.3925558322254137e-31,4.0728787173883505e-31
DDX1,11.641897,0.2929877,2.5233905811895044e-31,4.294431848727296e-31
STK10,11.626221,0.083032005,3.0322787188582276e-31,5.159079593466705e-31
RIT1,11.612661,0.26150388,3.5537843620667983e-31,6.044718588659568e-31
NOC4L,11.611776,0.36279798,3.5907797847715878e-31,6.105984869130484e-31
NIPSNAP1,11.611296,0.26617855,3.610999637504912e-31,6.13869938375835e-31
CLN3,11.604429,0.33173415,3.9128981817997553e-31,6.650119811284778e-31
MOCS2,11.597513,0.3148126,4.242254002275977e-31,7.207914459054458e-31
UBL4A,11.596436,0.38665688,4.295997142576524e-31,7.297246300287465e-31
DDX27,11.581316,0.11783823,5.125299294512839e-31,8.703548421952313e-31
MRPL49,11.581128,0.2757055,5.136547560046556e-31,8.720282641967776e-31
GMPPA,11.577136,0.45471606,5.381393270466804e-31,9.133477021172089e-31
PTPN4,11.5769615,0.11245867,5.392363577245569e-31,9.149613924396064e-31
PTK2B,11.574531,0.12043534,5.5473789094876125e-31,9.410087434315212e-31
NDUFAF7,11.571672,0.38615298,5.735383024071656e-31,9.726363838057002e-31
COMMD9,11.554512,0.34119695,7.004382566382581e-31,1.187518084967193e-30
BRCC3,11.540228,0.33865795,8.270627270106732e-31,1.4018164237818402e-30
DEDD,11.540162,0.27283695,8.276907526025972e-31,1.4025009069019091e-30
RAB9A,-11.539076,-0.31451422,8.38207109080727e-31,1.4199360071511043e-30
C18orf25,11.537273,0.27697128,8.559599661528024e-31,1.4496170948164406e-30
LPCAT3,11.534144,0.20985274,8.87654192814489e-31,1.5028862328139224e-30
CERS2,11.526732,0.15113106,9.674650564093137e-31,1.6375707231863275e-30
USP14,11.513788,0.09564786,1.124286118307356e-30,1.9024976889723613e-30
PAGR1,11.508672,0.1882056,1.193014591328414e-30,2.0182529159952833e-30
BAG4,11.505302,0.2608543,1.2405322665695833e-30,2.0980724140738884e-30
ABHD16A,11.503589,0.24519987,1.265425317653701e-30,2.1395948073625817e-30
SPOP,11.500306,0.15152043,1.3144788924965038e-30,2.221934599151075e-30
HYOU1,11.48537,0.25991014,1.5626618285025308e-30,2.640738087280344e-30
PRKACB,11.483439,0.08305293,1.5979522193074647e-30,2.6996459854138533e-30
XIAP,11.4823,0.19178921,1.6191587612702518e-30,2.7347346680633624e-30
MGMT,11.475018,0.1282268,1.7614285748878097e-30,2.9742232562748006e-30
FBXO28,11.4679,0.2932066,1.9124282210149056e-30,3.228319198777455e-30
MORF4L1,11.467465,0.07423633,1.9220622407313875e-30,3.243706872947278e-30
RNF169,11.460547,0.23697351,2.0819356762903362e-30,3.512564614582617e-30
UBXN2A,11.459414,0.2175887,2.1093834785109485e-30,3.557914004196412e-30
GABPA,11.455962,0.32433733,2.1951233672271228e-30,3.7015341739549545e-30
RAB3GAP2,11.451461,0.21060494,2.3121571502768752e-30,3.89783215632771e-30
YTHDC2,11.446187,0.17916454,2.457190333458953e-30,4.141213018889874e-30
PDCD6IP,11.439038,0.086305544,2.6682728461110497e-30,4.495748700584629e-30
SP4,11.438892,0.22820996,2.6727504211071244e-30,4.501451164437967e-30
TM2D2,11.438882,0.3461797,2.673096399598313e-30,4.501451164437967e-30
PSIP1,11.43419,0.080067955,2.8215904742596934e-30,4.750234124587902e-30
ATP6V1A,11.4245825,0.30107537,3.151673880243109e-30,5.304512185849042e-30
ASF1A,11.421676,0.13539119,3.2588787473850736e-30,5.483471071447289e-30
ADIPOR1,11.421543,0.092044264,3.2638556336086076e-30,5.490368605500255e-30
NINJ1,11.417664,0.17333998,3.412842259679488e-30,5.739446552837333e-30
PPM1D,11.411243,0.17848626,3.6744016592111195e-30,6.177655678587682e-30
IGSF8,11.39374,0.21650325,4.492826543371272e-30,7.55161817714419e-30
TRIM37,11.391967,0.3633692,4.585226630995681e-30,7.70485570870507e-30
CDADC1,11.39035,0.34190238,4.6711008032939e-30,7.84704796600608e-30
YTHDF3,11.381806,0.17242597,5.152116439540418e-30,8.652789381413385e-30
TFDP2,11.3714695,0.22757445,5.8002759717183055e-30,9.738734964860366e-30
CYP2R1,11.368979,0.30590725,5.968096473142628e-30,1.0017819032997123e-29
POLK,11.36769,0.24744838,6.0569002074328325e-30,1.0164154425348658e-29
OGDH,11.367354,0.16992003,6.080259020010487e-30,1.0200616902436473e-29
POLR2M,11.361467,0.22076884,6.50429597943533e-30,1.0909081942988585e-29
EXOC7,11.360382,0.21560551,6.585622154294976e-30,1.104252270095668e-29
TAX1BP3,11.35572,0.4288447,6.946561362649799e-30,1.1644610901590874e-29
GPBP1L1,11.354519,0.14640015,7.042621090854146e-30,1.1802474563188731e-29
MUL1,11.350954,0.4964285,7.335767169557353e-30,1.2290455118572792e-29
PELP1,11.349727,0.25321263,7.43945544418529e-30,1.2460838891251186e-29
SBNO1,11.348682,0.13904853,7.528855563747915e-30,1.2607205676340191e-29
CPQ,-11.346575,-0.8019787,7.712517582667386e-30,1.291129515578463e-29
EIF4A2,-11.345066,-0.08297783,7.846711598745222e-30,1.3132431182918701e-29
EGR2,11.336103,0.32913697,8.692948125914539e-30,1.4544820400032457e-29
AAAS,11.3306,0.37469032,9.256835294564716e-30,1.5484160856362798e-29
HGS,11.329244,0.21684727,9.401296304529626e-30,1.5721601090921502e-29
CCDC25,11.31881,0.17018132,1.0589926932535205e-29,1.7704591900037477e-29
ASNSD1,11.315091,0.1900861,1.1048759577082643e-29,1.8466748574466745e-29
EMC2,11.308302,0.30019596,1.1937749663764271e-29,1.994726546381124e-29
ATG2A,11.308087,0.3070109,1.1966983242767702e-29,1.9990773609280304e-29
CSNK1G1,11.304746,0.34509987,1.2431433464685167e-29,2.0761091231999575e-29
WDR36,11.304508,0.25005698,1.2465024942506954e-29,2.0811634918687883e-29
GAK,11.303845,0.19356407,1.2559488185614439e-29,2.09637561604066e-29
YIPF1,11.29983,0.4567913,1.3147158064579508e-29,2.193881591144556e-29
MRPS28,11.296572,0.28533137,1.364404408746859e-29,2.2761903949654267e-29
FCHO1,11.291786,0.45402357,1.4407915318863934e-29,2.4029836906108442e-29
CDC16,11.289867,0.24758881,1.4725924234192138e-29,2.455367324336514e-29
LLGL2,11.2846,0.3630699,1.5635151647893954e-29,2.606275212076328e-29
CSE1L,11.282949,0.2788642,1.5931397421527386e-29,2.654949980529444e-29
AKTIP,11.278442,0.24708606,1.6768810061758562e-29,2.793759673671413e-29
CNOT11,11.277253,0.23221366,1.699710400585371e-29,2.831040539420149e-29
PSAP,11.275605,0.069321424,1.7318420908774033e-29,2.8837913549451786e-29
CUL4A,11.26692,0.13446595,1.9113889171984234e-29,3.1819183251711915e-29
TMEM259,11.264464,0.076200515,1.965443293080794e-29,3.271033051746062e-29
SENP7,-11.264403,-0.38214287,1.9668042346412866e-29,3.272427471254226e-29
LAMP1,11.259601,0.0702963,2.0769793226983398e-29,3.454821229141402e-29
DDX21,-11.258866,-0.18587725,2.0943550104979316e-29,3.4827976995414835e-29
TRIP4,11.25742,0.4484463,2.129010752329262e-29,3.5394874479329957e-29
SNAP23,11.253223,0.1620016,2.2327984849580903e-29,3.711048704011109e-29
MRPL19,11.252268,0.27106166,2.2571175048314162e-29,3.7504720080279787e-29
NOP14,11.249243,0.21441303,2.3358801141482744e-29,3.880314921431653e-29
HSPBP1,11.239838,0.28488868,2.598590572629035e-29,4.3155780786746074e-29
CXorf38,11.238393,0.2173062,2.641481654372626e-29,4.385644700041175e-29
ABCB8,11.237646,0.4230952,2.663897140209973e-29,4.421687585341892e-29
MRPS9,11.235212,0.26555666,2.7383528582130407e-29,4.5440677668384036e-29
IFI44,11.233981,0.32773343,2.776795821157653e-29,4.606638731679203e-29
EMG1,11.23123,0.25519502,2.864630314701159e-29,4.751094180479971e-29
STT3A,11.227,0.20737159,3.0050887376382386e-29,4.982728635744718e-29
HSD17B11,-11.225917,-0.25221968,3.042141197505366e-29,5.042828651720606e-29
CTDNEP1,11.222683,0.27330914,3.1554956603796036e-29,5.229345920883391e-29
DAPK3,11.220074,0.40559396,3.249996714178359e-29,5.384528454422621e-29
ATF7IP,11.215399,0.051513802,3.4263815218368603e-29,5.675256235269102e-29
DHX16,11.215237,0.2908269,3.432681018904761e-29,5.684185403459021e-29
GFPT1,11.214682,0.14705576,3.45427703414455e-29,5.71843268737981e-29
NOLC1,11.185919,0.11538472,4.7792796535018817e-29,7.909834262515283e-29
SEC24D,11.182042,0.34204692,4.992781616505317e-29,8.261000209695125e-29
GPX4,11.181064,0.07586289,5.0481377226176523e-29,8.350383287333695e-29
RINL,11.169342,0.21656263,5.760575075903509e-29,9.526343556662001e-29
SFSWAP,11.165599,0.15397342,6.008487158207335e-29,9.933693356697961e-29
DTNBP1,11.164716,0.24991757,6.068467843488696e-29,1.0030207352408264e-28
CCDC59,11.163482,0.0794812,6.153380067792484e-29,1.016786732807971e-28
ZBTB20,-11.162476,-0.3076459,6.223411998930428e-29,1.0280872845341631e-28
BRD8,11.161602,0.29193157,6.284887757392079e-29,1.0379687911891459e-28
TMEM138,11.159983,0.26010415,6.400383856892703e-29,1.0567643549411652e-28
RPP38,11.159008,0.30779737,6.470921282411357e-29,1.0681288533711203e-28
DPM1,11.158169,0.20605077,6.532297499049939e-29,1.0779755514127253e-28
NUB1,11.154949,0.09813821,6.773184656681738e-29,1.1174325741614175e-28
COPS4,11.1533165,0.21218334,6.898627716273643e-29,1.1378279723967284e-28
RBM6,11.146266,0.0924016,7.467446500494989e-29,1.231321700239764e-28
DOK1,11.146087,0.4546596,7.482552238523781e-29,1.233487399320284e-28
LTN1,11.135543,0.19760403,8.422990489894478e-29,1.3881514358477307e-28
THUMPD3,11.131889,0.2874828,8.775584862470033e-29,1.4458798762078622e-28
MRPL40,11.126686,0.19696586,9.303020372689577e-29,1.532377447381411e-28
ABHD18,11.125648,0.23098497,9.412024728649186e-29,1.549924367002614e-28
GTF2H3,11.123827,0.34940976,9.606142795468332e-29,1.5814744560118393e-28
AKAP8L,11.122909,0.14332844,9.705576083313234e-29,1.5974239404684976e-28
CBL,11.120469,0.26931646,9.974638398017649e-29,1.6412766390846506e-28
NABP1,-11.112846,-0.4739145,1.0864039712006353e-28,1.7871531011914737e-28
RAP2A,11.108487,0.4586256,1.1407564884208262e-28,1.876070607665796e-28
QKI,11.10828,0.20947883,1.1434042481062246e-28,1.8799308741530988e-28
IARS2,11.097615,0.1892,1.2883545151622825e-28,2.117694652352927e-28
GTF2H5,11.0954685,0.19406608,1.3196665343470696e-28,2.1685930756173543e-28
HERC1,11.087197,0.108943835,1.44751903602401e-28,2.3780669877537306e-28
IMP4,11.079882,0.13755639,1.5708085987412113e-28,2.5799366221383615e-28
FCGR3A,11.076434,0.5229863,1.6324566056232022e-28,2.6804851771072844e-28
EIF1AX,11.066064,0.07684479,1.8327440119647706e-28,3.0085663969697204e-28
RING1,11.064948,0.1595209,1.8557127141030678e-28,3.0454718623895046e-28
ATPAF1,11.045745,0.22016023,2.298525760076034e-28,3.771197785217852e-28
RIPK2,-11.038446,-0.8429693,2.4930507307489066e-28,4.089283002507908e-28
RNF25,11.036849,0.41209134,2.537766771045622e-28,4.161538379989885e-28
UCKL1,11.035515,0.2620214,2.575728965481846e-28,4.222683545087638e-28
SCAPER,11.034924,0.19515702,2.5927169557196133e-28,4.249420297349201e-28
RNH1,11.02965,0.079225525,2.749335005623257e-28,4.5049344670453365e-28
METTL17,11.029307,0.16045542,2.7598324212756062e-28,4.520950936763601e-28
OARD1,11.027258,0.21694514,2.823437178746786e-28,4.623932719958087e-28
WDR48,11.025926,0.2214619,2.8655465723306254e-28,4.691666934441348e-28
RFFL,11.022049,0.20076217,2.9917178401438433e-28,4.89696148821033e-28
SLC25A24,11.019679,0.18162085,3.071531549427697e-28,5.026288614496383e-28
TMEM214,11.004942,0.38668227,3.6174947116555295e-28,5.9181608044239e-28
ZNF585A,11.0038185,0.26179302,3.662865094221012e-28,5.990819354103699e-28
NADK,11.002832,0.4420743,3.703140948985984e-28,6.055109716899194e-28
EVI2B,11.002566,0.08919375,3.714087968529747e-28,6.0714226106929955e-28
SGTB,-10.9974375,-0.49929124,3.931457627927225e-28,6.425078087855988e-28
SRFBP1,10.996533,0.27433577,3.9710547576180497e-28,6.488095733522726e-28
N4BP2L2,-10.987942,-0.14274539,4.367719578192303e-28,7.134322109966331e-28
NOC2L,10.987748,0.19701503,4.377104478950949e-28,7.147785335504342e-28
PITPNM1,10.984212,0.38833153,4.551940222254845e-28,7.431351260549663e-28
ACTR6,10.973147,0.16891891,5.1449602572841e-28,8.397305340352031e-28
LRPPRC,10.970348,0.13279161,5.306777040814272e-28,8.659154190749631e-28
GYPC,10.969828,0.06622938,5.33738717956718e-28,8.706830298662915e-28
METTL14,10.966202,0.2466962,5.55573027439209e-28,9.060648747809413e-28
POM121C,10.963875,0.08717905,5.700510391831109e-28,9.293835156468518e-28
TNFRSF25,10.963857,0.2941217,5.701684675595616e-28,9.293835156468518e-28
TMEM134,10.963109,0.12762915,5.748969171963404e-28,9.368468648034139e-28
DDX41,10.941877,0.2973621,7.26788723143697e-28,1.1840599614549396e-27
NME7,10.940939,0.39582583,7.343575817359716e-28,1.1960794145639777e-27
SYNGR1,-10.939417,-0.62266666,7.467837387467444e-28,1.2160018400831946e-27
MRPS2,10.934057,0.24793468,7.922523309327214e-28,1.289703508278716e-27
NELFA,10.932318,0.24917677,8.0759195055606675e-28,1.3143327894585728e-27
P2RY10,10.925744,0.08604639,8.68257606868402e-28,1.4126969020984974e-27
ANKHD1,10.915301,0.08977843,9.740620892540111e-28,1.5844338092493742e-27
VPS37A,10.909875,0.24555482,1.0339828876273626e-27,1.681465283336829e-27
GPR108,10.907421,0.1282293,1.0622703357949572e-27,1.727017469005523e-27
CHD7,-10.906999,-0.9115782,1.0672160892463512e-27,1.734607392653981e-27
CEBPG,10.901326,0.16729902,1.1358961739697697e-27,1.8457575232090595e-27
POC5,10.898155,0.41850206,1.176182310217321e-27,1.910723586787733e-27
FH,10.895661,0.3051325,1.2088515391032866e-27,1.963285365687996e-27
AK6,10.894839,0.28602675,1.2198225920678234e-27,1.980589186601688e-27
FYTTD1,10.890876,0.12594369,1.2740964303703496e-27,2.0681752123500017e-27
RPP25L,10.882587,0.39575407,1.3954415527272501e-27,2.2645609218837034e-27
MAD2L1BP,10.8691845,0.3818176,1.616389310132599e-27,2.6224407479744658e-27
TXNDC12,10.852864,0.11035793,1.9327252304354797e-27,3.134853264610931e-27
UCHL3,10.852773,0.3028614,1.9346613115210662e-27,3.1371801878890072e-27
FAR1,10.8513775,0.20634192,1.9644156012780805e-27,3.1846032655080774e-27
PSEN1,10.849414,0.33424133,2.007080859806231e-27,3.252926906463155e-27
STK39,10.848965,0.15652211,2.016961270440573e-27,3.268093682433625e-27
SCYL2,10.84744,0.22659138,2.0508970079713184e-27,3.322219492974772e-27
MON1B,10.841852,0.26235184,2.1801154702773683e-27,3.530624484094024e-27
DUS1L,10.8408,0.15649621,2.2053344233879716e-27,3.570541447390049e-27
CCDC186,10.839964,0.11173401,2.22557986340951e-27,3.6023874839559884e-27
EMSY,10.831041,0.23221454,2.4534801297706686e-27,3.970246169644414e-27
CIAPIN1,10.805089,0.28703785,3.256427070738443e-27,5.26822026235834e-27
ACSF3,10.792644,0.34104407,3.7290464201644906e-27,6.031260187318783e-27
DEGS1,10.789512,0.09960739,3.858356086026659e-27,6.238789267041296e-27
CTPS1,10.7827835,0.34669122,4.1512919299823e-27,6.710718944178106e-27
RNF111,10.779489,0.21465395,4.302734204399296e-27,6.95373422441798e-27
TSFM,10.779079,0.35176376,4.3218999112750806e-27,6.982904402101473e-27
PPP4R3B,10.775092,0.079619154,4.513315342323876e-27,7.290291965292582e-27
UBXN7,10.770162,0.23270221,4.76162501027017e-27,7.689397538526118e-27
EMB,-10.767595,-0.13555695,4.896218833704292e-27,7.904708393201046e-27
CD320,10.766116,0.1606988,4.975492923012091e-27,8.030620156440567e-27
RPRD1B,10.762564,0.281045,5.1711404470106874e-27,8.344249325896018e-27
TMEM219,10.75012,0.07368012,5.918420301215385e-27,9.54761150190909e-27
ITFG1,10.746797,0.1819463,6.135533530177314e-27,9.895307492856218e-27
VPS39,10.745478,0.25274315,6.223916260277782e-27,1.0035262918633455e-26
SPTLC1,10.741461,0.21440142,6.50074189901907e-27,1.047890783825388e-26
URI1,10.737407,0.06423899,6.792566708381658e-27,1.0946495962811862e-26
COX19,10.731552,0.17457898,7.236998708265122e-27,1.165971257247144e-26
HDAC10,10.729773,0.31918076,7.377784341512398e-27,1.1883475499614201e-26
PRR14L,10.726589,0.3254435,7.636293046960616e-27,1.2296692226971845e-26
CCDC18,10.725005,0.35376397,7.768257978191089e-27,1.2505975787844429e-26
TRIM38,10.716959,0.11422403,8.474395565583585e-27,1.3639263868868256e-26
SDHAF2,10.71487,0.20477398,8.667892995463939e-27,1.3947103544141565e-26
CAAP1,10.711847,0.22475933,8.955637450774029e-27,1.4406394418113225e-26
MICB,10.710183,0.3548763,9.118118040251916e-27,1.46639965192329e-26
UQCC3,10.707274,0.3447941,9.409106717513516e-27,1.5128083172645735e-26
SCAF11,10.699234,0.052508727,1.026235000867304e-26,1.6495699294516582e-26
ATF1,10.692902,0.18275882,1.0987910376142354e-26,1.765742802803662e-26
PHC3,10.686447,0.0924076,1.1779761124451832e-26,1.892506050194419e-26
STAT2,10.685665,0.28698006,1.1879503224632246e-26,1.9080403638844503e-26
BRAT1,10.68502,0.27199045,1.196228981143547e-26,1.920844072390665e-26
HACL1,10.684907,0.23237136,1.1976961487788729e-26,1.922706468247531e-26
ZNF580,10.680859,0.259647,1.251092210393651e-26,2.0079099200160802e-26
SRP54,10.678727,0.072118714,1.2801511057246682e-26,2.0540203430144973e-26
AP1G1,10.670977,0.12797858,1.391558139632163e-26,2.2322019798817464e-26
OGFOD3,10.668269,0.38379583,1.432701400252213e-26,2.2976108587484858e-26
HIVEP2,-10.662242,-0.48235098,1.5286707734926844e-26,2.4508878418683325e-26
FBXO32,-10.659708,-0.38347527,1.570895684315315e-26,2.5179409175189883e-26
SLC25A40,10.652728,0.36792636,1.6932795114166927e-26,2.713411020343963e-26
BCL9L,-10.646485,-0.5599735,1.8107239930126886e-26,2.900867938613926e-26
WDR5,10.644313,0.36258206,1.8534758822193747e-26,2.9685983407998996e-26
PILRB,-10.641825,-0.73212975,1.903645284164476e-26,3.048171204948288e-26
UIMC1,10.641734,0.22122931,1.9054972790346443e-26,3.050355930819021e-26
INIP,10.634023,0.26338416,2.069875883660131e-26,3.3126486385719573e-26
EHMT2,10.631095,0.2615069,2.135897793684459e-26,3.417436469895134e-26
TAF6,10.631002,0.24281487,2.1380287375388307e-26,3.4199713070935625e-26
TTC33,10.6273985,0.43935233,2.222243439540437e-26,3.553771717220085e-26
RIOK1,10.624461,0.18239604,2.2933373051025142e-26,3.666526496478745e-26
IL4R,10.622946,0.21960996,2.33086160167678e-26,3.7255672406974797e-26
PRAF2,10.617897,0.43481043,2.4604118022043687e-26,3.931631222117632e-26
NOP16,10.610073,0.25193703,2.675391382421282e-26,4.274067540456471e-26
RPF1,10.602742,0.1913154,2.8936979576333714e-26,4.6216426915890654e-26
SSB,10.601173,0.070935726,2.942646358703125e-26,4.6986206278832955e-26
MAML1,10.599114,0.23565671,3.008152100322508e-26,4.801990186174435e-26
TM2D1,10.594004,0.15196855,3.1770506425163645e-26,5.070313474383259e-26
ZFAND3,10.586627,0.11085131,3.4375622495818896e-26,5.484669582602474e-26
PPP4R1,10.583449,0.43268266,3.556198143368425e-26,5.672507798294969e-26
WDR46,10.5802765,0.27359042,3.678704356789761e-26,5.866422242181174e-26
GPALPP1,10.576948,0.35286462,3.8117170246822467e-26,6.076988202449576e-26
MTX2,10.575907,0.33033246,3.854301037590006e-26,6.143313959531994e-26
SPNS1,10.568441,0.28706965,4.1737538750809126e-26,6.65079068836123e-26
NCBP1,10.564853,0.24522728,4.336481381376787e-26,6.908333975526657e-26
ARAF,10.558627,0.19232616,4.6339108290874135e-26,7.380281605593396e-26
GSKIP,10.554747,0.28169417,4.829396286406053e-26,7.689667388077442e-26
PYCR2,10.554125,0.1323785,4.861499843479163e-26,7.738815018016704e-26
ALG6,10.547042,0.38465863,5.242136636981143e-26,8.342611752977366e-26
USP5,10.536581,0.40944222,5.859062092478008e-26,9.322047927401429e-26
SF3A1,10.535803,0.060172085,5.90768034870629e-26,9.397012016655619e-26
ESYT2,10.5354,0.15594563,5.932999967864761e-26,9.434887595058959e-26
BMS1,10.53494,0.23140414,5.962162884538194e-26,9.478854131047253e-26
ZNF414,10.534053,0.3297353,6.018629628994054e-26,9.566195873726322e-26
MED17,10.532291,0.18714769,6.132331028085408e-26,9.744440668453725e-26
UBQLN1,10.527667,0.081585914,6.44109447680457e-26,1.0232475126178109e-25
MBIP,10.526856,0.29538763,6.496822132104103e-26,1.0318385188739089e-25
GPANK1,10.524529,0.32787505,6.659366978265416e-26,1.0573857821327015e-25
MKRN2,10.524434,0.32903102,6.66610259788266e-26,1.058186700135852e-25
TIGAR,10.523998,0.2901842,6.696978630821774e-26,1.0628183235520299e-25
NEK1,10.522208,0.1654543,6.825489219589261e-26,1.0829383859434547e-25
OTUD4,10.521343,0.32258463,6.88844171038964e-26,1.09264937475146e-25
HIGD1A,10.514366,0.21102005,7.417805665448916e-26,1.1763191950075645e-25
C1orf50,10.512275,0.38874614,7.584199418011417e-26,1.2024012052478313e-25
IKBKB,10.495468,0.25788707,9.062707884076383e-26,1.4364403476762568e-25
UBR1,10.49526,0.14647314,9.082734902513604e-26,1.4392499886049925e-25
NUFIP1,10.49467,0.3373018,9.139652281951552e-26,1.4479023721420336e-25
LSM5,10.479755,0.09568645,1.0702065102222296e-25,1.694990361506397e-25
PIGB,10.475601,0.33955735,1.1182451505871426e-25,1.7706255788593176e-25
CD300A,-10.464525,-0.62901586,1.257053631229303e-25,1.98991080895003e-25
C5orf22,10.462631,0.37523285,1.2824452490593746e-25,2.0295920764268776e-25
PIK3C3,10.45914,0.19027975,1.3305811877421166e-25,2.1052392287594033e-25
INO80,10.451095,0.18186577,1.4484415566381811e-25,2.2911378959111155e-25
PATL1,10.448119,0.23887208,1.4946053381329653e-25,2.363561930070736e-25
NOL11,10.4469595,0.1524701,1.5129872202585093e-25,2.392026295157249e-25
IPO8,10.445521,0.27568305,1.5360931277589737e-25,2.427943053880783e-25
TAF7,10.443072,0.057908062,1.5762581801297655e-25,2.4907984781237213e-25
FARS2,10.442773,0.27814227,1.5812296300365317e-25,2.49802337512842e-25
SNAPC5,10.44132,0.20373839,1.6056164393834382e-25,2.5359092261506665e-25
ZNF195,10.437339,0.24162696,1.674391007047811e-25,2.643864245353636e-25
DDX54,10.426625,0.16037273,1.8742794451039527e-25,2.95874141018681e-25
MRPS30,10.4261055,0.11871054,1.8845405192746796e-25,2.9741890738098877e-25
SMARCA4,10.423096,0.12749997,1.9451610209554885e-25,3.06908634226924e-25
KLRK1,10.422299,0.2378299,1.9615355648303214e-25,3.094141828940618e-25
PCNT,10.418888,0.23006831,2.0331566358802774e-25,3.206309027997735e-25
NDRG3,10.412727,0.2831957,2.169154120841192e-25,3.419916376003653e-25
ANAPC10,10.411213,0.36571193,2.2039498846648657e-25,3.4739003473074834e-25
MYCBP2,10.411114,0.054165944,2.206255913885786e-25,3.476659193266871e-25
HOOK3,10.411087,0.13262688,2.206878738136615e-25,3.476764891912028e-25
PAM16,10.408188,0.3421428,2.2751019041875227e-25,3.583342777592432e-25
STX4,10.40801,0.17067224,2.2793685551577566e-25,3.5891592451716395e-25
SNAPC2,10.407812,0.3657517,2.2841052480384516e-25,3.595712740746994e-25
MTMR6,10.403703,0.19555601,2.384818269696207e-25,3.753313986218735e-25
C16orf91,10.400443,0.3049292,2.4678311917314675e-25,3.882985899263597e-25
CBLL1,10.399715,0.14637963,2.4867571214016137e-25,3.911780877920165e-25
HOXB2,10.398044,0.32850277,2.530751370025109e-25,3.979985060552308e-25
PLCG1,10.393675,0.13583893,2.6494455360050805e-25,4.165602230019549e-25
INTS12,10.386451,0.32453018,2.8579016929669336e-25,4.492219344522899e-25
CREB3,10.379845,0.24875894,3.0627462211002986e-25,4.812996824718279e-25
GART,10.365491,0.20254266,3.55926168945733e-25,5.591848601015835e-25
DAZAP2,10.363993,0.07136587,3.6154608065952455e-25,5.678715241290448e-25
RGS14,-10.361269,-0.2866888,3.7199402311180185e-25,5.841351929185322e-25
ADAM10,10.35719,0.08029946,3.881980124403709e-25,6.094270428674932e-25
UBTF,10.357129,0.10022926,3.884465256894587e-25,6.096641908462754e-25
YBX1,10.35666,0.06431987,3.903563265171594e-25,6.125079454956984e-25
PI4KA,10.342912,0.26010925,4.506312828586849e-25,7.069080505426111e-25
C1orf21,-10.332814,-0.54100436,5.006977714648257e-25,7.8525075414488585e-25
SLC1A5,10.322083,0.06738009,5.599474473944638e-25,8.779526894485627e-25
FAM217B,10.312365,0.2912683,6.195801809541564e-25,9.712086224127292e-25
GATAD2B,10.311687,0.12751096,6.2395749867263575e-25,9.778251782805634e-25
RRAGC,10.30479,0.27481356,6.703827719313642e-25,1.0503167095423527e-24
ZAP70,10.300095,0.06532337,7.039228511318523e-25,1.102589223004724e-24
GTF3C3,10.294038,0.38232633,7.496501448087692e-25,1.1739202267643705e-24
AP5Z1,10.289564,0.26053253,7.853076340918905e-25,1.2294505903100268e-24
SP140L,10.286264,0.096237734,8.126851901641108e-25,1.27199363264115e-24
ARRDC3,10.282096,0.12013439,8.486160670161737e-25,1.3278994785525719e-24
FAM98B,10.281683,0.37951306,8.522615922274173e-25,1.3332704478556445e-24
PRPS2,10.280671,0.21828973,8.612579249703708e-25,1.3470073946536599e-24
GNPAT,10.279213,0.17659767,8.743868699560463e-25,1.3671992647950575e-24
EDRF1,10.278336,0.17613448,8.823828509994173e-25,1.3793571004128823e-24
KPNA6,10.276052,0.22941814,9.035261475007675e-25,1.4120558528015992e-24
SUPT20H,10.27498,0.13637875,9.136385951900407e-25,1.427503259617606e-24
IGBP1,10.268033,0.083656795,9.81857554033284e-25,1.5337080794087953e-24
GPR89A,10.257884,0.25873306,1.0907049497267456e-24,1.703307580002626e-24
NHLRC3,10.255736,0.33852738,1.1152317889856165e-24,1.7411754609168997e-24
COX7A2L,10.254921,0.06253718,1.1246797257739722e-24,1.755488114880731e-24
PNPLA2,-10.253021,-0.21508048,1.1470064813277868e-24,1.7898908823114577e-24
SYMPK,10.250559,0.27412978,1.176615023100117e-24,1.8356368041182873e-24
BZW2,10.248558,0.16125433,1.201224108731264e-24,1.8735622099782567e-24
ANAPC7,10.247428,0.35348257,1.2153424920941037e-24,1.8951103266552127e-24
SH3BP5,-10.247172,-0.32933065,1.2185645977196946e-24,1.8996611321541016e-24
FAM126B,10.243179,0.22488093,1.2699335033428861e-24,1.9792486290266803e-24
PSME4,10.233598,0.17527695,1.4021157038884755e-24,2.1847162748508848e-24
ACAT1,10.231186,0.2506443,1.4374860933845859e-24,2.2392711653919246e-24
UBAP2L,10.230044,0.1816158,1.4545239023509956e-24,2.265248078941456e-24
C18orf21,10.224937,0.31090036,1.533275002571705e-24,2.3872992573640087e-24
CLK2,10.224681,0.2866552,1.5373361074146033e-24,2.3930267947215125e-24
FKBP5,10.220797,0.07754808,1.6002033196927955e-24,2.490266658706002e-24
PRPF3,10.220697,0.16367228,1.6018421749055942e-24,2.4921971266375027e-24
KIF3B,10.214652,0.32899284,1.7048998894792093e-24,2.651878097608636e-24
ARFRP1,10.210258,0.1559399,1.7839065479498237e-24,2.774078887391026e-24
ST6GAL1,-10.208933,-0.44844764,1.8084336455264784e-24,2.811521095033213e-24
DPP8,10.203675,0.15575464,1.909077220095811e-24,2.9672514506632034e-24
NIN,10.202363,0.05015729,1.9350595549365783e-24,3.0068883695189357e-24
GADD45A,10.202016,0.16770913,1.9419885450102465e-24,3.0169059691045697e-24
FGL2,10.199863,0.3970051,1.9855196427836025e-24,3.0837663568158435e-24
PDXDC1,10.185959,0.15409116,2.2908999272013383e-24,3.557177946034145e-24
BEX4,-10.183372,-0.54600036,2.3526580424151566e-24,3.652165933833553e-24
KMT2B,10.176714,0.24455135,2.5192626623298292e-24,3.9098256550571604e-24
NT5C2,10.16944,0.33588067,2.7146486067481434e-24,4.2120143065020794e-24
EML3,10.165351,0.18587352,2.8310051914218725e-24,4.391462553318927e-24
ERVK3-1,10.165264,0.071568884,2.8335179120968532e-24,4.39427071345511e-24
UNC13D,10.160835,0.17882368,2.9652370680161483e-24,4.59740349380645e-24
DCTN1,10.160172,0.15714604,2.9854794246431548e-24,4.6276410506857226e-24
SRPRB,10.151972,0.1754638,3.247337717426159e-24,5.0322875303983284e-24
RAB5B,10.146275,0.19549516,3.442533440112842e-24,5.333454482750357e-24
TVP23B,10.142815,0.16771577,3.5667048035526196e-24,5.524462800451891e-24
CNOT3,10.139626,0.27037084,3.6850993541977195e-24,5.7064310791734985e-24
FGFR1OP,10.135673,0.2743117,3.8372461185392515e-24,5.940562167181776e-24
MAPK9,10.135272,0.37315398,3.8530145690086984e-24,5.9634980563380546e-24
DTNB,10.13427,0.35507885,3.89273000108552e-24,6.023477340289639e-24
EP400,10.133445,0.14820373,3.925713193183167e-24,6.073012298851111e-24
IMPAD1,10.130067,0.29634494,4.0637202953631005e-24,6.284952822692598e-24
STX12,10.126307,0.17524867,4.223008679595095e-24,6.529694092819307e-24
MFSD14B,10.125288,0.26047313,4.2672197196760204e-24,6.596423663526855e-24
BABAM1,10.117078,0.19518359,4.6406598868698586e-24,7.171291005816588e-24
GIPC1,10.117062,0.28471938,4.641393427517801e-24,7.171291005816588e-24
GLT8D1,10.114173,0.2618481,4.7803667729334206e-24,7.384191242338637e-24
SRRM2,10.109153,0.04384417,5.0317337563718446e-24,7.770556993300977e-24
ATG4D,10.104938,0.24103054,5.25288536461427e-24,8.110081648822033e-24
MPHOSPH6,10.104482,0.21214978,5.2773971165527815e-24,8.145915707168566e-24
CCDC9,10.100942,0.34296146,5.4714116118310046e-24,8.443303168133884e-24
LONP2,10.098172,0.09948065,5.628134168189512e-24,8.68301044542382e-24
KRIT1,10.090259,0.14387581,6.100882763713604e-24,9.41004008130974e-24
ELAC2,10.083623,0.2556744,6.527428516906877e-24,1.0065465319637521e-23
EMC10,10.07661,0.091145314,7.010310110446964e-24,1.0807417459575211e-23
STT3B,-10.058007,-0.28186756,8.469531979813795e-24,1.3053804401506553e-23
NEDD1,10.056848,0.20661314,8.56986402857771e-24,1.3205189498222205e-23
PRDX4,10.040192,0.25607866,1.014769638903999e-23,1.5632600002421614e-23
ZC3HAV1,-10.040084,-0.14042784,1.015872888669546e-23,1.5645742962867255e-23
SLC44A2,-10.034569,-0.29131535,1.074276754007229e-23,1.6541165082621768e-23
CHD3,10.033775,0.09070042,1.0829520506516163e-23,1.6670639834833938e-23
ATIC,10.033317,0.1394681,1.0879893787906513e-23,1.674406286276584e-23
LAMTOR4,10.022526,0.059768,1.2136144558356207e-23,1.8672828420333603e-23
PHF14,10.021425,0.08242929,1.2271989567475059e-23,1.8877198606865986e-23
PWWP2A,10.008155,0.22278565,1.403452449963314e-23,2.1583083891274563e-23
DLG1,10.006597,0.20957075,1.425732843998601e-23,2.1920335886102848e-23
ASL,10.006351,0.37674803,1.4292731247429525e-23,2.196936773560666e-23
CPSF1,10.001659,0.30416754,1.4986382761178009e-23,2.3029921531301797e-23
SURF2,9.987348,0.13370408,1.7315354569201464e-23,2.660237185287926e-23
REV1,9.987269,0.20795204,1.7328937846654327e-23,2.6616703945168054e-23
BDH2,9.9811735,0.35647303,1.842749285395679e-23,2.829588949691192e-23
C1GALT1,9.9811535,0.08984399,1.843122597505052e-23,2.829588949691192e-23
SEC24A,9.980199,0.3652879,1.8609402670962683e-23,2.856241980116353e-23
ETFDH,9.97693,0.27452832,1.9232617422635062e-23,2.951171317046969e-23
ADAM17,9.975508,0.26805454,1.9510015498354033e-23,2.993002868016254e-23
PQBP1,9.974776,0.08954431,1.9654310745643652e-23,3.0143998044801836e-23
AMZ2,9.970066,0.0917005,2.0609139422608975e-23,3.160068044800043e-23
RNF138,-9.968831,-0.26883903,2.0866950880174174e-23,3.198815111648361e-23
PPIL4,9.967622,0.09862473,2.112256853071793e-23,3.23720697521243e-23
SPPL3,9.963991,0.19072223,2.1908674183413393e-23,3.356861760750286e-23
GLG1,9.962178,0.062375363,2.2312063632582575e-23,3.4178322743740597e-23
KANSL2,9.956058,0.10183976,2.3728658675845872e-23,3.6339409712629563e-23
SLC6A6,9.955392,0.15662546,2.3888027696334292e-23,3.657452307103948e-23
CTDSP2,-9.948253,-0.46372744,2.566500270490133e-23,3.9285602378728346e-23
PPP1R8,9.947066,0.36584663,2.5972583163471898e-23,3.9746692825508853e-23
GTPBP1,9.942535,0.16491681,2.718202616777262e-23,4.158736994511751e-23
GTF2H1,9.93477,0.15642203,2.93855388592832e-23,4.494766041654663e-23
GOT1,9.915974,0.20088544,3.5478157206593375e-23,5.425356917243905e-23
MLST8,9.913176,0.2836584,3.6486189761484186e-23,5.578142794424366e-23
AGTPBP1,-9.911957,-0.48681772,3.693397010601796e-23,5.645221524144841e-23
TMEM209,9.88646,0.28577414,4.765821295838592e-23,7.282603328472455e-23
NDUFV3,9.8766575,0.19324724,5.255657151473465e-23,8.02915534545006e-23
ATP2A3,9.875374,0.0778213,5.323419792863457e-23,8.130691949256296e-23
TAF8,9.873082,0.33317897,5.446487716740455e-23,8.316628546724015e-23
NSRP1,9.870242,0.14513081,5.602939557191609e-23,8.553438230793242e-23
NIPAL3,9.86828,0.23628719,5.71354857785619e-23,8.720165870472876e-23
ANKIB1,9.862384,0.31742126,6.059356462994059e-23,9.245691227436789e-23
PRKCQ,9.862016,0.10038927,6.081574380706983e-23,9.277329755109215e-23
SPRTN,9.857564,0.20374094,6.357304002497662e-23,9.695586016485952e-23
ZBTB11,9.853507,0.11554656,6.619282502881876e-23,1.0092671542293204e-22
MTIF3,9.853346,0.12954387,6.62991990041079e-23,1.0106427606474148e-22
RUSC1,9.851479,0.35195443,6.7542673289462e-23,1.0293470501799615e-22
MGRN1,9.842323,0.22754629,7.398232679130535e-23,1.1272124608046915e-22
TDP1,9.842089,0.21895668,7.415537840029894e-23,1.1295740133242518e-22
PIP5K1A,9.837957,0.3002738,7.726321758520594e-23,1.1766277731573717e-22
CEP95,9.83037,0.123180926,8.331223569844415e-23,1.2684384193951486e-22
IP6K1,9.827763,0.18283032,8.549671785274353e-23,1.3013806980213224e-22
PEX11B,9.823398,0.3319801,8.928216904151109e-23,1.3586700304638614e-22
AGAP2,9.816754,0.2015794,9.536472472496427e-23,1.450879664103542e-22
CLK4,9.815151,0.117945924,9.689251527326025e-23,1.473765075491165e-22
SMAP2,-9.800177,-0.13012244,1.123892933508646e-22,1.7090603286412467e-22
TBC1D5,9.794991,0.09166126,1.1830814883579638e-22,1.798628867841415e-22
ZPR1,9.793718,0.09980285,1.198072775381591e-22,1.8209774739521945e-22
NCALD,9.792873,0.39900208,1.2081299118013768e-22,1.835817519608796e-22
IQCB1,9.791794,0.21297842,1.2210957176485255e-22,1.855069162119761e-22
LATS1,9.789572,0.11511138,1.248229661146884e-22,1.8958302403823513e-22
APTX,9.779306,0.1715849,1.3815383631773799e-22,2.0977922330188565e-22
CABIN1,9.76592,0.10121468,1.5767440789662227e-22,2.393620712936833e-22
DYRK4,9.761534,0.38748464,1.6464542225554802e-22,2.498839790467512e-22
PRPF39,9.761143,0.2155463,1.652828231008376e-22,2.5079052663566336e-22
MRTO4,9.756907,0.31428677,1.723299314193342e-22,2.6141999295813642e-22
TEN1,9.754027,0.41815698,1.7729159829423813e-22,2.6888151246757667e-22
MAP3K1,9.750804,0.26325592,1.8301260272669838e-22,2.774907519772722e-22
CYSTM1,-9.749805,-0.5057261,1.848227529994479e-22,2.8016746856422244e-22
JAK2,9.730249,0.35122964,2.2404356351052046e-22,3.395388888860988e-22
LYRM1,9.72041,0.26911196,2.4678385936184855e-22,3.739113160977778e-22
MIOS,9.717501,0.2885924,2.5393856036757343e-22,3.846585069393558e-22
STRBP,9.716163,0.27116895,2.572952079727351e-22,3.8964871001632317e-22
ABCE1,9.708504,0.120062955,2.7737965432695366e-22,4.1996300035562005e-22
MTMR14,9.705228,0.13616173,2.8643629488994854e-22,4.335701574719376e-22
MALSU1,9.704122,0.15466017,2.8955840161347303e-22,4.381899759298228e-22
MTFP1,9.6945715,0.09576792,3.179697611634216e-22,4.810686398641754e-22
CCDC97,9.6914,0.20766447,3.2800367786203014e-22,4.961293541356046e-22
CEP63,9.690832,0.23140702,3.298293753364438e-22,4.987702615675108e-22
COX7C,-9.685708,-0.018630732,3.4679643025421105e-22,5.243012246665887e-22
UFC1,9.68493,0.059117943,3.4944992022295944e-22,5.281852382012163e-22
TBL3,9.682705,0.36874497,3.5713952332215745e-22,5.3967750190903795e-22
SMG5,9.662441,0.23993081,4.353628120121018e-22,6.577227123756843e-22
TNRC6B,-9.654415,-0.20848808,4.708404255235448e-22,7.111486484971743e-22
PPME1,9.654243,0.3317367,4.716295190772391e-22,7.12168542444414e-22
RAVER1,9.653125,0.2908682,4.768032194182546e-22,7.198071768051643e-22
ASB3,9.649695,0.24387266,4.930179033285515e-22,7.4410615276801405e-22
NME6,9.647772,0.28543,5.023557205622321e-22,7.580167360919739e-22
SH2D1A,9.6474695,0.005015924,5.038378989067779e-22,7.600699048856529e-22
HAUS6,9.647044,0.24868007,5.059284679393548e-22,7.630396565642728e-22
TMEM50B,9.635967,0.1298447,5.635879573621542e-22,8.497966404573721e-22
ELK4,9.633952,0.13171186,5.7475403891738e-22,8.664244017993081e-22
RBM39,9.632803,0.054590277,5.812210239572882e-22,8.759621117506131e-22
ATP13A3,9.62921,0.25197613,6.018997531775922e-22,9.069086839785685e-22
SDAD1,9.626817,0.095210746,6.160866725012325e-22,9.280612143432965e-22
SRSF6,9.626541,0.1133239,6.177405703213759e-22,9.303286008499103e-22
GPATCH11,9.624419,0.27725366,6.306231186926952e-22,9.495013791916971e-22
ACOT13,9.621015,0.32662,6.518498136487591e-22,9.812253210266211e-22
YTHDF1,9.620388,0.2712483,6.55834071820191e-22,9.869853147238669e-22
GPATCH2L,9.619769,0.21156248,6.597936650067883e-22,9.927054276773611e-22
CDK5RAP3,9.617039,0.062930316,6.775372970618524e-22,1.019156847900685e-21
AFF1,9.600915,0.15858744,7.923804413850781e-22,1.1916182791598675e-21
SH2D3C,9.600713,0.3227215,7.939341463237033e-22,1.1936678729634914e-21
R3HCC1L,9.598836,0.3208831,8.085203489789116e-22,1.2153059354185657e-21
NIPBL,9.59519,0.04506204,8.37626632700732e-22,1.2587538347767908e-21
PEX19,9.590511,0.33953372,8.764967651986492e-22,1.3168500871956652e-21
GPN2,9.589784,0.35260898,8.826966560993206e-22,1.3258464058961223e-21
PMPCA,9.5896435,0.24918684,8.83899416960216e-22,1.3273343140910012e-21
CMTR2,9.580881,0.38841385,9.622029805909458e-22,1.4445744772202921e-21
FBL,-9.577158,-0.18249883,9.975235902928526e-22,1.4972427017447424e-21
WDR20,9.576989,0.19703765,9.991536117386399e-22,1.499329574247285e-21
TOR1AIP2,9.575023,0.21903796,1.0183457238842361e-21,1.5277627934340002e-21
PLEKHM2,9.574778,0.35257435,1.0207719791180546e-21,1.5310356032995802e-21
UVRAG,9.574208,0.10004945,1.0264098344947953e-21,1.5391227048416682e-21
GINM1,9.572323,0.1611526,1.0453047454497428e-21,1.5670803948079537e-21
GSK3B,9.569674,0.08033562,1.0724421739984485e-21,1.6073785914073535e-21
ZNF296,-9.560317,-0.6458064,1.1739607095809277e-21,1.759113341110966e-21
EIF5A,9.558974,0.06285992,1.1892982270233228e-21,1.7816689914410697e-21
NPLOC4,9.558061,0.28838268,1.1998425548480951e-21,1.797034958853168e-21
NCSTN,9.551513,0.24839604,1.2781656453612723e-21,1.913883264092896e-21
P4HA1,9.548438,0.19655196,1.316665225248828e-21,1.971059499678552e-21
FCHSD1,9.546368,0.25754336,1.3432350663063277e-21,2.010353726031671e-21
MAEA,9.545742,0.14661019,1.3513666441079121e-21,2.022040116129897e-21
ZHX2,-9.539486,-0.5886028,1.435424813848145e-21,2.147302160553323e-21
INTS10,9.539094,0.13823055,1.4408512374220233e-21,2.1549044564456557e-21
ELMO2,9.537321,0.29296425,1.4656911299458358e-21,2.1915305231694905e-21
POLR2A,-9.534864,-0.23693301,1.5008189719355221e-21,2.2435181573306154e-21
AKT3,-9.533028,-0.5995852,1.5276174363047177e-21,2.283032652059798e-21
PAFAH1B2,9.529039,0.20842114,1.5874557605797712e-21,2.3718947308782062e-21
KLHL7,9.528616,0.2556474,1.5939429760907577e-21,2.381018925125067e-21
SUGP1,9.526282,0.3957245,1.6301713700836764e-21,2.4345552855677915e-21
SLC41A3,9.525808,0.25484008,1.6376302536278857e-21,2.445110946705502e-21
NBPF15,-9.5230255,-0.721522,1.6820863042812507e-21,2.5108880743458613e-21
YIPF2,9.522234,0.36469883,1.6949567842716588e-21,2.5294965750008342e-21
TNIP1,9.521612,0.06079846,1.705128995358636e-21,2.5440703541530235e-21
GMPPB,9.5150585,0.3000083,1.8161099073485727e-21,2.709008960508505e-21
KMT5B,9.514581,0.195482,1.8244676114275636e-21,2.720827026720104e-21
KBTBD4,9.513539,0.28811988,1.842833916949883e-21,2.7475617217441536e-21
PARN,9.502198,0.16471347,2.0550559150839518e-21,3.06324274595311e-21
PIGF,9.500443,0.23611093,2.089989298804621e-21,3.1145719517202736e-21
PPWD1,9.49997,0.099857286,2.099504428905655e-21,3.1280065985315017e-21
PCM1,9.491335,0.04167892,2.280933291434378e-21,3.3975044455270165e-21
TCP11L2,-9.4906845,-0.6410083,2.2952258015668624e-21,3.417979674982693e-21
PPP3CC,9.487772,0.053494357,2.360258735928302e-21,3.513988256060794e-21
LCOR,9.487618,0.15257426,2.3637314998386933e-21,3.518321261715647e-21
TPD52L2,9.487506,0.18307199,2.3662715708343262e-21,3.521264259547941e-21
ZMYM2,9.48307,0.0898274,2.46908932759662e-21,3.67339425289999e-21
MAGT1,9.481367,0.14167532,2.5097335178899658e-21,3.732975009015603e-21
SCO1,9.477199,0.30502117,2.6120189174939826e-21,3.88419071733833e-21
RB1,9.465964,0.06352434,2.9086542170992006e-21,4.324272999565732e-21
CMTM7,-9.465497,-0.23690832,2.92167770301508e-21,4.342602924700009e-21
DGAT1,9.461914,0.34892547,3.023572059922016e-21,4.492984989755851e-21
SLC38A1,-9.45784,-0.13161983,3.1436889896563013e-21,4.67036768446683e-21
D2HGDH,9.451053,0.38716897,3.3543871567806795e-21,4.982204665911664e-21
PPM1A,9.448615,0.18728472,3.4334178781036964e-21,5.098376986806723e-21
MAP2K7,9.447192,0.19025679,3.4804202902482744e-21,5.166945737017847e-21
GLA,9.446157,0.08398885,3.514989915357315e-21,5.217028923007204e-21
HPCAL1,-9.445228,-0.29731965,3.546339954895516e-21,5.262310900812702e-21
CEP192,9.443058,0.2744505,3.62056989364045e-21,5.3711845517227065e-21
ATF7,9.44106,0.3070907,3.690262148186433e-21,5.473276434104866e-21
DMTF1,9.439722,0.14524204,3.737681565200698e-21,5.542293404099447e-21
ST3GAL1,-9.43906,-0.22578721,3.761369850180324e-21,5.576097104911873e-21
CPSF7,9.430367,0.12931858,4.08656085030363e-21,6.056745955816041e-21
DDX19A,9.425342,0.28140816,4.287065177742717e-21,6.352411120785987e-21
MBD1,9.423886,0.1577774,4.3469437301239716e-21,6.4396116447207114e-21
FAM91A1,9.420802,0.22960852,4.476550593632524e-21,6.630042735266352e-21
MRPL24,9.420124,0.18655415,4.5055460103036e-21,6.671407299516999e-21
ACTR8,9.418311,0.35986957,4.584029044224683e-21,6.786011760688504e-21
ZC3H11A,9.415021,0.121486545,4.7298864921806616e-21,7.000276767230239e-21
PEX3,9.414871,0.28198266,4.736633964063567e-21,7.008605032919034e-21
YPEL3,9.413046,0.04852218,4.819617036555645e-21,7.129705410426133e-21
KATNBL1,9.40735,0.1065158,5.088057615885369e-21,7.525032729309425e-21
IMPA1,9.4024935,0.19793323,5.328529044761195e-21,7.87881770362232e-21
SETDB2,9.401063,0.2712868,5.4014744601247215e-21,7.984788332358284e-21
RAB28,9.398455,0.20927043,5.5370225726914276e-21,8.183230147592151e-21
TDP2,9.3954315,0.15445204,5.698372091136995e-21,8.419701417608181e-21
GABARAPL2,9.394394,0.05108041,5.754825642483607e-21,8.50110725369007e-21
PNO1,9.382657,0.20398216,6.433055883056057e-21,9.500754864116783e-21
LPGAT1,-9.380652,-0.4113498,6.556581347783997e-21,9.680899908363626e-21
TERF2,9.379296,0.2934009,6.641459305523844e-21,9.80390972519046e-21
RNF166,9.367181,0.06063976,7.449558731338147e-21,1.0994206044645305e-20
IFIH1,9.356207,0.23391457,8.26509144210292e-21,1.2194908505140534e-20
GLTP,9.353498,0.10588914,8.479588641510974e-21,1.2508442947722861e-20
MED21,9.350892,0.12247806,8.691165901590962e-21,1.2817523309842776e-20
GPATCH8,9.350801,0.07841794,8.698576468371846e-21,1.2825428797109185e-20
ACD,9.348026,0.10598647,8.92988678964884e-21,1.3163376945344756e-20
CLASRP,9.345379,0.178469,9.156110065426785e-21,1.3493668920921076e-20
ZFPL1,9.333823,0.26850644,1.02119400157409e-20,1.5046136773074672e-20
SLC30A9,9.33074,0.1310916,1.0513441713283177e-20,1.548671800289606e-20
SLAMF6,9.323617,0.060567945,1.1244039524681167e-20,1.655901865969995e-20
QARS,9.3226385,0.14456296,1.134826627256122e-20,1.670857938365333e-20
NOC3L,9.311504,0.29373237,1.2603467767595339e-20,1.855230455390034e-20
TMEM161A,9.309379,0.35676676,1.2858246795602041e-20,1.8922886839164047e-20
NUP214,9.2973795,0.13270095,1.4394970108503078e-20,2.1179429209500296e-20
RAB30,9.294599,0.34393477,1.477633455873699e-20,2.173542181976455e-20
ERGIC2,9.29061,0.06727182,1.5340591293887073e-20,2.2560117332994247e-20
SMG6,9.285008,0.22056946,1.616949384917255e-20,2.3773526091756394e-20
FN3KRP,9.274924,0.18641624,1.777451576283719e-20,2.6127201741614063e-20
HDDC3,9.274611,0.2631549,1.782675560637923e-20,2.6197834877497878e-20
TCTA,9.273421,0.19354711,1.8026931149587577e-20,2.648578705303426e-20
CDC34,9.272326,0.10014982,1.8212843905936812e-20,2.6752653551430076e-20
MORF4L2,9.271406,0.056600083,1.837082743060795e-20,2.6978379438000782e-20
SYS1,9.27005,0.091667935,1.8605805732289474e-20,2.7317043102840406e-20
PDLIM2,9.268857,0.09018803,1.8815159981511854e-20,2.761793543977901e-20
ATG13,9.263879,0.21680488,1.9713717829556193e-20,2.893010057276649e-20
KRI1,9.259394,0.16979748,2.055969693435806e-20,3.016450844778237e-20
EDEM2,9.257087,0.26670864,2.100852462393868e-20,3.0815786646508877e-20
PTGER4,-9.256545,-0.15186523,2.11154555049988e-20,3.0965374974044185e-20
API5,9.253826,0.07669647,2.1659721118829753e-20,3.175608514633207e-20
SPTSSA,9.247286,0.18613297,2.3026503410345952e-20,3.375206310569922e-20
ARRDC2,-9.244196,-0.38368934,2.370170056259701e-20,3.4733623499556543e-20
RHOT2,9.241875,0.09598832,2.4221550426910646e-20,3.548712399783442e-20
GALNT3,-9.230714,-0.736701,2.688334964047287e-20,3.9377718415078036e-20
CHURC1,9.222265,0.04939613,2.908894055592751e-20,4.259841107628336e-20
KIF21B,9.2217045,0.15707779,2.924148176054884e-20,4.281177390451522e-20
SDCCAG8,9.217886,0.21723151,3.030150647575883e-20,4.435335154710979e-20
CDC26,9.214813,0.09087834,3.1182069028275887e-20,4.5631584524185714e-20
DDX19B,9.212756,0.37120122,3.1785585675519864e-20,4.650388774229473e-20
GXYLT1,9.193043,0.26296973,3.8188324899255076e-20,5.585834944347434e-20
LMBRD1,9.187785,0.079082526,4.010140942281312e-20,5.86429213064794e-20
ZNF146,9.183295,0.1582952,4.1809710010715156e-20,6.112679266815471e-20
SPECC1L,9.182215,0.2555663,4.22314642683901e-20,6.172898141660012e-20
MRPS17,9.175835,0.2865994,4.480897176502097e-20,6.548117901470946e-20
RRP1,9.172935,0.31137455,4.603143731107499e-20,6.725190841150984e-20
SCAF1,9.167828,0.29143763,4.8264703671881033e-20,7.049824566221988e-20
ERRFI1,-9.164094,-0.6577719,4.996488428643104e-20,7.296459292621675e-20
SIKE1,9.163946,0.109873645,5.0033464859302705e-20,7.304769105246155e-20
RBM12,9.157265,0.22491181,5.3229424991470147e-20,7.769558626846413e-20
ROCK2,9.151051,0.27649277,5.638238056247559e-20,8.227855675270521e-20
OTUD5,9.145214,0.14035918,5.951182891900998e-20,8.682509368407799e-20
MTA1,9.139953,0.2378542,6.247993478285748e-20,9.113417393368066e-20
FRYL,9.131684,0.04153104,6.744183650570853e-20,9.834874806053907e-20
ZNF335,9.130032,0.19542193,6.847934567692054e-20,9.983844944181191e-20
ATF4,9.127079,0.03414716,7.037220644979916e-20,1.0257421331545749e-19
FZR1,9.119404,0.29580426,7.55388918180912e-20,1.1007950319449767e-19
KMT5C,9.11226,0.3105194,8.068369875152536e-20,1.1754942230776495e-19
MED13,9.103958,0.19705378,8.709850972015545e-20,1.2686572219075496e-19
PPP2R1B,9.0939665,0.29849866,9.549016020518476e-20,1.3905643441425415e-19
BLZF1,9.093163,0.23170039,9.619919200858622e-20,1.4005635215399473e-19
SMAD2,9.089672,0.09322953,9.93379997704726e-20,1.4459249105725374e-19
PANK3,9.089437,0.30648172,9.955338173190258e-20,1.448722856745249e-19
AGK,9.086607,0.21698204,1.0217778948074073e-19,1.4865680255616605e-19
UFSP2,9.0863285,0.15593812,1.0244024860554558e-19,1.4900399797170265e-19
GCDH,9.083747,0.2409982,1.0489960336159602e-19,1.5254577374015449e-19
IRF3,9.078221,0.06719267,1.1036347706035666e-19,1.6045408145238002e-19
VPS45,9.076993,0.36825657,1.1161545499333375e-19,1.6223659071521747e-19
SLAMF1,9.073268,0.11657555,1.1550001784934665e-19,1.6784392837758715e-19
NUP98,9.071811,0.052721754,1.1705536073231942e-19,1.7006463928039717e-19
MRPL32,9.070298,0.12588853,1.1869145551992485e-19,1.724016126614e-19
YRDC,9.0696535,0.19620986,1.1939653363035193e-19,1.7338549544834764e-19
ZNF654,9.0672245,0.26909718,1.2208726821832398e-19,1.7725178695145854e-19
PTP4A2,9.066749,0.039475273,1.2262149144696982e-19,1.7798609060144855e-19
CRYZ,9.061099,0.2904185,1.2914229973548211e-19,1.8740761474024033e-19
CUL1,9.059366,0.11657844,1.312104200672738e-19,1.903646539751542e-19
COX10,9.056063,0.28417426,1.3524434813238907e-19,1.961717231431083e-19
CRACR2A,9.054926,0.3105401,1.366607828691836e-19,1.9818031006713322e-19
EPS15L1,9.054414,0.24513845,1.3730301877347347e-19,1.9906551227041715e-19
RP9,9.053261,0.18737964,1.387610236555201e-19,2.011327534728762e-19
DMAP1,9.05125,0.18372715,1.413400414805394e-19,2.0482355791110828e-19
BSDC1,9.049642,0.13160713,1.4343832797864616e-19,2.0781616022103068e-19
THAP7,9.049261,0.11091568,1.4393942629179087e-19,2.0849387610128357e-19
MFSD14A,9.042109,0.096662536,1.5367795936708826e-19,2.2254845226863523e-19
CDIP1,9.035466,0.2508952,1.633051691536899e-19,2.364353478883323e-19
PPP2R2B,9.032693,0.10712046,1.6749811107264148e-19,2.4244983407460553e-19
APIP,9.030495,0.17535341,1.708976047981267e-19,2.473133045609717e-19
ZNF322,9.029152,0.31621498,1.7300689354557225e-19,2.5030784598082796e-19
PAK1,9.024941,0.3245234,1.7979171057334188e-19,2.6006403268134724e-19
BZW1,9.021671,0.042295445,1.852420037035653e-19,2.678858010100565e-19
MAGED1,9.016518,0.32307684,1.9416323344955338e-19,2.8072225293746383e-19
GOLGA5,9.012153,0.27138007,2.020516271584634e-19,2.9205983814772346e-19
HIPK1,9.005553,0.082324125,2.1458116243908575e-19,3.100992728618435e-19
ARL5A,9.003361,0.06396502,2.1891194650459146e-19,3.1628478922233815e-19
PTCD3,9.000015,0.13126566,2.256859935152413e-19,3.259966694600207e-19
NMRAL1,8.995156,0.095753394,2.358971722790269e-19,3.406677538729438e-19
ARHGAP27,8.995078,0.28447178,2.360652904314364e-19,3.408318617445341e-19
PRPF19,8.994926,0.114639565,2.3638952517391155e-19,3.412212435366845e-19
SLAMF7,-8.994898,-0.29584035,2.364521317407449e-19,3.412328803160554e-19
BPGM,8.993507,0.22419925,2.394639188373304e-19,3.4549960245533645e-19
UFM1,8.974148,0.047328908,2.8555425101195147e-19,4.1190394151043774e-19
ORC5,8.955913,0.30361813,3.3693756494580933e-19,4.859108820426425e-19
DIDO1,8.949383,0.12640816,3.574747570539337e-19,5.154095598362317e-19
NVL,8.949051,0.32835644,3.585527892459361e-19,5.168447579545106e-19
CLASP1,8.945739,0.21092282,3.6946921797683335e-19,5.324578271511332e-19
TMED10,8.940389,0.04273859,3.878025862797833e-19,5.58750110494317e-19
SUGP2,8.934352,0.19226354,4.095731253285513e-19,5.899814579911161e-19
CHUK,8.934033,0.32326278,4.10754391339389e-19,5.9154683982947e-19
SLC38A2,-8.930276,-0.17209388,4.2494679418184558e-19,6.118451425550347e-19
PRSS23,8.928762,0.58342934,4.3080128390642814e-19,6.201318067461148e-19
ALG8,8.91848,0.26613864,4.727306981961857e-19,6.803320101024471e-19
SEC22C,8.917011,0.1318129,4.790402864761699e-19,6.892539172481415e-19
DENND2D,-8.912842,-0.16061944,4.974083542911027e-19,7.155177430317633e-19
PARP12,8.907464,0.18240969,5.221294998022795e-19,7.509062415547266e-19
NCLN,8.900631,0.28180975,5.552996961914103e-19,7.984267753099203e-19
PRKCA,8.900387,0.27690914,5.565221083081715e-19,8.000005306929966e-19
TPMT,8.899867,0.33129585,5.591370717297172e-19,8.035748956446383e-19
USP38,8.874175,0.1201166,7.045372130713612e-19,1.0123070291627092e-18
OCEL1,8.872022,0.37954667,7.182967581286447e-19,1.0318403028364642e-18
KDM5C,8.8714905,0.19379374,7.217301562410967e-19,1.0365344025354226e-18
ECD,8.869839,0.07400083,7.325171460919022e-19,1.05178500480857e-18
CEP290,8.86955,0.20145,7.344215041683691e-19,1.054277404790573e-18
SCAMP4,8.862846,0.26583833,7.799692593207881e-19,1.1194052962401583e-18
PPP1R11,8.8560095,0.055470742,8.292986563320673e-19,1.189929448168214e-18
DDX55,8.855619,0.2652247,8.322054645868451e-19,1.1938265045758548e-18
PHF21A,8.8542,0.23283663,8.428587516990302e-19,1.2088318089475317e-18
NFX1,8.846694,0.15221788,9.015008257945404e-19,1.2926401939423892e-18
CLSTN1,8.845847,0.12400876,9.083686716471532e-19,1.302189369803985e-18
ADA,8.84061,0.12611756,9.519757768823294e-19,1.3643895670505964e-18
TRIM27,8.838214,0.11333385,9.726094507313695e-19,1.3936428593164103e-18
THOC1,8.834193,0.19688863,1.0082326793659763e-18,1.4443562267262533e-18
CBX6,8.833607,0.30399022,1.0135394656422713e-18,1.4516261211213481e-18
TAPBPL,8.827665,0.1760576,1.068837204916206e-18,1.5304750638488863e-18
SSU72,8.816946,0.042522125,1.1762377509060961e-18,1.6838772012971482e-18
GPATCH3,8.815788,0.2827349,1.1884639356885568e-18,1.7009907073135694e-18
PMM2,8.812589,0.21013407,1.222883027813747e-18,1.7498527497719127e-18
SMAD4,8.812187,0.15331487,1.2272718418486116e-18,1.7557312240121003e-18
CMTR1,8.8115015,0.3134477,1.2348092342082316e-18,1.766110326750502e-18
L3MBTL2,8.8104925,0.2854743,1.2459720927020448e-18,1.7816688941586268e-18
NFKB2,8.806888,0.066273645,1.2866854196744411e-18,1.8394661758417054e-18
PPIL2,8.802954,0.19541442,1.3326097982477768e-18,1.9046851491519516e-18
KPNA1,8.79187,0.1217168,1.4709048226735592e-18,2.101868563418407e-18
LIN37,8.791017,0.3728568,1.482124446279603e-18,2.1174173409283393e-18
NOL10,8.771985,0.27998552,1.7554386535000956e-18,2.5073114649078993e-18
ANGEL2,8.771834,0.14608483,1.7577890579203748e-18,2.5100954910636532e-18
BORCS7,8.765426,0.13087682,1.8607226506365253e-18,2.6564767006805343e-18
MOGS,8.758822,0.15580246,1.9730037968113496e-18,2.816133185683733e-18
ECSIT,8.755578,0.22402741,2.0305943506870466e-18,2.89767296028699e-18
SLC25A25,8.746307,0.23672645,2.2044719707947814e-18,3.1450801936812208e-18
ALDH16A1,8.745343,0.24101764,2.2233884519931357e-18,3.1713447687343953e-18
FAM193A,8.739615,0.2688213,2.3390485476740418e-18,3.335556807442171e-18
FAM168B,8.7390995,0.17426446,2.349767221292624e-18,3.3500783355530204e-18
NUP210,8.73837,0.068513386,2.3649696952648667e-18,3.370984373109366e-18
TCHP,8.736135,0.20643584,2.412232942575956e-18,3.4375693140672395e-18
PIGH,8.735318,0.18006633,2.4297021283282097e-18,3.4616753620636026e-18
FAM120AOS,8.724798,0.087258555,2.6665589291356197e-18,3.7982679099891706e-18
RBBP6,8.723333,0.028911054,2.7012968774295073e-18,3.8468730401090365e-18
KDSR,-8.720273,-0.5124478,2.77532256649565e-18,3.951392347746196e-18
YARS2,8.714394,0.2516894,2.9232019501467678e-18,4.1609900796628396e-18
TTC14,8.71159,0.060220677,2.996417511049041e-18,4.264237477052502e-18
EMP3,-8.710111,-0.033163838,3.0357780583728555e-18,4.319269395765427e-18
ADAM8,8.700183,0.11477807,3.3135031344651633e-18,4.71334143001684e-18
FAM172A,8.697192,0.10520318,3.401968730005652e-18,4.838080558062141e-18
STX18,8.696249,0.22659314,3.430350444421588e-18,4.8773346318866945e-18
MAP4K2,-8.695486,-0.5387376,3.453481484250769e-18,4.9091070587304725e-18
EXOC2,8.693371,0.14440121,3.518411834898135e-18,5.000269068405891e-18
AP1G2,8.689262,0.096835434,3.648010276332016e-18,5.183273288379081e-18
SWI5,8.67595,0.29452556,4.1011114432579194e-18,5.825738689605256e-18
STAU2,8.672923,0.23148637,4.211677047472738e-18,5.981441908964688e-18
RAB39B,8.671128,0.3241967,4.278603442348319e-18,6.075111923588534e-18
SERINC3,8.668316,0.043602306,4.3855919693656784e-18,6.225610020501858e-18
ANKRD54,8.663608,0.2907822,4.5706484119716205e-18,6.486836766173879e-18
DHRS7,8.657238,0.046757195,4.833318129657065e-18,6.858071721282513e-18
DICER1,8.649907,0.14606172,5.154148453161914e-18,7.311644608385699e-18
NSMAF,8.638846,0.12700243,5.6783277678293165e-18,8.05341612231698e-18
OAT,-8.636393,-0.2686801,5.801612382134207e-18,8.226402326072438e-18
TUBGCP3,8.6350155,0.2376845,5.871903528528477e-18,8.324185015743066e-18
MRPS25,8.634671,0.12126962,5.889601445629446e-18,8.34738256544128e-18
BICD1,8.633167,0.2570194,5.967600168698278e-18,8.456015097480504e-18
APAF1,8.629368,0.27470705,6.169173961996003e-18,8.73966311282767e-18
OXCT1,8.6280775,0.053069156,6.239162800317313e-18,8.836812877243631e-18
ANKRD39,8.602603,0.125833,7.792810316230861e-18,1.1034816962050762e-17
TM9SF3,8.597427,0.03911246,8.152325843114062e-18,1.154128772901597e-17
MAPK1,8.58645,0.022041487,8.969830115148015e-18,1.2695759547594113e-17
FBXO9,8.585239,0.11256035,9.064776545945995e-18,1.2827243173815459e-17
TNKS2,8.578252,0.042332806,9.632564784581666e-18,1.3627617659959951e-17
EIF2B3,8.572352,0.28883812,1.0139223129126596e-17,1.4341166605429794e-17
GUCD1,8.558367,0.24730109,1.1447728321785099e-17,1.6188288512904062e-17
UTY,8.556951,0.1261898,1.1589183525711161e-17,1.6384617432056274e-17
CYTH2,8.55571,0.12294155,1.171453456058092e-17,1.655809494148085e-17
STOM,-8.555165,-0.15694895,1.17700008023074e-17,1.663273662056361e-17
PPIH,8.551777,0.055810496,1.2120831355171389e-17,1.7124643396104836e-17
SLC20A1,8.546674,0.011398794,1.2668631960998403e-17,1.7894549909235948e-17
NTPCR,8.544687,0.30148384,1.2888528626081282e-17,1.820104629452923e-17
IRAK4,8.544659,0.06153772,1.2891720865202617e-17,1.8201445662989748e-17
TCEA2,8.537359,0.3310885,1.3732390885270789e-17,1.9383988578125916e-17
TRMU,8.535877,0.3165245,1.3909626275800707e-17,1.962973651734925e-17
SURF1,8.534613,0.085061,1.4062606872214572e-17,1.9841152140860252e-17
HIF1AN,8.533316,0.2597951,1.4221255043392843e-17,2.006046709164952e-17
LAS1L,8.533196,0.17501189,1.4235846921040875e-17,2.0076523520746554e-17
TYSND1,8.528505,0.31567332,1.482502011491794e-17,2.0902710353600775e-17
SLC39A9,8.528017,0.28454855,1.4887766752696544e-17,2.0986450834806125e-17
NDUFAF6,8.525919,0.25844654,1.5160131067354795e-17,2.136557331772282e-17
GAR1,8.525881,0.16282581,1.5165164904703412e-17,2.1367853973834358e-17
DAP3,8.52291,0.050254196,1.5559368048657237e-17,2.191835318901141e-17
KDM7A,-8.511486,-0.51696825,1.7171787653220345e-17,2.4184309670992004e-17
TTC9C,8.498874,0.2924195,1.9143957921737508e-17,2.6955795804274104e-17
SEC31A,8.498702,0.06343609,1.9172162721151458e-17,2.6989435189811772e-17
C11orf49,8.484357,0.29415712,2.1691454402917126e-17,3.0529075083160755e-17
CTDP1,8.482409,0.20186545,2.2057962634520763e-17,3.103792493062571e-17
SOAT1,8.476059,0.12254414,2.3295037576452415e-17,3.277125142304617e-17
B9D2,8.470838,0.3208527,2.436349482383099e-17,3.4266642000424164e-17
HOOK2,-8.468434,-0.28492624,2.4871281420379326e-17,3.497296843468039e-17
EIF4EBP2,8.460775,0.15534046,2.6560548518878642e-17,3.7331564038217206e-17
PLP2,-8.460777,-0.0935348,2.6560112557168144e-17,3.7331564038217206e-17
HEG1,8.459665,0.33988595,2.6814495715226665e-17,3.768002812094744e-17
NR2C2AP,8.458088,0.26407573,2.717964167185183e-17,3.8184558342489344e-17
PCYT1A,8.457974,0.16724798,2.720619080522462e-17,3.8213275634819313e-17
PKNOX1,8.456609,0.25128284,2.752664238155228e-17,3.8654696911109105e-17
C20orf27,8.454093,0.15545858,2.812645959351242e-17,3.9488135371861245e-17
TMEM156,8.453594,0.2601821,2.824697704384283e-17,3.964843804942355e-17
MRPL3,8.434124,0.0863217,3.336930514506316e-17,4.682780910442241e-17
KTN1,8.4309435,0.033810433,3.4288922152790676e-17,4.8107534646301524e-17
DNAJC13,8.422592,0.25863296,3.6824332856325453e-17,5.1653144921339024e-17
SOD2,-8.421338,-0.25903684,3.7220982157451443e-17,5.2197817614215696e-17
ARHGDIB,8.41943,0.04677986,3.783226308389376e-17,5.304317298360362e-17
UBAP2,8.408582,0.20343089,4.1499900159522474e-17,5.817238973739023e-17
ORC2,8.399749,0.22834459,4.474336146629798e-17,6.270485424129932e-17
WDFY2,8.386454,0.23324917,5.010265872370988e-17,7.019982821400426e-17
RBBP5,8.37557,0.11724511,5.4957111988721017e-17,7.698425718796208e-17
RAP2B,-8.36265,-0.30445555,6.132486170115847e-17,8.588500891033073e-17
COG2,8.362027,0.23313588,6.164940580343135e-17,8.632020651438373e-17
USF1,8.3609705,0.31690687,6.220420492420268e-17,8.707753546784784e-17
RICTOR,8.357726,0.067366265,6.393847484760177e-17,8.948525696791872e-17
MAPK14,8.34818,0.13695177,6.932270749546733e-17,9.699907360582501e-17
OGFOD1,8.34778,0.19449644,6.955768311276038e-17,9.730609694844117e-17
RBM4B,8.347664,0.25905532,6.962640275372964e-17,9.738045509218258e-17
TMEM204,-8.345273,-0.538143,7.104957446363906e-17,9.934871207968841e-17
BAZ2A,8.343704,0.07196587,7.199914056088707e-17,1.0065399404444906e-16
SLC35A4,8.33789,0.2072384,7.562825291843745e-17,1.0570383160360695e-16
TMEM203,8.330223,0.17239043,8.068999666915457e-17,1.1275332123346683e-16
MRPS27,8.329565,0.17606626,8.114016757357473e-17,1.1335705411797311e-16
MXD1,8.320951,0.08789558,8.726000242150246e-17,1.2187956578453213e-16
ZMYND8,8.320206,0.18354866,8.781091535872301e-17,1.2262167109021677e-16
ADNP2,8.318898,0.26506358,8.878455625602591e-17,1.2395362283813838e-16
WDR59,8.31364,0.28554207,9.281064639676419e-17,1.2954560550159677e-16
HECTD1,8.309239,0.056750953,9.631781147559517e-17,1.3441093655840362e-16
WIPF2,8.308117,0.17005508,9.723287237658591e-17,1.3565763817750256e-16
ZNF821,8.306689,0.25703847,9.84094793390058e-17,1.3726860707799784e-16
BRD3,8.303302,0.18646932,1.0125701499677866e-16,1.4120906950955132e-16
SLMAP,8.299427,0.12458956,1.0461449673252454e-16,1.4585876789807745e-16
LRRC8C,8.297813,0.11751062,1.0604545184996625e-16,1.4782093288177114e-16
EIF3M,8.29484,0.040421702,1.0873131883406186e-16,1.5153110506257318e-16
PCBP1,8.294491,0.05033181,1.0905138971975347e-16,1.5194331716854737e-16
NF1,8.292663,0.20447516,1.1074094404620003e-16,1.5426304741773042e-16
CWF19L1,8.287528,0.27920285,1.156267695504388e-16,1.6103318573186669e-16
WDR55,8.280892,0.19940333,1.2225538256117e-16,1.7022694709607826e-16
FUNDC2,8.278193,0.049867447,1.2505819433872572e-16,1.74090801909895e-16
GOSR2,8.277388,0.3344034,1.2590680754839271e-16,1.7523314527758506e-16
TIMM22,8.276645,0.20343025,1.266945812916653e-16,1.762903248577976e-16
RBM48,8.265043,0.13677393,1.396443369132751e-16,1.9426617116509877e-16
ARHGAP12,-8.26154,-0.63172996,1.4380425894164876e-16,2.0000876921719757e-16
INO80D,8.2609825,0.116480775,1.444787288113477e-16,2.009021843618118e-16
ORC3,8.258053,0.19060202,1.4806765566214932e-16,2.0584694529386803e-16
RALGAPB,8.256274,0.13871951,1.5028987959270988e-16,2.0888991040479736e-16
TACC3,8.24984,0.15993392,1.5860709072798686e-16,2.2040114606714479e-16
UTP14A,8.249724,0.28541458,1.587607738199568e-16,2.2056571197371747e-16
SLK,8.247526,0.067462504,1.617066310867586e-16,2.2460850001748706e-16
EXOC1,8.247032,0.14359403,1.6237701799869154e-16,2.2548959480573015e-16
ZBTB25,8.244378,0.11367848,1.6602149322146436e-16,2.304994366607814e-16
PPM1K,-8.240909,-0.20326893,1.7090788545814444e-16,2.3723091445000035e-16
FAM98C,8.237934,0.17694387,1.7521022200148837e-16,2.4314887951226956e-16
TOP2B,8.22018,0.13150312,2.0319826028659664e-16,2.8192688320092007e-16
ZCCHC9,8.208673,0.2670202,2.2364799591056707e-16,3.102310116222855e-16
TPP1,8.204209,0.079735965,2.321128851227625e-16,3.2190162033429447e-16
CPT1A,8.203268,0.19805041,2.339396670375893e-16,3.2436315536062913e-16
SEC61A1,8.197138,0.04467253,2.4617873654891337e-16,3.4125729577886154e-16
G2E3,8.196154,0.12694733,2.4820016929183014e-16,3.439832208882785e-16
C9orf85,8.195009,0.31906074,2.505732252939483e-16,3.471951489344276e-16
P4HTM,8.186798,0.1460902,2.682677536736041e-16,3.7163043998717165e-16
USP12,8.184095,0.11470243,2.74356026140272e-16,3.799803629695687e-16
CD47,-8.177277,-0.13296741,2.903307978945427e-16,4.020162619805797e-16
CCSER2,8.171161,0.034963224,3.054376587701352e-16,4.2284089251293773e-16
VPS4A,8.157869,0.07490019,3.40986480218432e-16,4.719494292580775e-16
TMUB2,8.153418,0.14878654,3.537824969853808e-16,4.895053093338518e-16
SBDS,-8.153402,-0.13132398,3.5382720729022984e-16,4.895053093338518e-16
TBRG1,8.150261,0.032243088,3.6314110863301407e-16,5.022796320159487e-16
IFFO1,8.147678,0.27268162,3.709788551939837e-16,5.130070110728475e-16
FLI1,-8.142647,-0.2019723,3.867291887791621e-16,5.346691281773344e-16
GDI1,8.13586,0.032970045,4.0902122126174394e-16,5.653638445014295e-16
RNF40,8.13117,0.16685762,4.25165630578553e-16,5.875494112877022e-16
PHRF1,8.126959,0.20424661,4.401952240961333e-16,6.081849209243396e-16
TTC19,8.124598,0.04176233,4.488502603737315e-16,6.200060121214537e-16
PTPN2,8.121558,0.04082986,4.602373396294218e-16,6.355948778635017e-16
AKT2,8.115132,0.16274385,4.852546470447278e-16,6.699962639399287e-16
STRIP1,8.114993,0.18210118,4.858116256898272e-16,6.706172838295584e-16
C11orf1,-8.113187,-0.5150088,4.930935141306561e-16,6.805190876685163e-16
ICE1,8.111164,0.07331712,5.013715683184345e-16,6.917910303043949e-16
SLC7A1,8.102751,0.19078548,5.373010259942949e-16,7.412029148005091e-16
C2CD3,8.102049,0.24895163,5.404109913405399e-16,7.453287393797217e-16
PICALM,8.095374,0.06718673,5.708882123085925e-16,7.871890359714689e-16
ZNF451,8.092972,0.07192371,5.822620203968945e-16,8.026952841787069e-16
NBPF19,-8.090325,-0.47140986,5.950556772997403e-16,8.201516451172452e-16
C5orf51,8.090243,0.20258895,5.954559629704556e-16,8.205225780491564e-16
PMF1,8.07955,0.41705513,6.5006487150814e-16,8.955749474025378e-16
ZNF37A,8.071491,0.22919479,6.944461572208986e-16,9.565070804874377e-16
SUCLG2,8.070874,0.08128114,6.979660578807931e-16,9.611436623601677e-16
BLCAP,8.069849,0.16286165,7.038517817125731e-16,9.690353755268172e-16
PTRH2,8.067887,0.24306859,7.152487846230434e-16,9.84509658218209e-16
WDR11,8.058093,0.28622532,7.749379044486115e-16,1.0664345645029727e-15
WIPI2,8.052717,0.07272062,8.097579207060973e-16,1.114107224969726e-15
ZHX1,8.046521,0.23736332,8.518087279668977e-16,1.1717052335446157e-15
UBE2W,8.046037,0.3047982,8.551866086245657e-16,1.1760930805793104e-15
GOLGA3,8.045853,0.16927001,8.564713317464891e-16,1.1776010222870407e-15
PATL2,-8.045784,-0.3955424,8.5695150797647295e-16,1.178002336607518e-15
U2AF1L4,8.044052,0.17322683,8.691553696698598e-16,1.1945158156095436e-15
GNL1,8.040976,0.03779475,8.912618550425585e-16,1.2246286328017231e-15
FOSL2,8.039084,0.068603255,9.05119183965743e-16,1.2433960507004146e-15
STK26,-8.021343,-0.38983387,1.0459536032545051e-15,1.4365501080044312e-15
SNIP1,8.01677,0.1288079,1.0856194881111398e-15,1.4907013866600725e-15
CCNL2,8.009234,0.06179831,1.1542505169588101e-15,1.5845932047606574e-15
PARP15,8.003969,0.07944672,1.204716272949656e-15,1.6535114092964125e-15
ATG16L1,7.996803,0.18737862,1.2769136673385145e-15,1.7522202024281086e-15
PRKD3,7.9915733,0.25325742,1.3322733167689431e-15,1.8277854977426553e-15
HTATIP2,7.9881682,0.10986683,1.369584167730681e-15,1.87856140173715e-15
NAA15,7.985386,0.11312787,1.4008354316957823e-15,1.9210053618344614e-15
PLCL2,-7.983501,-0.43791237,1.4224009998453638e-15,1.9501513598581187e-15
PCYT2,7.972803,0.28035972,1.551150218331774e-15,2.126204155539785e-15
OXLD1,7.967229,0.16991091,1.6227187956072021e-15,2.223817915732455e-15
RNF41,7.965742,0.2107754,1.6423528846078863e-15,2.250232073172785e-15
JMJD8,7.9626756,0.22805542,1.68358668368042e-15,2.306222529692294e-15
TBP,7.9619036,0.18155701,1.6941253276743931e-15,2.3201506238903247e-15
GMFB,7.9594383,0.15396379,1.7282197249379322e-15,2.3663258041610207e-15
OSBP,7.958271,0.11044357,1.744599064454335e-15,2.3882301416250153e-15
IMMP1L,7.957704,0.22439793,1.7526113643290936e-15,2.398673527727589e-15
LEMD2,7.953837,0.19803853,1.8082187388892088e-15,2.474238064411831e-15
FBXO42,7.951997,0.18260375,1.8352931824066483e-15,2.5107356547421808e-15
MRPL50,7.9491367,0.10137925,1.8781581669364075e-15,2.5688144932999925e-15
GALK2,7.9426074,0.22868077,1.9797495660714865e-15,2.707172302807261e-15
POM121,7.940022,0.05890933,2.0214564234558014e-15,2.7635995159832807e-15
ADPGK,7.9290385,0.09063615,2.208488513788305e-15,3.01863756658502e-15
RASSF7,7.927788,0.11172426,2.2308428686759444e-15,3.0485262093570793e-15
TESPA1,7.927597,0.1182472,2.2342700687153892e-15,3.052542814999667e-15
CAPN7,7.927157,0.067275874,2.242196010814803e-15,3.0627026732876435e-15
PRKAG2,7.9250455,0.2595349,2.2806245128802573e-15,3.114513632957627e-15
DDX60L,7.923051,0.1386071,2.3175309087156972e-15,3.1642237810836757e-15
LDB1,7.91784,0.1667832,2.4167173379772388e-15,3.2982076061050624e-15
CFAP36,-7.9178576,-0.37191808,2.416373519291954e-15,3.2982076061050624e-15
RNF145,7.9159627,0.072233364,2.45347225423356e-15,3.3476384781865105e-15
FAM122C,7.9040856,0.22709024,2.699077331434393e-15,3.681951108908321e-15
CDKN2AIPNL,7.895547,0.19826145,2.89044388993656e-15,3.942144533560741e-15
ZNF331,7.8948493,0.035633083,2.9066627239051243e-15,3.963400610451277e-15
PDPK1,7.886391,0.14360553,3.110502484802925e-15,4.240423522538047e-15
FBXO33,7.886138,0.10573566,3.1168151402735905e-15,4.248103598595116e-15
YES1,-7.8810854,-0.45453626,3.2454985959801796e-15,4.422530868318886e-15
WWP1,-7.8757176,-0.3969394,3.3879253514450976e-15,4.615605618170848e-15
NEK9,7.8750134,0.11572545,3.40706091556932e-15,4.640664726279483e-15
VPS53,7.868621,0.17466408,3.58571610592474e-15,4.88294296009255e-15
DCAF16,7.8673654,0.14792864,3.6218795355044975e-15,4.9311160770655355e-15
LANCL1,7.863666,0.18925913,3.7305130793936336e-15,5.077913364814311e-15
RBM28,7.85814,0.16349268,3.898801613003182e-15,5.305830517935155e-15
CA5B,-7.854495,-0.26813042,4.0138612210748694e-15,5.4612257066212225e-15
DCAF6,7.848662,0.14223348,4.204994326794769e-15,5.720035770477945e-15
FUT11,7.84634,0.26422125,4.2835418431801924e-15,5.825616906725061e-15
NUP155,7.8411846,0.22381884,4.463159735701408e-15,6.068577984470335e-15
AGPAT3,7.8237805,0.21004336,5.1260197984762746e-15,6.968357205403645e-15
MED6,7.8089433,0.08159736,5.7669421464346905e-15,7.837929625916886e-15
ZC3H8,7.803812,0.1331845,6.006453240424675e-15,8.161679294547517e-15
NDRG1,-7.8033814,-0.3575288,6.027009476199014e-15,8.187833069077315e-15
LIX1L,-7.7990103,-0.2575935,6.239465184549342e-15,8.474618800377917e-15
UAP1,-7.7940497,-0.345533,6.489490439882804e-15,8.812296981095468e-15
ANKRD17,7.791431,0.083217576,6.625445636478385e-15,8.994962652302252e-15
GPCPD1,-7.7861223,-0.25952822,6.909710094310759e-15,9.378855793015427e-15
TBC1D15,7.7786007,0.138857,7.333122492762695e-15,9.951413083454104e-15
EXOC6,7.770903,0.16245696,7.792838602834777e-15,1.05729772932844e-14
MEI1,7.7655025,0.13825585,8.13222332566197e-15,1.1031047078348067e-14
CCS,7.759854,0.0952985,8.502719186229868e-15,1.1531110173217874e-14
SACM1L,7.7526546,0.05067697,8.999110634272534e-15,1.2201654990899213e-14
EIF1AD,7.751245,0.17957594,9.099601437914105e-15,1.2335234365241743e-14
SKP1,-7.750563,-0.027681611,9.148588899803961e-15,1.239895410684003e-14
PIK3CB,-7.7380385,-0.6241874,1.0096233549615767e-14,1.3680319923412657e-14
PLD3,7.7346196,0.118434906,1.0371257950003174e-14,1.4049932814036347e-14
CSNK1D,7.7321014,0.029204046,1.0578571530005236e-14,1.432767774230629e-14
FGD3,7.731738,0.06484972,1.0608808121600212e-14,1.4365520261630072e-14
WDR45,7.730298,0.10891185,1.0729522080190286e-14,1.4525836427974558e-14
CNPY2,7.730009,0.20338969,1.075388025743572e-14,1.4555663109155745e-14
GPR89B,7.7238545,0.106799744,1.128637495205125e-14,1.527310441272607e-14
PCF11,-7.719479,-0.25967607,1.1680595888764824e-14,1.5803159143622997e-14
THAP11,7.718816,0.08929851,1.1741551141330482e-14,1.5882193284359675e-14
CREBRF,7.7186112,0.084121324,1.1760408704721497e-14,1.5904262182606504e-14
DHRS4,7.7106433,0.14264022,1.2518501253131098e-14,1.692581453200522e-14
ATAD2B,7.707834,0.10691256,1.2797136008426135e-14,1.7298807880015966e-14
P2RX4,7.7076473,0.27573234,1.281583865472091e-14,1.7320347077972353e-14
TMED5,7.704673,0.019581594,1.3117890973802893e-14,1.7724735622486157e-14
ANXA7,7.703615,0.035807993,1.322699777452333e-14,1.7868300167872586e-14
NBAS,7.6983128,0.13816458,1.378745293877761e-14,1.8621395851682366e-14
THAP4,7.6940536,0.18683606,1.42545483212264e-14,1.9248101510380388e-14
ABHD10,7.691162,0.22640693,1.4580480999457577e-14,1.9683963990635868e-14
LPP,-7.689586,-0.385302,1.4761183080709082e-14,1.9923616257371308e-14
BBIP1,7.685013,0.12875192,1.5298147827676687e-14,2.0643919933120223e-14
GLO1,7.679347,0.044584412,1.5990122378538768e-14,2.1573044123385492e-14
FAM200B,7.67752,0.106222905,1.621982675657548e-14,2.1878231174889223e-14
REXO4,7.672353,0.24545027,1.6886992635157798e-14,2.2773232577181976e-14
SDHAF1,7.669977,0.21446942,1.7202684308855116e-14,2.31939640164219e-14
CDC14A,-7.66059,-0.2905316,1.8508040919903744e-14,2.4948567979943508e-14
RGCC,-7.6603355,-0.120084405,1.8544824311096573e-14,2.499276624089189e-14
TCOF1,7.656259,0.081108905,1.9142703659488686e-14,2.579296879038579e-14
SCAF8,7.649916,0.122655384,2.0111055723240326e-14,2.709189590968809e-14
PIKFYVE,7.648196,0.15392424,2.038178400189622e-14,2.745068691407164e-14
NOA1,7.647941,0.15818936,2.042228799171432e-14,2.7499318483892548e-14
TNIK,-7.643007,-0.23221247,2.122068365088596e-14,2.856823690982194e-14
DGKE,7.63922,0.21689859,2.1854102866610998e-14,2.941464447795146e-14
BCAS2,7.6358366,0.020564888,2.2435891770921812e-14,3.019121078057364e-14
KDM1A,7.6326723,0.14987943,2.2993672339656814e-14,3.0935142829439364e-14
SLC25A36,7.6298056,0.065372266,2.3510812200666787e-14,3.162408968552385e-14
HIST1H2AC,7.6242127,0.1036066,2.455282412401354e-14,3.301858721406464e-14
VAMP4,7.6191573,0.14078398,2.5533702194527062e-14,3.4330290335044337e-14
ANKLE2,7.6147704,0.0378403,2.6416022872731476e-14,3.550894694710101e-14
SNUPN,7.6015368,0.29657462,2.926348081908732e-14,3.932810655299899e-14
SVIP,-7.6004405,-0.24816425,2.951249041409752e-14,3.965423969729254e-14
EAF1,7.600163,0.18312538,2.9575806397550545e-14,3.973078050742457e-14
KANSL3,7.59266,0.19388309,3.1340412076290893e-14,4.209223227764616e-14
CASC4,7.5908,0.07581927,3.179363332162727e-14,4.2691772925542e-14
HEBP2,7.5894547,0.032169517,3.2125436421378464e-14,4.312805370217675e-14
TMEM80,7.5739264,0.24622475,3.62109900460695e-14,4.860243589963758e-14
LDLR,7.5736947,0.14696702,3.627568480519184e-14,4.867882542713002e-14
C11orf54,7.5731874,0.28172463,3.6417617585144194e-14,4.8858806693686913e-14
NUDT3,7.5726566,0.09583755,3.656676648683781e-14,4.904839003894883e-14
PHYH,7.5690126,0.19073881,3.760708974714039e-14,5.043300181309974e-14
FBXL3,7.568318,0.09930694,3.780877899682138e-14,5.069261067383509e-14
ARAP1,7.5603895,0.24730232,4.01864072538566e-14,5.386890160276985e-14
NECAP2,7.556569,0.055900745,4.1384001878292755e-14,5.546236412823468e-14
ZNF276,-7.553117,-0.30402756,4.2496356697073526e-14,5.69409311409064e-14
CASD1,7.5434284,0.26327553,4.57773780749082e-14,6.132404223482348e-14
PHF23,7.5432506,0.22548679,4.583991277714989e-14,6.139466802266104e-14
TBC1D22A,7.542232,0.12256516,4.6199468275261315e-14,6.186298662886019e-14
CBWD2,7.534698,0.089591816,4.8946703886917795e-14,6.552762240885036e-14
PRKRA,7.5257473,0.093483426,5.2419610243169315e-14,7.016197725315944e-14
BCL6,-7.5222073,-0.62648195,5.3859146813944933e-14,7.207333100920631e-14
UMPS,7.5217195,0.26263028,5.4060489244577166e-14,7.232729271045226e-14
NCBP2,7.520201,0.07148953,5.469192508201682e-14,7.315644287216106e-14
RNF14,7.5177402,0.23820555,5.5731178472108906e-14,7.453062259972495e-14
ATP6V1C1,7.5136914,0.19108248,5.748297657862838e-14,7.685691418591561e-14
GEMIN7,7.5130234,0.2546463,5.777717934921515e-14,7.723376795057477e-14
MTOR,7.508002,0.220808,6.003669829977245e-14,8.023704006908277e-14
EXOC4,7.5078273,0.067398764,6.011665639384046e-14,8.032674122167149e-14
NR2C2,7.5041623,0.16340344,6.182258838521713e-14,8.258853575441349e-14
REEP4,7.4997544,0.1682334,6.3937489156087e-14,8.539558756628529e-14
AP5M1,7.492881,0.15406998,6.737815691259022e-14,8.99717715357875e-14
PRMT7,7.4760947,0.27022314,7.656378943242399e-14,1.0221576327128563e-13
DUSP6,-7.4749265,-0.47075996,7.724704127324175e-14,1.0310592920960111e-13
DDX10,7.467601,0.2065161,8.167020112115087e-14,1.0898651412412967e-13
LIN54,7.4629936,0.18831138,8.45784815805454e-14,1.1284345932350011e-13
ZDBF2,7.458788,0.29752827,8.732206076924042e-14,1.1647906442907636e-13
OXSR1,7.452287,0.07807161,9.173576589627861e-14,1.223404287885566e-13
NPM1,-7.4508038,-0.009481375,9.277323500133682e-14,1.236976466684491e-13
TOE1,7.4462085,0.2332954,9.606086877833363e-14,1.2805386641322293e-13
COPS7B,7.4404063,0.18981923,1.003759670360137e-13,1.3377759901518995e-13
LRCH4,7.437336,0.11771767,1.0273596480946986e-13,1.3689375843408807e-13
ELMOD2,7.4356375,0.25629798,1.0406480739202767e-13,1.3863488821220723e-13
HIST1H2BC,7.432865,0.2463174,1.0627024211666909e-13,1.4154282194632356e-13
PRKCI,-7.4312706,-0.5941617,1.0755946386840282e-13,1.432294606131818e-13
ASB6,7.427199,0.22739337,1.1092165800519505e-13,1.476752271718451e-13
KBTBD2,7.4263687,0.062135067,1.1161958698520117e-13,1.4857279493179117e-13
RHOT1,7.4211535,0.18993746,1.1610443872076267e-13,1.5450954448778798e-13
TMEM131,7.41924,0.11695924,1.1779409130737807e-13,1.56724762913432e-13
PYGB,7.414693,0.2672491,1.219070612356371e-13,1.6216257178187234e-13
ANKRA2,7.4145694,0.17980406,1.220205301951405e-13,1.6227900444319707e-13
GLMP,7.413066,0.26485458,1.2341244993581426e-13,1.6409527880944826e-13
PIGBOS1,7.4120517,0.24082318,1.2436027558705612e-13,1.6532041735499853e-13
TMX2,7.4086137,0.12945737,1.2762637168612447e-13,1.69626212294114e-13
TMEM87B,7.406406,0.07823337,1.297680492727567e-13,1.7243604848138612e-13
TNKS,7.4023166,0.12273159,1.3382911812247798e-13,1.7779464068257003e-13
MLF1,-7.39849,-0.62934655,1.3774175674752355e-13,1.8295380683917352e-13
SCO2,7.3979263,0.22821751,1.3832757762324162e-13,1.8369291564657176e-13
FNTA,7.3930354,0.028194502,1.4351404151952876e-13,1.9053986497159844e-13
ZC3H14,7.3907785,0.15256895,1.4597168172025795e-13,1.9376168912411068e-13
NSUN2,7.385003,0.09351938,1.5244962321815182e-13,2.0231753136460708e-13
CHERP,7.382709,0.12905695,1.5510064891889825e-13,2.0579208051678208e-13
C2orf69,7.3804684,0.20593624,1.5773340774000383e-13,2.0924092426239693e-13
CDK10,7.3771167,0.12219639,1.6175409186148793e-13,2.1452906480506008e-13
FRS2,7.369719,0.24163683,1.7098817592032433e-13,2.2672785683712358e-13
RASA2,7.3590255,0.029955357,1.852578529486387e-13,2.455971875496257e-13
HARS2,7.351992,0.18903847,1.9527432157793354e-13,2.588212194473628e-13
UGGT1,7.3485227,0.15764757,2.0040957503982683e-13,2.655713411245831e-13
FCRL3,-7.344063,-0.66729707,2.072056141489873e-13,2.7451891616180953e-13
PLCB2,7.3405976,0.16746467,2.1264245358635617e-13,2.8160487303984263e-13
NRDE2,7.340596,0.25239363,2.126440889130781e-13,2.8160487303984263e-13
YIPF6,7.3373604,0.20876755,2.178475270638597e-13,2.8843473636222354e-13
SIN3A,7.3275657,0.07301251,2.343710122804888e-13,3.1024651985330886e-13
ZFYVE27,7.324606,0.12969188,2.3960183340773815e-13,3.1710367459251316e-13
SIRT1,-7.3232007,-0.41595244,2.4212533590954785e-13,3.203756559750701e-13
KIAA0100,7.3220787,0.1233112,2.44158706252913e-13,3.229978571195229e-13
ZNF699,7.3160877,0.22318372,2.553048244804508e-13,3.376716663741438e-13
GRWD1,7.312311,0.15683687,2.6258647317323415e-13,3.47229121997834e-13
ZBTB7A,7.3112555,0.022746278,2.6465792270928103e-13,3.498943289241889e-13
KDM4C,-7.310317,-0.2506189,2.6651274007803294e-13,3.5227206886291445e-13
NMD3,7.3066716,0.1378273,2.7384090648229163e-13,3.618818569820905e-13
MAF,-7.288927,-0.35571247,3.1243300272130964e-13,4.1279426927656033e-13
HS2ST1,7.288825,0.25553188,3.1267030990937185e-13,4.1302057829244725e-13
PRELID3B,7.2871776,0.026782116,3.1651606719982456e-13,4.180123530508977e-13
TGFBR2,-7.2819242,-0.15109886,3.2909170490179126e-13,4.3452885307420984e-13
HMGCR,7.279146,0.16904768,3.3593952070829866e-13,4.434770292363613e-13
RIPK1,7.2789207,0.08451942,3.3650093038405187e-13,4.441244347009765e-13
USP20,7.2730913,0.15646146,3.5135216300297317e-13,4.636277434605779e-13
PNPT1,7.271916,0.14673802,3.544241430851649e-13,4.675827581486275e-13
RABGAP1,7.2699547,0.20610256,3.596078585634172e-13,4.743214765280916e-13
TRERF1,7.2689896,0.14802149,3.6218644152681706e-13,4.776219178313169e-13
ZNF236,7.2649317,0.27612415,3.732269157275158e-13,4.920774678169313e-13
CHP1,7.2638435,0.22235732,3.762426113537641e-13,4.959489626272963e-13
HMG20A,7.260255,0.20401125,3.8636227173784375e-13,5.091810347570993e-13
R3HDM4,-7.2432294,-0.19283542,4.381256199731082e-13,5.772775649856286e-13
FAM214A,7.2417455,0.06611462,4.4294656016199826e-13,5.835067762420428e-13
FAM160B2,7.239309,0.23895276,4.509769763570409e-13,5.939604134925574e-13
MRPS33,7.2378454,0.07678921,4.558691242131783e-13,6.002772555414952e-13
HIST2H2AC,7.2327785,0.17375441,4.732101970828638e-13,6.229804278094268e-13
HNRNPUL2,7.2307324,0.34047124,4.803963772712081e-13,6.323079604899386e-13
SHPRH,7.2285013,0.11798854,4.88352626001671e-13,6.426449365305961e-13
TRMO,-7.2177224,-0.35186857,5.286549072600893e-13,6.955341955455559e-13
TMEM159,7.216705,0.19456105,5.32624654967118e-13,7.006097227658305e-13
ASMTL,7.213057,0.13636886,5.470954948371844e-13,7.194932553503102e-13
ZNF600,7.19915,0.13121654,6.058913212804955e-13,7.966490344537157e-13
ANO6,7.19235,0.101284176,6.368560700295122e-13,8.371867144577912e-13
BCOR,7.187226,0.20941806,6.612092923825047e-13,8.690179271312918e-13
BRD2,-7.185472,-0.09302974,6.697551018804482e-13,8.800646749346952e-13
ABCB7,7.1835613,0.13919783,6.791850634379973e-13,8.922683235758318e-13
IPCEF1,7.1775937,0.054701753,7.094896250567884e-13,9.318847563206526e-13
CARNMT1,7.1763597,0.17511708,7.159205618671592e-13,9.401341383377305e-13
PACS1,7.169347,0.052272107,7.535641119070576e-13,9.893593041113437e-13
TUBA1A,-7.1650333,-0.11945429,7.776767976440094e-13,1.0208027792826107e-12
GPR155,-7.1599083,-0.45616,8.073095769980531e-13,1.0594773890706566e-12
AGPAT1,7.1586103,0.17198576,8.149910537284099e-13,1.0693338993550613e-12
ODF2L,-7.1578836,-0.20115028,8.193193036775e-13,1.074787495031755e-12
RABEPK,7.1554246,0.25390577,8.341425084351123e-13,1.0940032563459251e-12
PRPF4,7.149735,0.113191925,8.694552507252267e-13,1.140077981248589e-12
CNBP,-7.1475434,-0.025301583,8.834462280099086e-13,1.15818097284786e-12
PEX26,7.143475,0.1963657,9.100035878968393e-13,1.1927472126299238e-12
RBM15B,7.135829,0.112346284,9.620553081015145e-13,1.260707584307305e-12
LRRC41,7.1351943,0.14200553,9.66505762210128e-13,1.2662743556830494e-12
LTBP3,7.1341887,0.280803,9.735988232735498e-13,1.2753003011723886e-12
TPRA1,7.1337285,0.18340878,9.768576277213143e-13,1.279301092531828e-12
C8orf33,7.123939,0.20769227,1.0488545088214227e-12,1.373301340976731e-12
ZBTB2,7.1226068,0.20179391,1.0590451946261596e-12,1.3863542033022084e-12
WDFY1,7.1211867,0.13692823,1.0700164355447018e-12,1.4004231842610156e-12
ZNF675,7.120789,0.13657577,1.07310789720162e-12,1.4041754873234333e-12
IL27RA,7.119426,0.035772625,1.0837754862396046e-12,1.417837608095978e-12
MAP3K5,7.1178393,0.10304272,1.0963201054499047e-12,1.4339491071910105e-12
TWF1,7.1131673,0.06454518,1.1340977720324535e-12,1.483050932657824e-12
IKBKE,7.102686,0.19394192,1.2235541490674043e-12,1.5996979637545834e-12
MICAL1,7.1014385,0.15099569,1.234649498112199e-12,1.6138669578332464e-12
MRRF,7.1007257,0.25568134,1.2410342163578727e-12,1.6218738369615315e-12
TRIM24,7.100177,0.17076336,1.2459728077984048e-12,1.6279878624868045e-12
MFSD1,7.0925484,0.12040356,1.3166481653976777e-12,1.719973047134657e-12
SPG7,7.0810013,0.045564547,1.431163662502748e-12,1.8691774264336515e-12
LUZP1,7.0731435,0.088246614,1.5146257655588773e-12,1.9777705675926395e-12
SMPD4,7.0656414,0.13144462,1.5987570934975109e-12,2.08719206530059e-12
VPS13C,7.0628476,0.0061840336,1.6312473722550747e-12,2.129164106160598e-12
KLHL28,7.0624075,0.058645304,1.636425191299769e-12,2.135476845384096e-12
RSRC1,7.060042,0.026542611,1.664522722412477e-12,2.171690125424913e-12
SVBP,7.058121,0.13019297,1.6876873163564512e-12,2.2014536803848955e-12
NUP160,7.0527725,0.11609546,1.7538741540485368e-12,2.2873122175792468e-12
TM9SF1,7.051335,0.12615456,1.7720935461189041e-12,2.3105913348311516e-12
LRRC47,7.048896,0.126318,1.803433250894827e-12,2.3509644545942985e-12
DNAJC10,7.0415487,0.13813369,1.901149006947759e-12,2.4778308723885794e-12
ANAPC4,7.037594,0.1281853,1.9558793726363645e-12,2.548631817374109e-12
SEC63,7.031275,0.035293836,2.046552189716737e-12,2.6662287586147243e-12
GFM1,7.0155497,0.10904033,2.2904680306225774e-12,2.9833787215437945e-12
EPN1,7.0052943,0.086728774,2.464674602932583e-12,3.2096178842519237e-12
BAG2,7.004359,0.18661056,2.481197099783259e-12,3.2304618223192645e-12
CYB561A3,6.993241,0.15855527,2.686075077627004e-12,3.496480583777473e-12
HSDL2,6.990009,0.20182487,2.7486932039639475e-12,3.5772466577904004e-12
LRRC40,6.988703,0.17718452,2.774394578389464e-12,3.6099443599011e-12
FBXL15,6.971112,0.23306213,3.1444579968888055e-12,4.0906070344222015e-12
FBXO8,6.9674034,0.21389076,3.228442354420847e-12,4.198988642257135e-12
SMAD3,-6.966318,-0.5902177,3.253429076160159e-12,4.2306074205898886e-12
RAB5A,6.9641056,0.027816044,3.3049660424875856e-12,4.296730582253187e-12
ARAP2,6.959966,-0.0006652074,3.4035414322696545e-12,4.42396742162455e-12
EIF2B4,6.9591374,0.19513075,3.423622552849899e-12,4.449144721775856e-12
PTGES2,6.955174,0.14971566,3.5212702828439467e-12,4.575091773514378e-12
ELF2,6.9504213,0.02461274,3.641962621231847e-12,4.730921544523761e-12
CCDC92,6.9488235,0.12782718,3.683448531009164e-12,4.783818561343852e-12
ABCD4,6.9483457,0.19542369,3.695946569272438e-12,4.799053909790031e-12
LRCH3,6.94747,0.10564174,3.718947572358402e-12,4.827917827904994e-12
HERC4,6.943237,0.06272085,3.832156085126922e-12,4.973852379368055e-12
TAGAP,-6.9412713,-0.078846164,3.885870411867215e-12,5.042523396938663e-12
CEP120,6.9407125,0.08464039,3.901268479231433e-12,5.061454916232237e-12
TARDBP,6.9372015,0.066104904,3.9994371944232725e-12,5.187741880222267e-12
DCTN4,6.935857,0.03446425,4.037663387373645e-12,5.236240081137961e-12
MAU2,6.931002,0.1560676,4.178704050991342e-12,5.418025397513334e-12
CRK,6.9202614,0.12591968,4.508118072936602e-12,5.843925956131658e-12
CBWD5,6.911081,0.070566066,4.809746699057763e-12,6.233638978517789e-12
DDX39B,6.9107966,0.04198737,4.819393641995222e-12,6.2448480994867664e-12
AGL,6.9015746,0.088326454,5.142929973159715e-12,6.662698263012461e-12
DYM,6.895067,0.07390794,5.383940688308167e-12,6.97348508199915e-12
SLC25A44,6.885268,0.23514201,5.767872295283066e-12,7.469221502647664e-12
ERCC5,6.871756,0.03113792,6.341624281862764e-12,8.210513556981261e-12
TMEM167B,6.8664627,0.102551095,6.581342617306166e-12,8.519114300407072e-12
SAR1A,6.855584,0.024716757,7.102180958989733e-12,9.191403409069047e-12
BLOC1S5,6.854102,0.2257865,7.17618183865743e-12,9.285252033638237e-12
AMBRA1,6.852994,0.18488427,7.232016882435888e-12,9.355561955442292e-12
PCNP,6.849398,0.019002944,7.41613036003168e-12,9.591753469579945e-12
ZBTB43,6.8466554,0.094802946,7.559656072272981e-12,9.775363453522068e-12
DNAJB1,-6.844919,-0.07703066,7.65190753518797e-12,9.89260870843892e-12
NOM1,6.8440285,0.22328117,7.699670904518368e-12,9.952301896418782e-12
BTF3L4,6.8360214,0.050740004,8.142271290339377e-12,1.052221631736483e-11
KIDINS220,6.8332105,0.063299134,8.303488222204838e-12,1.0728340007871431e-11
TYW1,6.83301,0.10906282,8.315118019410196e-12,1.0741147703784883e-11
MRPL10,6.8319383,0.0101053845,8.377486443694681e-12,1.08194787761672e-11
SEC16A,6.8303885,0.16114566,8.468507408531835e-12,1.0934774478384966e-11
BORCS5,6.821338,0.022333095,9.019618568367338e-12,1.1643981379221228e-11
MKKS,6.8170695,0.11941091,9.291639913926648e-12,1.1992675737884281e-11
C2CD5,6.8153195,0.18191619,9.405436758044258e-12,1.2137048753779883e-11
MANBA,6.8109894,0.13485911,9.69298828501084e-12,1.2505534071154426e-11
RBM7,6.8080516,0.08541559,9.892923982167903e-12,1.2760852047926268e-11
SRGN,6.80155,0.1300057,1.0349942582648017e-11,1.3347606843340753e-11
NAT10,6.797266,0.24697708,1.0662303603070736e-11,1.3747603326630363e-11
POLB,6.788048,0.12924439,1.1366090724661959e-11,1.4652022166388876e-11
LIME1,-6.785752,-0.04276834,1.1548360437868157e-11,1.4883919015101605e-11
WWP2,6.785577,0.13460636,1.1562354339459563e-11,1.489888542691226e-11
CDC37,6.7854824,0.031899862,1.1569917546475204e-11,1.49055609906814e-11
MAN2A1,-6.7802916,-0.31343073,1.1993360862735163e-11,1.544790314129528e-11
SNX13,6.778312,0.13629127,1.2158805129117942e-11,1.56577778690329e-11
USP7,6.771617,0.11303644,1.2735086721602318e-11,1.6396522438844226e-11
CRYL1,6.7656116,0.211971,1.3274733352285565e-11,1.7087804907798044e-11
HTT,6.758457,0.14181238,1.3946902380385138e-11,1.7949356365293033e-11
TSPYL1,-6.7505507,-0.19588752,1.472847694204728e-11,1.8951326974382514e-11
DYRK1A,6.7435603,0.06935836,1.5455188796046854e-11,1.988230744562392e-11
KAT2B,6.741476,0.17372093,1.5678556224279487e-11,2.0165511459517367e-11
AQR,6.7328043,0.0735103,1.664236784430964e-11,2.1400750921685737e-11
CDKAL1,6.7312756,0.18537347,1.6818229881201806e-11,2.1622450911795826e-11
IRF2BPL,-6.7264786,-0.3304819,1.738181872880033e-11,2.234244051106942e-11
ANKRD13C,6.725053,0.097683,1.7552901372806355e-11,2.2557713843113506e-11
CD46,6.724647,0.016439226,1.7601858812423202e-11,2.2615984541080213e-11
ZNF226,6.720914,0.24040139,1.8058814430730594e-11,2.3198345601365626e-11
GATAD1,6.7190166,0.18985914,1.829552771222403e-11,2.3497602415863998e-11
EIF2B5,6.716945,0.07987708,1.8557380244562855e-11,2.3829016997123403e-11
MAP2K4,6.716726,0.06552336,1.858529190471793e-11,2.385996022079117e-11
RUVBL1,6.715516,0.09165599,1.8740162013744408e-11,2.4053847672955483e-11
NXT1,6.7098613,0.019637955,1.9480943086849594e-11,2.4999544605401244e-11
MAP4K4,-6.7075405,-0.38475546,1.9793231987910586e-11,2.53950900976966e-11
IRAK1,6.7066402,0.16011672,1.9915635438253098e-11,2.5546896719645556e-11
WDR77,6.706347,0.18601632,1.9955709239999268e-11,2.5593053916653425e-11
MED19,6.697728,0.053761676,2.1168439989524734e-11,2.7142808070191996e-11
GIMAP2,-6.6975603,-0.22937556,2.1192808043310074e-11,2.716848506535816e-11
THADA,6.689986,0.15183827,2.2319173708594036e-11,2.8606586912715488e-11
SYNE2,-6.6896906,-0.106724046,2.2364285756982146e-11,2.865853578362972e-11
POLR3D,6.689221,0.24200825,2.2436218957483075e-11,2.8744826090111434e-11
THAP1,6.68205,0.10863191,2.3562253854285075e-11,3.0181298139313564e-11
ABR,6.6771703,0.16414179,2.4359990997062955e-11,3.119036096553947e-11
DGKD,-6.6771936,-0.3369846,2.4356079071446154e-11,3.119036096553947e-11
ESF1,6.676089,0.09528014,2.4540358203757083e-11,3.1414872298486656e-11
EIF4G2,6.6734843,0.02970304,2.4980036034826396e-11,3.1971175416095326e-11
TMC8,6.670392,0.022777796,2.551213824378392e-11,3.264551786727597e-11
SENP2,6.659929,0.13371645,2.739607150719621e-11,3.504904362965634e-11
ZFPM1,6.6527166,0.18234213,2.877317128494387e-11,3.6803303937560594e-11
ZNF484,6.640941,0.15768486,3.1168647904182625e-11,3.985917033699233e-11
EPS15,6.6315928,0.00740257,3.320833975259528e-11,4.245889505257226e-11
ZDHHC18,6.6315584,0.13527064,3.321614597970391e-11,4.2460198048432296e-11
GTF2E2,6.63104,0.026959158,3.3332929035811363e-11,4.260077712932296e-11
IDH3A,6.6270523,0.11865864,3.424567561450289e-11,4.3758363285198134e-11
REXO1,6.6258554,0.20926057,3.452431949507753e-11,4.410539978787115e-11
MED16,6.624975,0.13260677,3.473065283678141e-11,4.435993551386372e-11
PGGT1B,6.618319,0.14749055,3.633057882293184e-11,4.63939785907862e-11
SCGB3A1,-6.617546,-0.50769114,3.6521069577941275e-11,4.662771658767359e-11
EDC4,6.612922,0.20580608,3.768065378017211e-11,4.809838197281304e-11
DPH7,6.610932,0.14406702,3.819077597014297e-11,4.87395949549601e-11
DUS3L,6.61041,0.14246987,3.832566234457854e-11,4.8901762926307026e-11
NUP205,6.6074824,0.14488305,3.9091039643025654e-11,4.986817781540956e-11
MED31,6.607009,0.07729345,3.9216244745684644e-11,5.001770175922592e-11
PIGP,6.605362,0.11046201,3.965468442868167e-11,5.0566593107589176e-11
AKAP8,6.6043973,0.09529805,3.991384021607711e-11,5.088668929932309e-11
ZC3H12D,6.602933,0.23244023,4.031023687816344e-11,5.1381589631171656e-11
NCOA6,6.6014314,0.18113229,4.072065768263206e-11,5.1894160615715255e-11
TNFRSF14,6.591657,0.03834435,4.349436295787957e-11,5.541766490111906e-11
SLC30A5,6.5884795,0.07377329,4.443529528817596e-11,5.660501065421071e-11
DUSP28,6.587358,0.2411604,4.47721355515297e-11,5.702249185878864e-11
ZC3H12A,6.5721154,0.016934266,4.960543897387967e-11,6.316540326085716e-11
KCTD13,6.563286,0.192584,5.263488833597169e-11,6.700933281030503e-11
AIDA,6.5489907,0.10929909,5.7927155341772204e-11,7.373189904743172e-11
C6orf226,6.5425963,0.17594829,6.045986184946509e-11,7.693997065302149e-11
NUDT15,6.5370655,0.14455946,6.273761883880515e-11,7.982235986486984e-11
FRMD8,6.5359087,0.18730643,6.322454140692412e-11,8.042552481531462e-11
REV3L,6.531822,0.022753915,6.497434486706162e-11,8.26345805017966e-11
GTF2IRD2B,6.525726,0.0800512,6.767310413205474e-11,8.604937793701918e-11
STXBP3,6.523473,0.09736623,6.869794964048463e-11,8.733476385914893e-11
CXorf40A,6.5159044,0.16181716,7.225307068438754e-11,9.18356786268851e-11
EBAG9,6.5155463,0.081556275,7.242550628091373e-11,9.203615017131756e-11
CD6,6.5145273,0.0111240735,7.291880868846944e-11,9.264420535236897e-11
RNFT1,6.5078163,0.15908279,7.62509982326179e-11,9.685812080066142e-11
ATF6,6.504505,0.09356508,7.794947630057251e-11,9.899551841989071e-11
RAD50,6.5016212,0.07405097,7.945901105856778e-11,1.0089213987870916e-10
VPS8,6.500739,0.2352647,7.992645677619304e-11,1.0146507986847883e-10
NFKB1,-6.499567,-0.20005614,8.055141804341488e-11,1.0223770973414557e-10
MCOLN2,6.49535,-0.009700934,8.284057082993823e-11,1.0512182781178369e-10
SLC36A4,6.494687,0.22724892,8.320629557413255e-11,1.055645072220185e-10
ZNF592,6.4931035,0.20740679,8.408590889290904e-11,1.0665884956083515e-10
GPAT4,6.4865932,0.20732965,8.779903919903032e-11,1.1134619688407332e-10
MCM3AP,6.484394,0.06532142,8.908918140333924e-11,1.1295944849195181e-10
CAMK2D,6.483357,0.076483876,8.97039886946294e-11,1.1371593784672778e-10
SKIV2L,6.480559,0.15208784,9.138359871347805e-11,1.1582167616521854e-10
SCRN2,6.472396,0.097003594,9.646110956106223e-11,1.2223226684504867e-10
CACUL1,6.468926,0.059582856,9.87019863572732e-11,1.2504650195445547e-10
TSR1,6.466766,0.14478438,1.0012255263212492e-10,1.2682054854557066e-10
ETV6,6.4656568,0.15415661,1.0085967163436456e-10,1.2772836148675804e-10
TUBA1C,-6.4629874,-0.20699549,1.0265573224950103e-10,1.2997657578483677e-10
APOL2,6.4611416,0.2182026,1.0391613004814092e-10,1.3154579311638397e-10
VPS13B,6.459717,0.0998323,1.0489913197352876e-10,1.3276329549390974e-10
TAF3,6.4494495,0.033488303,1.1225706993658298e-10,1.4204697199095126e-10
ATXN2,6.442723,0.09540711,1.1734898953695423e-10,1.4846011699558863e-10
TAOK1,6.441413,0.068764865,1.183662805851569e-10,1.4971683205433512e-10
HSPA13,6.438624,0.072502166,1.205617096730148e-10,1.5246291807446544e-10
ARID5A,6.438302,0.017760176,1.208173509285948e-10,1.5275532486040604e-10
ATP7A,6.429394,0.22154199,1.2811389802962017e-10,1.6194797859634348e-10
TTC39B,-6.428536,-0.3837898,1.2883867730409356e-10,1.6283126569988066e-10
DRAM2,6.421337,0.07674487,1.3508254035942454e-10,1.7068801706494848e-10
GTPBP10,6.4151635,0.13095036,1.4067157978131208e-10,1.7771433826976744e-10
SMIM4,6.4146276,0.17420246,1.4116754668331489e-10,1.7830490047462505e-10
EEFSEC,6.404078,0.11464493,1.5128097815838979e-10,1.910403309162064e-10
ARL4D,-6.401953,-0.4542305,1.5340160565640617e-10,1.9367920181361797e-10
NDUFA5,6.3980546,0.018726096,1.5736895386600695e-10,1.9864813869768753e-10
VPS11,6.396771,0.23869465,1.5869720473488284e-10,2.002843883036972e-10
SLC25A32,6.3892565,0.0057887426,1.6669413040564445e-10,2.103345058123662e-10
GPATCH4,6.3847303,0.11096874,1.7169979606425226e-10,2.1660696192336402e-10
APPBP2,6.3757706,0.0935927,1.8204542981144285e-10,2.2961213889120695e-10
WBP11,6.3748097,0.012542351,1.8319035786062914e-10,2.3100965103327877e-10
SLC35C2,6.352123,0.09795023,2.1236386848423648e-10,2.677445306806496e-10
E4F1,6.3441634,0.16046326,2.2363726712489943e-10,2.8190101614615573e-10
MBD6,6.3410525,0.17637125,2.28200911634261e-10,2.875956694568769e-10
ARL14EP,6.3394904,0.07515576,2.3052660789569057e-10,2.904681689819618e-10
PPTC7,6.3381443,0.11514265,2.3254883724478664e-10,2.9295721421735504e-10
CSNK1G2,6.3332934,0.02988512,2.399822633009023e-10,3.022607286511868e-10
TXNDC11,6.329466,0.06915909,2.4601098006164195e-10,3.0979160452206764e-10
BLOC1S4,6.3278556,0.05662028,2.4859194529485587e-10,3.1297870995464246e-10
PDE12,6.3149447,0.11642081,2.7025796806538803e-10,3.401878970255669e-10
FEM1B,6.3125205,0.108781524,2.745274849754286e-10,3.4549264655125353e-10
SLC35E1,6.3042183,0.13896756,2.896522531829302e-10,3.644538406903482e-10
PGRMC1,6.3017926,0.040578533,2.942229387639713e-10,3.701304453865684e-10
CITED2,-6.30102,-0.09754895,2.9569259825754444e-10,3.7190448224752673e-10
RXRB,6.2906756,0.13704966,3.1608715006992273e-10,3.9747562026883146e-10
PIM1,6.285699,0.042877223,3.2638183008713986e-10,4.103385709455681e-10
ZNF33B,-6.2834387,-0.45901477,3.311651383102067e-10,4.1626865687535727e-10
MLLT6,-6.2792497,-0.25418544,3.4021135309042496e-10,4.275536811839491e-10
AGA,6.2755256,0.09297065,3.48455175877202e-10,4.3782598519537575e-10
CASP8AP2,6.27339,0.051231775,3.5327069775714245e-10,4.437874468210207e-10
KCTD20,6.270529,0.029632626,3.5982359394777895e-10,4.51928609463422e-10
MRPL30,6.2685575,0.18269648,3.644083500944476e-10,4.575950698897761e-10
KARS,6.260733,0.071048655,3.831719828561288e-10,4.810603902765285e-10
BCL2L13,6.257341,0.12284804,3.9159725981929424e-10,4.915394176222923e-10
PTPMT1,6.2570267,0.10007848,3.9238647568598434e-10,4.924312521347077e-10
METTL21A,-6.2553816,-0.48858747,3.965456282514444e-10,4.975510329604966e-10
GIMAP6,6.2523417,0.058435235,4.043427913600438e-10,5.072325050628502e-10
ZNF831,-6.247084,-0.34829077,4.181858097658202e-10,5.244928680623439e-10
ZNF12,6.2308517,0.19227704,4.639060036652315e-10,5.817189735276987e-10
BET1,6.223514,0.11479192,4.861409555753139e-10,6.09478520657147e-10
CLP1,6.2104015,0.2304619,5.284934593746018e-10,6.624434145156299e-10
PCGF1,6.203032,0.17359917,5.53856192439158e-10,6.940954206529192e-10
KLF6,-6.201714,-0.055107143,5.585149355720914e-10,6.997935984255966e-10
PEX1,6.1976366,0.17792913,5.731722769875474e-10,7.180147706916493e-10
EZR,6.1975274,-0.0056102937,5.735707625630511e-10,7.183701082271166e-10
NOP56,6.1878357,-0.002677194,6.099593141214047e-10,7.637921275307262e-10
DDIT4,-6.185019,-0.07255697,6.209490858711474e-10,7.773979350029814e-10
ZNF507,6.177422,0.17773393,6.515676655322807e-10,8.155676901900656e-10
PI4KB,6.1742992,0.10042654,6.645765457253559e-10,8.316845109137481e-10
ULK3,6.1729803,0.11741613,6.701454860077892e-10,8.384860320929459e-10
RANBP2,6.166343,0.008900522,6.98872285345292e-10,8.742541525935107e-10
PLEKHB2,6.1617208,0.027173301,7.195856254652492e-10,8.999855403659734e-10
CCDC85C,6.150246,0.18208586,7.736280182224514e-10,9.67382946631952e-10
MTHFS,6.1494956,0.06694087,7.772979242657596e-10,9.717777406487993e-10
BCL11B,-6.1465964,-0.15628424,7.916330710222054e-10,9.89501796666317e-10
HEATR1,6.1429014,0.09144758,8.102750155369314e-10,1.0126009782658895e-09
PHKB,6.1347384,0.10005639,8.529945703958458e-10,1.0657747218686662e-09
GDAP2,6.133841,0.10939892,8.578210923635126e-10,1.071591204837487e-09
DCAF5,6.1225114,0.0383299,9.211175840712957e-10,1.150431544410067e-09
RNF11,-6.1164618,-0.20205593,9.567572239980045e-10,1.1947052282098835e-09
FAM117A,-6.1158977,-0.29745623,9.601501695550897e-10,1.1987027461058953e-09
POU2F2,6.115343,0.17678228,9.63493422659232e-10,1.2026366424892568e-09
SP2,6.1137958,0.09287653,9.728869758494508e-10,1.2141194735515987e-09
ZNF350,6.108546,0.23996648,1.0054316036262843e-09,1.2544834687447217e-09
FOXN3,6.1058693,0.019669507,1.0224256048211533e-09,1.275405737218283e-09
C7orf26,6.105841,0.10935962,1.0226079248540454e-09,1.275405737218283e-09
EHD4,6.104098,0.07669706,1.0338296796523682e-09,1.2891446035290443e-09
RPS6KB1,6.0985746,0.053747203,1.0701830913432725e-09,1.334209928147372e-09
ACSS1,6.092423,0.15131323,1.1121425043445294e-09,1.3862449705477935e-09
MTO1,6.0798073,0.09824618,1.2032701981423533e-09,1.499533537764654e-09
MRS2,6.0774264,0.1923799,1.2212655637887843e-09,1.5216565160451373e-09
ARFIP2,6.0764337,0.13268107,1.228847279864494e-09,1.530798204466801e-09
PRPF18,6.0763125,0.066069596,1.229776744316386e-09,1.5316510675778042e-09
CD59,6.0705214,0.16662447,1.2749550767476393e-09,1.5876032962048629e-09
MTRR,6.064336,0.13200176,1.3250002423534448e-09,1.649592341525005e-09
ZNF426,6.0638223,0.17946509,1.3292408159891424e-09,1.6545424880278702e-09
PAPOLG,6.060465,0.10852366,1.3572851100762035e-09,1.6891139145885675e-09
SCGB1A1,-6.0593286,-0.5161188,1.3669110917259042e-09,1.7007549303574495e-09
FTL,-6.0576806,-0.011536007,1.3809839999445716e-09,1.7179232260197336e-09
NECAP1,6.05596,0.05454568,1.3958268327637397e-09,1.7360422794771285e-09
TIMM10B,6.0555897,0.11945958,1.3990423075453962e-09,1.7396956223422777e-09
FBXO38,6.050825,0.187281,1.4410598319099622e-09,1.7915878991313042e-09
SPAST,6.0449777,0.20712183,1.4943061578389394e-09,1.8574169130618726e-09
ZNF574,6.0394444,0.1305544,1.5464566662307233e-09,1.9218579467499813e-09
ANAPC1,6.038165,0.111429006,1.558764618441082e-09,1.936768908235831e-09
ARFGEF1,6.0374813,0.032051675,1.5653818023928403e-09,1.9446045583339178e-09
TBRG4,6.0252323,0.10459712,1.6886703461873329e-09,2.0973439916116645e-09
AIF1,-6.0225296,-0.3974792,1.7171179469862137e-09,2.132252853581928e-09
B3GALT4,6.0179462,0.17764275,1.7664384479544128e-09,2.193061903235326e-09
TMEM115,6.016696,0.13825117,1.78013160358386e-09,2.2096236730199658e-09
ARHGAP10,6.0158467,0.17643024,1.7894905277566168e-09,2.220799988424002e-09
ZNF669,6.0155816,0.20390807,1.792419591459424e-09,2.223993844539896e-09
CIRBP,-6.015533,-0.026331674,1.7929605540104561e-09,2.224223919470437e-09
INTS8,6.0144415,0.1206603,1.805080098164571e-09,2.238814649904353e-09
ZNF529,6.0027876,0.19146027,1.9395853874710192e-09,2.405162771857026e-09
BTN3A3,6.000245,0.03297742,1.9701990943230593e-09,2.442640811352568e-09
ZNF10,-5.9979978,-0.27433217,1.9976542321088825e-09,2.4761888004900275e-09
GNPTG,5.997863,0.037925694,1.999313087275372e-09,2.477754095482315e-09
SETDB1,5.997332,0.19055508,2.005856477455469e-09,2.4853709889010526e-09
ATAD1,5.9957566,0.030112436,2.025398699154601e-09,2.5090879726556802e-09
LYSMD2,-5.993853,-0.22713636,2.0492660774398977e-09,2.5381525599809937e-09
SEMA4D,5.9934955,0.0076012956,2.0537762197859646e-09,2.543235160526721e-09
NAPG,5.9929266,0.08100966,2.060980977115663e-09,2.5516518885485035e-09
PRKAR2A,-5.989581,-0.20411944,2.1038223274802835e-09,2.6041773804346366e-09
FARSB,5.9895325,0.087122105,2.1044490557496557e-09,2.6044378422887927e-09
ARHGAP17,5.9875484,0.07411385,2.1302770440639332e-09,2.6358807728765757e-09
TM9SF4,5.984716,0.09728924,2.167676482390297e-09,2.6816262752291274e-09
TGFBR1,-5.9824343,-0.42003617,2.1982724881325734e-09,2.718938846531708e-09
HDHD2,5.981138,0.17537998,2.2158390811940866e-09,2.740124390581183e-09
C6orf47,5.9782624,0.18421815,2.255299703700152e-09,2.7883705427565516e-09
POGLUT1,5.97552,0.15045893,2.293572673543244e-09,2.8351295486438516e-09
PHF20,-5.973855,-0.14243695,2.317116818711706e-09,2.863667091635803e-09
NAAA,-5.9728374,-0.23959701,2.331623620605687e-09,2.8810265397015956e-09
ZNF721,5.96862,0.014269549,2.3926862006340554e-09,2.955893536960239e-09
TRMT6,5.951922,0.12394871,2.650119344110512e-09,3.273276725914188e-09
GNL3,-5.941656,-0.27462494,2.821565495959393e-09,3.4843493372921364e-09
SLC35B3,5.926756,0.17350313,3.0897814733159683e-09,3.814816044417742e-09
QDPR,5.9261255,0.1227287,3.10165246548128e-09,3.828717013427562e-09
BRD9,5.924739,0.03925605,3.1279374778410414e-09,3.860401827061265e-09
RBMS1,-5.9074683,-0.12704012,3.4740530805505723e-09,4.286721118722758e-09
METTL2B,5.9069486,0.12830602,3.4850254280723714e-09,4.299412162891097e-09
NOP2,5.9055834,0.079228684,3.5140104911776366e-09,4.334315779338978e-09
POLH,5.897567,0.11748643,3.6890123161969766e-09,4.549272826755034e-09
NAA35,5.891208,0.17144434,3.8338247343140915e-09,4.726923046485801e-09
NISCH,5.8894877,0.12735143,3.873945771075312e-09,4.775449210610276e-09
BID,5.881858,0.09968177,4.056867602076768e-09,4.999953451259311e-09
CCDC57,5.8754063,0.06721278,4.218072676105805e-09,5.197609348378554e-09
DYNLL2,-5.874933,-0.27441642,4.2301521064665806e-09,5.2114674237997105e-09
ZFC3H1,5.8712864,0.017385006,4.324267280596491e-09,5.32636662874811e-09
MAX,-5.8665442,-0.13536985,4.449710173305084e-09,5.479800559881221e-09
UBA7,5.8647537,0.10681463,4.497999425178123e-09,5.53817839085108e-09
CEP164,5.8644648,0.14127977,4.505842836742585e-09,5.546743956446598e-09
APMAP,5.859925,0.0008410763,4.630770664743868e-09,5.69941004891553e-09
FAM98A,5.859676,0.1435422,4.637717193330519e-09,5.706836892501126e-09
ZZEF1,5.8569336,0.03995691,4.714913107272816e-09,5.8006875907765455e-09
WDR26,5.8548307,0.101521194,4.77496739162902e-09,5.873416437678166e-09
KDM3B,5.854445,0.07842916,4.786055035369677e-09,5.885897444716473e-09
PITHD1,-5.852733,-0.16386098,4.835597679414404e-09,5.9456562661982134e-09
ERCC6L2,5.8478208,0.11211301,4.9805536547726825e-09,6.122684940903497e-09
YLPM1,5.8462024,0.02818546,5.029215435342489e-09,6.181291112672419e-09
TATDN1,5.846047,0.09565586,5.0339246812355374e-09,6.185863839286883e-09
GANAB,5.8399487,0.05325233,5.221691114785843e-09,6.415337708974909e-09
ARL13B,5.8395553,0.12986165,5.234036371924762e-09,6.429242399913864e-09
ENPP4,-5.837678,-0.47207305,5.2933308606948765e-09,6.500800523067755e-09
SLC9A9,5.830058,0.10235722,5.540800246774999e-09,6.803384954626966e-09
OMA1,5.8280325,0.16968516,5.60846818996041e-09,6.8851210746452754e-09
PIP4K2C,5.8253775,0.16705556,5.698357970490466e-09,6.994099953578253e-09
REEP3,5.8218484,0.04236245,5.820041477871163e-09,7.142051684103961e-09
TMEM39A,5.8132977,0.06638934,6.125397013874677e-09,7.515293924063537e-09
GCFC2,5.805978,0.18542889,6.399149693020414e-09,7.849623623438376e-09
UTP4,5.797557,0.15176453,6.728804043161498e-09,8.252381512256094e-09
SPNS3,5.7838125,0.14279753,7.302624168835136e-09,8.954374127838615e-09
RPF2,5.7825923,0.17518298,7.355814426644118e-09,9.017827758786126e-09
FAM120B,5.7810507,0.07107232,7.423561353400237e-09,9.099098712161419e-09
WDR7,5.7763,0.19766864,7.636129445006693e-09,9.357811127906342e-09
DYRK1B,5.772393,0.16100363,7.815353127644465e-09,9.575567796032857e-09
FEM1C,5.77041,0.11542566,7.907894492582994e-09,9.687054620246566e-09
SUPT5H,5.7673593,0.010312394,8.05233739157923e-09,9.862063962748563e-09
TP53INP2,-5.757368,-0.36022687,8.543538017893406e-09,1.04616116343592e-08
EXOC3,5.7490582,0.16006166,8.974193089682168e-09,1.0986800776722435e-08
ZNF76,5.744241,0.11048304,9.233415360275994e-09,1.1301946095458152e-08
SLC35F5,5.7366858,0.17873943,9.654712511982898e-09,1.1815313277575315e-08
ARID2,5.735025,0.044948254,9.74980402498368e-09,1.1929351453216878e-08
PGM2L1,5.7335877,0.12948707,9.832825621628988e-09,1.2028579798379146e-08
NLRP1,5.728866,0.031951908,1.0110420611383993e-08,1.2365746108468868e-08
JMJD1C,-5.720023,-0.13645868,1.0650948661357898e-08,1.3024303132418883e-08
GPN3,5.7150717,0.06551013,1.0965785385204511e-08,1.3406674490881263e-08
ZDHHC5,5.711394,0.093283646,1.120547057314059e-08,1.3697034760759579e-08
VAPB,5.710416,0.07002147,1.1270059185187354e-08,1.3773293663319417e-08
XPR1,5.7040324,0.12338475,1.1700570715030876e-08,1.4296634842428352e-08
TMEM120B,5.700247,0.19553912,1.1963421853539655e-08,1.4614951594560454e-08
CCDC93,5.6978216,0.036479715,1.2134777140062476e-08,1.482139121207162e-08
NUP153,5.6887226,0.011865692,1.2799324027462089e-08,1.563001583365271e-08
SERGEF,5.6877527,0.15202698,1.2872190352706679e-08,1.57159295172781e-08
HGSNAT,-5.6871586,-0.3509721,1.291704733255459e-08,1.576761914389493e-08
OSBPL2,5.686402,0.1496668,1.2974396123887973e-08,1.583453416914615e-08
ZFAND1,-5.6795197,-0.28857115,1.3507366056055946e-08,1.6481779217219817e-08
ZNF136,5.6745315,0.15266222,1.3906878069826174e-08,1.6965293926628786e-08
ANKFY1,5.6745048,0.12331403,1.3909046123669924e-08,1.6965293926628786e-08
S1PR5,-5.673158,-0.21987683,1.4018872160330967e-08,1.7095918954196985e-08
RBMXL1,5.668445,0.18882059,1.4409907513013763e-08,1.7569359072581193e-08
GCC2,-5.666267,-0.096598044,1.4594219630989233e-08,1.77906153568723e-08
ZNF431,5.6657376,0.04729172,1.4639354897480717e-08,1.7842159407488674e-08
LARS,5.665159,0.03090246,1.4688792310190225e-08,1.789892572897352e-08
ZNF493,-5.663425,-0.29998016,1.4838120168034117e-08,1.8077367044054807e-08
PDE4B,-5.660018,-0.09562093,1.5135710993022303e-08,1.8436333327949284e-08
PRR5,5.6564054,0.09733374,1.545762114723135e-08,1.882163534981741e-08
AVPI1,5.6564007,0.19180341,1.5458050260128174e-08,1.882163534981741e-08
CDK16,5.6530604,0.05129162,1.576160515361175e-08,1.9187507655379472e-08
ARL4C,-5.6528068,-0.073185325,1.5784894883225373e-08,1.9212121087443177e-08
SUPV3L1,5.6452184,0.050317094,1.649717659267926e-08,2.0075148174246536e-08
CALM2,5.6423717,0.036794864,1.6772335769718924e-08,2.0406015670043096e-08
BTBD7,5.640192,0.09795967,1.698605752192456e-08,2.0662021360521105e-08
GPKOW,5.639556,0.1459916,1.704893202166646e-08,2.07344709812491e-08
AKAP17A,5.6352663,0.026364911,1.7478817627423127e-08,2.1253155117037724e-08
SIK3,5.6334114,-0.037429508,1.7667930184822275e-08,2.1478929505683666e-08
PRMT9,-5.632153,-0.22941534,1.7797347696628164e-08,2.1632058906179485e-08
BSCL2,5.6231833,0.12131342,1.8747041177856986e-08,2.2781952138436927e-08
ELP4,5.6180506,0.117201075,1.93124075338243e-08,2.346444387873467e-08
LRCH1,5.617144,0.116391376,1.9413923369475543e-08,2.3583204776590096e-08
PARG,5.612748,0.18017422,1.9913823750182924e-08,2.4185766138836026e-08
RYBP,5.6092787,0.16371119,2.0317139947380666e-08,2.4670812793247953e-08
TSPAN31,5.6069098,0.1929042,2.0597095988988757e-08,2.5005905784419496e-08
RAB6A,5.5993943,0.0019998238,2.1510201776459883e-08,2.610939509381704e-08
GGA3,5.594278,0.15098047,2.2154202537025873e-08,2.6885876056573006e-08
UBP1,5.591788,0.12877296,2.247432239595195e-08,2.7269076980037897e-08
TTC3,-5.58301,-0.14077988,2.3639085090999143e-08,2.8676772606028823e-08
RNF13,5.580382,0.019670919,2.399912384217293e-08,2.910789429170877e-08
MTF1,5.5801883,0.13056117,2.4025852209592243e-08,2.9134663970383617e-08
NPIPB5,5.5786743,0.12287268,2.423588174732295e-08,2.9383658180475266e-08
TRIM23,5.5737653,0.17527956,2.4929187217196457e-08,3.021836760914184e-08
METAP1,5.5735326,0.027899662,2.496246431695033e-08,3.025284323263101e-08
RARS,5.569507,0.12266661,2.554607381719546e-08,3.095414251411482e-08
ERO1B,-5.5642977,-0.24833235,2.6321033661595358e-08,3.188698423449662e-08
ITPR2,5.5561757,0.044175483,2.757495066043031e-08,3.339959173894521e-08
NARS,5.554623,0.04991303,2.7821132305118642e-08,3.369125120031402e-08
TMEM245,5.554298,0.048023105,2.7872941791794245e-08,3.3747459618630693e-08
MDP1,5.539919,0.12848404,3.026114081327534e-08,3.663190730028068e-08
SENP5,5.533513,0.06634349,3.138798253246273e-08,3.798862811435226e-08
RNPEPL1,5.5334697,0.03872538,3.139573561127428e-08,3.799066189248199e-08
DCAF10,5.512296,0.085341044,3.5418236256118804e-08,4.284983291786487e-08
DXO,5.5111294,0.15023448,3.5653882703814444e-08,4.3126583564397365e-08
MLLT3,-5.508815,-0.25317207,3.6125781368081934e-08,4.368894031291718e-08
G3BP1,5.4991093,-0.00075785635,3.8171456513344044e-08,4.615396829290304e-08
ZSWIM6,5.4980793,0.10040843,3.8395009752329714e-08,4.6415300678371924e-08
MPZL3,-5.4962006,-0.2789295,3.880610679778951e-08,4.690320790706554e-08
NUP133,5.4935346,0.057181947,3.9396826020921326e-08,4.760798601253309e-08
TRIM39,-5.489733,-0.44349948,4.025411161225763e-08,4.863455431562065e-08
TMIGD2,5.47684,0.22884224,4.329885386668608e-08,5.2303075842824506e-08
C12orf43,5.464489,0.15814303,4.6424230287360374e-08,5.6067564609599715e-08
EHD1,-5.4617357,-0.23062074,4.715010421965256e-08,5.693322756188891e-08
FOXJ3,5.458954,0.017311687,4.7894761754640366e-08,5.782123302528563e-08
TBPL1,5.4577093,0.0012944016,4.8231664091327354e-08,5.8216725941606e-08
STAT6,-5.4560146,-0.23994493,4.8693950093607374e-08,5.8763378045063214e-08
ACBD6,5.453939,0.029613292,4.926610138903544e-08,5.944237806939358e-08
KPNA5,-5.4493074,-0.29369384,5.056635343863876e-08,6.099944217356808e-08
STX17,-5.448369,-0.27044648,5.0833828040270516e-08,6.13102811297344e-08
SGF29,5.4439516,0.04592589,5.211142901141405e-08,6.283907091276143e-08
PCGF5,5.4437523,-0.00044830015,5.216973543442751e-08,6.289725667330478e-08
IMPDH2,-5.441162,-0.20784785,5.2934151375205607e-08,6.380656088695304e-08
KIAA2026,5.439924,0.09133015,5.330344220464449e-08,6.423932468353997e-08
SRSF1,5.4377017,-0.016377645,5.3972234236838284e-08,6.503279995871731e-08
ELOVL5,5.4317102,-0.016042786,5.58165492200915e-08,6.724212053165653e-08
HSPA5,5.4306607,0.025345292,5.6145716344944375e-08,6.762564525490413e-08
KDM5D,5.4281015,0.1253492,5.695660392399368e-08,6.858912688132906e-08
TCF12,5.418296,0.009730385,6.016984507118131e-08,7.24446787462106e-08
RALB,5.411062,0.16580006,6.265214292342943e-08,7.541885821223292e-08
PRNP,-5.409047,-0.13808697,6.336087373068274e-08,7.625733475551196e-08
ITCH,5.4070654,0.01817156,6.406567605491568e-08,7.709076156944653e-08
AEBP2,5.3943734,0.036950804,6.876303391723833e-08,8.272721926658518e-08
SPTLC2,5.394275,0.06311465,6.880065050144731e-08,8.275656018785895e-08
GCLM,-5.3938785,-0.36168543,6.895282066051197e-08,8.292365360479871e-08
SLFN11,-5.392991,-0.4066392,6.92943676008921e-08,8.331838626007706e-08
FAHD2B,5.3898706,0.1368127,7.050841654947437e-08,8.476184741228126e-08
TMEM135,5.387902,0.15999208,7.128502475224247e-08,8.567898460135041e-08
PGS1,5.38694,0.13247736,7.166739317455497e-08,8.61220153092616e-08
ACSL3,5.383701,0.022095542,7.296981791976478e-08,8.767028632726107e-08
IKZF5,5.3698893,0.10490698,7.878491684513125e-08,9.463871731627134e-08
ARHGAP26,-5.3692884,-0.29718304,7.904792172915052e-08,9.493641741938293e-08
C12orf57,-5.3665133,-0.028456884,8.027321084688853e-08,9.638948312056328e-08
BMI1,-5.3651357,-0.39863536,8.088840323214871e-08,9.710954723091966e-08
STX7,5.361273,0.10874461,8.263761093110685e-08,9.919050153204229e-08
SKI,-5.3520045,-0.3657974,8.698523483533329e-08,1.0438895628809612e-07
ISCA2,5.347232,0.04885908,8.930949944057169e-08,1.0715769629846884e-07
MAN1B1,5.3426695,0.08378383,9.158768879457664e-08,1.0987010184062731e-07
DOCK11,5.342453,0.038948864,9.16971672043443e-08,1.0998034471441295e-07
DNAJC27,5.3405623,0.14374597,9.265876235862118e-08,1.1111236674631668e-07
MAPKAP1,5.333187,0.02783579,9.650368621020123e-08,1.1570085491203889e-07
WDR13,5.328393,0.14793345,9.908552561243753e-08,1.1877352907288929e-07
SDCBP,5.32422,-0.011320449,1.0138702743194309e-07,1.215090505008115e-07
GAMT,5.318329,0.12817042,1.0472460675186331e-07,1.254849913502503e-07
ARL2,5.313044,0.042406328,1.0780887897298475e-07,1.2915594539544094e-07
TBC1D25,5.304888,0.1454306,1.1274243941731175e-07,1.3504053245159916e-07
TBC1D17,5.3020663,0.123282775,1.144992072102421e-07,1.37118499293123e-07
MED14,5.296117,0.0638509,1.1829115890227061e-07,1.416324382952354e-07
PSMG4,5.283617,0.10405245,1.266579076331215e-07,1.516211002971313e-07
TSPYL4,5.2808943,0.14676264,1.2855502117480558e-07,1.5386267695993566e-07
CRELD1,5.2764215,0.14544757,1.3173101976934498e-07,1.5763375280738756e-07
RUBCN,5.272984,0.092448175,1.3422311009515978e-07,1.6058515524102498e-07
AHCTF1,5.272428,0.010591643,1.3463066693177043e-07,1.6104196029161678e-07
ZNF107,5.2712903,0.009922542,1.3546814140169147e-07,1.6201274949512173e-07
C1orf174,5.266955,0.025209436,1.3870543816377046e-07,1.658526798838968e-07
SND1,5.2644625,-0.0049635665,1.406000977058065e-07,1.680860331067314e-07
NUP88,5.2627206,0.08650605,1.4193931237309022e-07,1.6965463091441582e-07
NKRF,5.2625246,0.15636064,1.4209050969214312e-07,1.6980290900363845e-07
NAA30,5.254241,0.11520449,1.486362653703521e-07,1.7759138200094015e-07
CHM,5.253711,0.12425444,1.490643793766334e-07,1.7806888626698845e-07
METTL4,5.2515726,0.10221265,1.5080591365848602e-07,1.8011489038707303e-07
BTBD9,-5.2481737,-0.3802217,1.5361426454583528e-07,1.8343402156876227e-07
NCOA7,5.245827,0.004937616,1.5558275149454018e-07,1.857491781201991e-07
PIK3C2A,5.245215,0.086217284,1.5610043308529453e-07,1.8633167513482212e-07
ZNF664,5.2396626,0.07988625,1.6087050351731784e-07,1.9198891072192682e-07
RFK,5.2393312,0.13722086,1.6115960937911522e-07,1.922972565851125e-07
ABCF3,5.237624,0.10761791,1.6265675230224073e-07,1.9404665186933982e-07
PUS7L,5.235117,0.07161546,1.648803795059673e-07,1.9666189784353315e-07
PEPD,5.2334685,0.05419754,1.6635825732039928e-07,1.983868200145669e-07
SFXN3,5.231715,0.12198121,1.6794414796118074e-07,2.0023986842865386e-07
PIGG,5.2234063,0.11982187,1.7566148000261725e-07,2.0940133744214433e-07
ANKRD49,5.2156425,0.062936634,1.8318127332804036e-07,2.1832387996574975e-07
DTWD1,5.215048,0.14989103,1.8377000104475136e-07,2.1898383362589798e-07
EFR3A,5.2116504,0.0072125345,1.871678816760543e-07,2.2299033855749302e-07
ARMC10,5.2073293,0.028532222,1.9157790194523854e-07,2.2820094336812878e-07
RSBN1,5.20261,0.021923838,1.96509095180551e-07,2.3403024927651381e-07
ANXA4,5.20157,0.10756802,1.9761201405066433e-07,2.3529896457955005e-07
SMCHD1,-5.1942005,-0.074442506,2.0560131908063032e-07,2.4476533818618903e-07
C6orf136,5.1853867,0.067485064,2.1556730890585604e-07,2.5658087604928375e-07
C12orf45,5.183804,0.13395081,2.174051599106909e-07,2.587191707059696e-07
KLHDC4,5.180216,0.039089516,2.2162933839647017e-07,2.636959187919965e-07
SFI1,-5.1789,-0.3262176,2.231983806122893e-07,2.6551227783047764e-07
SAMD8,5.1641436,0.124482304,2.415421007058889e-07,2.8727896996502684e-07
CREBL2,5.1619353,0.07791179,2.4440978695880797e-07,2.906344092785217e-07
CNOT10,5.152136,0.03127626,2.5753607437971456e-07,3.06185040159539e-07
EIF2AK4,5.146535,0.10112754,2.653419129492034e-07,3.154054735721483e-07
CARS2,5.1392455,0.06898494,2.7584409767270975e-07,3.278268759575365e-07
NXF1,-5.1377096,-0.29754692,2.781068357862655e-07,3.304532506512587e-07
TRMT61B,5.1344385,0.13262044,2.8298774085098656e-07,3.361890062217569e-07
FBXL12,5.124105,0.06400281,2.9895429782624796e-07,3.550898209988622e-07
NQO2,5.1050344,0.09602219,3.3073474821807754e-07,3.9276320896968355e-07
POGZ,5.10007,-0.0025632195,3.395277218601069e-07,4.031287583899846e-07
TSTD2,5.09404,0.1505518,3.5051268662334783e-07,4.1609247960449037e-07
RCE1,5.0923285,0.03634777,3.53692067416743e-07,4.197870563003499e-07
SHC1,5.0881114,0.06315598,3.616473481856078e-07,4.2914753608671517e-07
MEPCE,-5.083094,-0.4481898,3.713351462160276e-07,4.4055996107101623e-07
MMS19,5.080481,0.11690867,3.764801275662268e-07,4.465793852966088e-07
RAB4A,5.0797396,0.027343888,3.779525476220336e-07,4.482409740139227e-07
ZNF581,5.068564,0.07534584,4.0082836426719365e-07,4.752809414055276e-07
MAT2A,-5.0677114,-0.14292787,4.02627589802984e-07,4.773238964956353e-07
WDR74,-5.0603714,-0.20420739,4.184406279685455e-07,4.959766139771164e-07
WDR45B,5.057002,0.037436366,4.258990199822872e-07,5.047213996986529e-07
PNMA1,5.053299,0.06543974,4.342429566624917e-07,5.145121092576796e-07
AMFR,5.0506916,0.10970899,4.4021371545640647e-07,5.214877871416927e-07
AKAP10,5.0459533,0.10199348,4.5126600491535367e-07,5.344793878739971e-07
MFSD14C,5.0387583,0.027525516,4.685616848311222e-07,5.548593413408102e-07
TMEM185B,5.037909,0.16443242,4.706452490475128e-07,5.572211729828236e-07
EBPL,5.029196,0.044092648,4.925416570171805e-07,5.830351194511791e-07
RNF146,5.025779,0.13487184,5.013937652693082e-07,5.934013234061279e-07
LMBR1L,-5.0211954,-0.26928827,5.135090172170091e-07,6.076248178001908e-07
ADI1,-5.0166893,-0.34621125,5.256953118398713e-07,6.219269801191822e-07
FAM219B,5.008501,0.13969573,5.485557725463727e-07,6.488494825203455e-07
KLHL11,5.0049524,0.14530455,5.587580753932877e-07,6.60792158725975e-07
AVL9,5.0015435,0.06157928,5.687310602201721e-07,6.724591783665464e-07
NLRC5,5.001475,-0.005189904,5.689337595361913e-07,6.725717308500401e-07
H2AFX,4.999301,-0.008908051,5.753856443720808e-07,6.800703931970032e-07
MID1IP1,-4.976482,-0.37268698,6.475024996337758e-07,7.651635129786364e-07
TOR1B,4.971469,0.06886985,6.644754049741489e-07,7.850723576049623e-07
ZNF84,4.960326,0.07379553,7.037485827831111e-07,8.313163017166055e-07
KLHL20,4.9506073,0.09350844,7.398224776170798e-07,8.737642854393904e-07
WDR6,4.949158,0.08349092,7.453509083817243e-07,8.801274599539576e-07
TTC17,4.948159,-0.0055327695,7.491854813278381e-07,8.84488464085102e-07
JMJD6,4.946202,-0.009400426,7.567551808062152e-07,8.93256681344091e-07
NUDCD3,4.945024,0.05254195,7.613442213499631e-07,8.985039518516071e-07
DHX40,4.9410973,0.09109068,7.768414305414409e-07,9.166201413555741e-07
RCHY1,4.938702,0.057428923,7.86441804540719e-07,9.277729453529584e-07
TSHZ1,-4.9379582,-0.45899585,7.894473825084587e-07,9.311430665484385e-07
CEP104,4.9376235,0.088045456,7.908031883195973e-07,9.325663988930068e-07
HDAC5,4.93596,0.1692638,7.975761492645453e-07,9.403762513756116e-07
MAPKAPK5,4.9245048,0.055764854,8.45741720530263e-07,9.969776151568355e-07
VEZF1,4.9221654,0.021474598,8.559175199457594e-07,1.0087829700038943e-06
PDLIM5,-4.920384,-0.27825433,8.637470799828515e-07,1.0178191245757617e-06
FRMD4B,-4.917678,-0.38524184,8.757677208958276e-07,1.0317896161816003e-06
PHF8,4.9139686,0.13087857,8.925109660730675e-07,1.0513177563082489e-06
TTC13,4.913414,0.05033196,8.950398361244945e-07,1.0540981202550522e-06
WDR44,4.90245,0.05862927,9.464858249784671e-07,1.114476815559061e-06
DIS3L2,4.887351,0.09714449,1.0220189060997912e-06,1.2031897396613272e-06
POC1B,4.8868165,0.10041705,1.0247947938569398e-06,1.2062307112641609e-06
DCK,4.885958,-0.0011973268,1.029269654679267e-06,1.2112699322184902e-06
SNAI3,-4.8857393,-0.29652268,1.0304145377582866e-06,1.2123891946992367e-06
ERV3-1,4.8688126,0.17017582,1.1227071145968087e-06,1.320732551507641e-06
USF2,4.864715,0.050551303,1.1462187469668173e-06,1.348137710288477e-06
PRRC1,4.863068,0.06375916,1.1557997026606328e-06,1.3591509285422778e-06
MEGF9,4.8589077,0.12512162,1.1803499908013967e-06,1.3877597335939745e-06
FUBP3,4.8577847,0.11861998,1.1870622872085564e-06,1.39538926508394e-06
PLEKHM1,4.8567085,0.06623356,1.1935304847844416e-06,1.402729046179122e-06
GAB3,4.8547254,0.09179524,1.2055382376173016e-06,1.4165753596044025e-06
USP28,4.8490252,0.060734063,1.2406957178218622e-06,1.4576135982523136e-06
TCEAL8,4.8440094,0.10947273,1.2724481051691828e-06,1.494636752898687e-06
TLE3,4.824313,0.02965052,1.4048642815553364e-06,1.649865016972064e-06
CWF19L2,4.814167,0.007846648,1.478151665344731e-06,1.7356075109603298e-06
XPC,4.808548,-0.0017895738,1.5203065543776758e-06,1.7847697136773765e-06
ZNF266,4.806522,0.05571784,1.5357866278318173e-06,1.802604342160572e-06
TGFBR3,-4.805201,-0.20323536,1.5459591159053028e-06,1.8142037571006518e-06
SRSF8,4.8047466,0.020210106,1.5494751976299304e-06,1.81798890404592e-06
ATF5,4.802623,0.13266084,1.5660059643084813e-06,1.8370398111220437e-06
CHMP7,4.800125,0.048985776,1.58566382965647e-06,1.8597512032866282e-06
TNFSF14,4.7986965,-0.0015671297,1.5970164365778592e-06,1.8727150566506256e-06
FCF1,4.793829,0.118740335,1.636276320428113e-06,1.9183929273984773e-06
MAP4K5,4.7857714,-0.004095828,1.7033196856717994e-06,1.9966213141395496e-06
MKNK1,4.784032,0.09839172,1.7181350710420194e-06,2.0136105291193093e-06
PPP3CA,4.781192,0.006128123,1.7425886768740178e-06,2.041887013021887e-06
EIF4A1,-4.772008,-0.08724871,1.823984555405618e-06,2.1368628049845593e-06
FAM3A,4.7703505,0.07754589,1.8390547435688467e-06,2.154114674361862e-06
CRTC2,4.7675295,0.03424896,1.8649868304774098e-06,2.184080421465121e-06
LARP1,4.7605615,0.048999153,1.9305502024563824e-06,2.2604383429846766e-06
CSNK1E,4.7588143,0.09539962,1.9473355877934988e-06,2.2796653138540657e-06
TSC2,4.756804,0.1450152,1.9668212992466914e-06,2.302045659137007e-06
TMEM184C,4.7430143,0.11951836,2.1056113391082516e-06,2.4640300294540258e-06
RRP15,4.742615,0.09990381,2.1097677951037805e-06,2.468432265975173e-06
COG5,4.737451,0.02227412,2.1642303873166774e-06,2.5316801239815132e-06
MAP3K7,4.7360973,0.052390654,2.1787279924810638e-06,2.548162707227806e-06
RARS2,4.7270203,0.11631045,2.278387253439121e-06,2.6642225528065684e-06
TRRAP,4.722957,0.054781467,2.3243986949955774e-06,2.717517891215162e-06
MAN2B2,4.7227917,0.08737433,2.326292164200205e-06,2.7192234266136925e-06
USP34,4.7160654,-0.010346192,2.404494276459397e-06,2.810109507478047e-06
STRN3,4.7011957,0.07141475,2.5864251841115786e-06,3.0221658483007164e-06
CHD6,4.6961493,0.015576884,2.6511196653677427e-06,3.09666162807433e-06
DNAJA3,4.696145,0.063068144,2.651170025570031e-06,3.09666162807433e-06
SCAP,4.6935425,0.12152809,2.6851396482701503e-06,3.135753899491891e-06
TMEM181,-4.6869574,-0.35013574,2.772964976788857e-06,3.2377134928688108e-06
MDM4,4.684113,-0.01591147,2.8117478132417866e-06,3.2823837133123004e-06
HPS5,4.679272,0.03159848,2.8789484358047754e-06,3.3602054877602008e-06
ZNHIT6,4.6766167,0.117832914,2.9164677685949016e-06,3.403361753465716e-06
WDR75,4.6727977,0.046227563,2.9712450673830195e-06,3.4666372886139817e-06
DGCR6L,4.659153,-0.01498701,3.1751317601123957e-06,3.703827016830719e-06
PEX13,4.656462,0.09641929,3.2168936333136035e-06,3.751843133857178e-06
ANKRD13A,4.6546474,0.025754383,3.2453547192351034e-06,3.784331616688687e-06
ING5,4.653316,0.03864307,3.2663881694916704e-06,3.808148413779331e-06
RAB2B,4.6445355,0.13215269,3.4084247273288896e-06,3.973002626079659e-06
IFITM3,4.6345215,0.04149367,3.5776379151963662e-06,4.169467734252695e-06
WDR60,4.629469,0.15754545,3.666046830181256e-06,4.271705898605688e-06
TFB1M,4.624851,0.070868134,3.7486725484806757e-06,4.366910493636593e-06
DGCR2,4.624825,0.10066163,3.749149018753539e-06,4.366910493636593e-06
B4GALT1,-4.6208005,-0.17196603,3.8226251664363885e-06,4.45166475078668e-06
MAP2K1,4.6155715,-0.025302684,3.920147954892049e-06,4.564385930728581e-06
UBR4,4.612735,-0.0063339192,3.974052276436171e-06,4.6262878752111435e-06
BEST1,-4.60953,-0.3447419,4.035803550421891e-06,4.697299909104995e-06
RRAS2,-4.6092577,-0.33407423,4.041095429063486e-06,4.702584264178045e-06
PLOD3,4.609007,0.1748585,4.045969521098332e-06,4.707380569832837e-06
HELB,-4.6056285,-0.22819225,4.112223971730938e-06,4.783576267599247e-06
ZNF160,4.594472,0.038348418,4.338464820469545e-06,5.04581444819808e-06
EIF3H,4.59202,0.024895115,4.389758292477626e-06,5.104521910360601e-06
PIK3R4,4.589248,0.11062199,4.4484496657101555e-06,5.171808420123162e-06
SYVN1,4.5739145,0.09647609,4.786953779035983e-06,5.564322341443535e-06
MYO5A,4.5732884,0.016962962,4.801283916815321e-06,5.5799428169416025e-06
TRDMT1,-4.5725346,-0.37968454,4.818597624065888e-06,5.59902428234699e-06
CCNG1,-4.570611,-0.18727604,4.86303764197189e-06,5.6496125326232394e-06
NOL9,4.561196,0.049889605,5.086306528001415e-06,5.907897073742453e-06
UMAD1,4.5598025,0.043317176,5.120179989001396e-06,5.946138112343185e-06
USE1,4.555465,0.03505923,5.226975997274697e-06,6.0690352336582234e-06
TAMM41,4.5518045,0.08642479,5.318771011849733e-06,6.174472341831867e-06
JCHAIN,-4.537042,-0.3872393,5.704874493967672e-06,6.621464718786968e-06
DSTN,-4.5310473,-0.10141221,5.869192001786869e-06,6.81091915473542e-06
RABGGTA,4.5238485,0.039180532,6.072515474638362e-06,7.045559497280711e-06
FGR,4.52315,0.29812947,6.092599872470823e-06,7.0675514189092285e-06
PARD6A,4.5199666,0.056583017,6.184944431505981e-06,7.173343041064408e-06
ATXN7L1,4.512658,0.08244446,6.402012189308475e-06,7.423723495146213e-06
NR4A1,4.4837766,-0.059218496,7.333344396778894e-06,8.502113147933423e-06
RAB11FIP4,4.481344,0.06979463,7.417435674401279e-06,8.59801326274864e-06
AP3M2,-4.473895,-0.3752346,7.680746444764793e-06,8.901583875222036e-06
TMEM175,4.472835,0.067542724,7.718933290572918e-06,8.94418349061385e-06
CCNL1,-4.4707,-0.06922883,7.796401237290208e-06,9.032275211201397e-06
ODC1,-4.4656706,-0.130087,7.981829530868914e-06,9.245385214796507e-06
CERK,-4.4624214,-0.25084504,8.103873349199122e-06,9.385011416621569e-06
TIMM9,4.462289,0.042018913,8.108883193485857e-06,9.389075191272909e-06
RINT1,4.4614277,0.08760307,8.141539314900558e-06,9.425142478537729e-06
ASAH1,-4.4548216,-0.20340379,8.396307510289497e-06,9.718279331058481e-06
SEC24C,4.4480033,0.023958677,8.667227311620365e-06,1.002999890149778e-05
MTMR12,4.4433484,0.041970953,8.856959275799562e-06,1.0247667325578335e-05
ENO2,4.437311,0.004107127,9.108947355241456e-06,1.0537273419820738e-05
ECHDC2,-4.4366574,-0.24572614,9.136645209071577e-06,1.0567360404502085e-05
KDM4B,4.432451,0.1447125,9.316795082439438e-06,1.0773728287567675e-05
IL16,4.431306,-0.011471735,9.366418873764473e-06,1.082911041845695e-05
TBC1D23,4.4239798,0.043102827,9.689900433319796e-06,1.120103789926989e-05
WDR70,4.4227333,0.08717843,9.746004560554663e-06,1.126381018489377e-05
ITFG2,4.412131,0.016288588,1.0235815244651137e-05,1.182771706142178e-05
FAM122B,4.4087343,0.04833389,1.0397644219884165e-05,1.2012495335105325e-05
EMD,4.4070725,0.006172894,1.047771177000372e-05,1.2102763078497651e-05
TP53BP2,-4.407012,-0.2998993,1.048064410104385e-05,1.210391535834047e-05
MAP3K4,4.4058714,0.023450322,1.0535940469037449e-05,1.2165530375470335e-05
UXS1,-4.4023247,-0.29681686,1.0709714136739712e-05,1.2363899545939036e-05
GK5,4.401632,0.06856408,1.0743980464523125e-05,1.2401170071228168e-05
ZFP90,4.392682,0.03691438,1.1196084220465114e-05,1.292062403306212e-05
ITPKB,-4.3872724,-0.27448013,1.1478113389855372e-05,1.3243651303381632e-05
MED23,4.381367,0.049273044,1.1793686329406124e-05,1.360525570288857e-05
BLVRB,4.377515,0.027881708,1.2004027562317135e-05,1.3845353324088493e-05
PNPLA6,4.3773713,0.12813534,1.2011915730100435e-05,1.3851897660370198e-05
LRRC58,4.3771634,-0.0101518985,1.202337789399865e-05,1.3862560284713519e-05
HERPUD2,-4.376458,-0.11386077,1.2062324709212979e-05,1.390490204179775e-05
TMEM128,4.3715234,0.088717505,1.233827565196348e-05,1.4218027239406352e-05
CNN2,-4.371519,-0.03844929,1.233850221910759e-05,1.4218027239406352e-05
KLHDC2,4.3635216,-0.0065430603,1.2798534435945152e-05,1.4745420153088927e-05
MON2,4.3574405,-0.0143107055,1.3159219393720443e-05,1.5158180174390552e-05
TMEM170A,4.3539395,0.011286118,1.3371254044561749e-05,1.5399588605077008e-05
EGLN2,-4.352188,-0.19348407,1.3478558013615194e-05,1.5520312706272162e-05
AKAP7,-4.3521304,-0.3400058,1.3482093870246746e-05,1.552152728234517e-05
FAM107B,-4.350862,-0.09331812,1.3560330304217448e-05,1.5608726105461704e-05
FASTKD2,4.349776,0.04861314,1.3627684606657748e-05,1.5683369186764326e-05
B4GALT5,4.3435807,0.085233346,1.4017901151502162e-05,1.6129481258745177e-05
TTC5,4.341133,0.11387812,1.4174972793844358e-05,1.6307214012190197e-05
ABHD14B,-4.3343763,-0.11464512,1.461739084111554e-05,1.6813090108847e-05
PYGO2,4.333574,0.060167592,1.467081541223626e-05,1.68714377240717e-05
PMS1,4.328085,-0.016904546,1.5041153238630287e-05,1.729414715325695e-05
KIAA0319L,4.3232365,0.03596399,1.5375684988254704e-05,1.7675539376428046e-05
CALCOCO1,4.321478,0.06355854,1.5498759827056423e-05,1.78137500419006e-05
ZNF567,4.3153768,0.09750811,1.5933086534795966e-05,1.8309586583703814e-05
ZNF14,4.30896,0.110984005,1.640242005000109e-05,1.8845461860937892e-05
ZBTB24,4.3053575,0.06064252,1.6671633291247768e-05,1.915125557657841e-05
LMBR1,4.298049,0.0038003407,1.723082412202981e-05,1.978998268907995e-05
IFNAR2,4.294402,0.09820734,1.7516473565874628e-05,2.011436465273709e-05
ZFAND5,4.294015,-0.008763461,1.7547058700556463e-05,2.0145788076836344e-05
SPSB3,-4.288821,-0.12438052,1.7962392089885104e-05,2.0618848608132334e-05
EPOR,-4.285684,-0.40610406,1.8217771564916787e-05,2.0908159770706187e-05
ERO1A,4.2824535,-0.016342448,1.848439190629077e-05,2.1210263346616847e-05
HIBADH,4.2793446,0.056706555,1.8744457351680726e-05,2.1504735960409798e-05
PIGK,4.2746525,0.07424283,1.9143556312847066e-05,2.1958578711619223e-05
ELP3,4.2646365,0.07192046,2.0022777652975078e-05,2.2962877542990302e-05
TMEM116,-4.262505,-0.41408706,2.0214781092673065e-05,2.317882524115885e-05
ARID1A,4.259333,-0.027535193,2.050375874165939e-05,2.350586671941014e-05
GTF3C2,4.2558923,0.09652254,2.082168531230239e-05,2.3865969826633155e-05
DDX20,4.2527614,0.08052996,2.11150720497323e-05,2.4197818417865043e-05
FASTKD1,4.251895,0.086220235,2.1196951395431656e-05,2.428720291754953e-05
ZDHHC17,4.248161,0.10931287,2.1553262189595273e-05,2.4690937238254538e-05
NRF1,4.2473907,0.059315767,2.1627463705938252e-05,2.4771404786589105e-05
TMBIM1,4.2445245,-0.020295884,2.1905753965372463e-05,2.508555680164198e-05
GSE1,-4.2441225,-0.39618328,2.1945067266162872e-05,2.5125977455548122e-05
LACTB,4.241699,0.11293797,2.218338920330023e-05,2.5394196313970035e-05
ZNF280D,4.235829,0.06515917,2.277102594721978e-05,2.6062118244750626e-05
RASSF2,4.232898,0.08674358,2.3069900169982817e-05,2.6399358965321476e-05
ZXDC,4.222688,0.047117606,2.4140560883305667e-05,2.761948589721292e-05
HMGA1,4.2225056,0.006677044,2.4160156543946984e-05,2.7636851223063144e-05
KAT6A,4.2210603,-0.026415117,2.4315595474564345e-05,2.78095731789533e-05
CELF1,4.2199407,-0.016916981,2.4436686719265153e-05,2.794295597070422e-05
QTRT1,4.219388,0.04263667,2.449664096860154e-05,2.800639362199767e-05
MVB12B,4.215617,0.049991682,2.4909617865150446e-05,2.84733362624486e-05
STK40,4.2105627,0.06974744,2.5473555049690906e-05,2.9112634342503894e-05
NAA25,4.2089567,0.10151342,2.565525460770352e-05,2.9314935675943966e-05
CORO7,-4.202844,-0.21052426,2.635818255294523e-05,3.0112635144489654e-05
THAP5,4.1925235,0.028065447,2.7586849234385454e-05,3.151055848280362e-05
MECP2,4.192284,-0.017498426,2.7616003985349226e-05,3.15381016670947e-05
IFFO2,4.182767,0.039738234,2.8798268737092713e-05,3.2882272169967514e-05
SURF6,4.18123,0.08084355,2.8993612107975646e-05,3.309927688822913e-05
KIAA0586,4.174762,0.06395356,2.982977550706692e-05,3.404763283565237e-05
DDX58,4.16991,-0.04734823,3.0472030316105026e-05,3.4774356376788224e-05
PTP4A1,4.1675954,-0.02765698,3.078297219652682e-05,3.5122793007746085e-05
FOXO3,-4.1597495,-0.31264243,3.185967638873965e-05,3.634466365571758e-05
SNAPC3,4.158551,0.09550479,3.202722048028419e-05,3.6529132420174634e-05
AHCY,4.154046,0.016641913,3.266474322737436e-05,3.72494775119311e-05
CHD2,-4.1531577,-0.09043085,3.279184779252924e-05,3.738760703299853e-05
GNPDA1,-4.1513267,-0.26214534,3.305532841347344e-05,3.768114696696243e-05
SLC25A37,-4.1505527,-0.410854,3.3167311112498674e-05,3.780191261063795e-05
SLC9A8,4.1496854,0.05459403,3.329328644408824e-05,3.7938579233919125e-05
GMPR2,4.149151,0.024042634,3.3371096232112444e-05,3.802032016537889e-05
KIF2A,4.1484046,-0.018386839,3.34800287103387e-05,3.8137483541857045e-05
SPATA2L,4.144219,0.098209836,3.4097358002316874e-05,3.883361945430445e-05
MTR,4.1435204,-0.006148099,3.4201451879065335e-05,3.894508244547374e-05
ATXN3,4.141908,0.039645065,3.444284730302124e-05,3.921282124252973e-05
OSBPL9,4.1398673,-0.0125882095,3.4750663110525905e-05,3.955606776190867e-05
WARS2,4.138189,0.029734613,3.500582820816127e-05,3.983926892309567e-05
RBMX,-4.137104,-0.073980175,3.51716529524534e-05,4.0020709507193245e-05
PCSK7,4.127484,-0.01739583,3.66754492611701e-05,4.172424269464996e-05
POLR1C,4.1257277,0.03319282,3.695642580812783e-05,4.2036254519208676e-05
TTC32,4.111163,0.09207508,3.936712037502187e-05,4.477016998111922e-05
ZNF217,4.109666,-0.031684432,3.96232408083887e-05,4.5053252362282754e-05
PHF3,4.1078706,-0.012835492,3.993236081509897e-05,4.539648360153719e-05
INSIG2,4.10653,0.09696651,4.016466721245058e-05,4.5652281628105164e-05
KDM6A,4.1023293,-0.026742533,4.090116172594364e-05,4.648095690417864e-05
TAF1,4.0978885,0.036546107,4.1693617923558e-05,4.737291567921882e-05
HACD2,4.0941324,0.036038246,4.23751671132983e-05,4.813855919026587e-05
PLEKHA1,-4.0911145,-0.1910061,4.2930477996082694e-05,4.876054290913096e-05
UBE2Q2,-4.088313,-0.26616663,4.345218008356663e-05,4.934413479811088e-05
GCN1,4.0850797,0.08262292,4.406171925374205e-05,5.002724421985668e-05
LIN7C,4.083718,0.08027135,4.4320879517348236e-05,5.0312361143264486e-05
OXR1,4.0831513,0.025953513,4.4429047074442534e-05,5.0426001178830276e-05
DIMT1,4.0733104,0.0021681201,4.634958888855795e-05,5.259623219423518e-05
XPOT,4.0633583,0.04376811,4.837173874371012e-05,5.4880957123803136e-05
STK19,4.052889,0.014359331,5.058905038631061e-05,5.7386237391978094e-05
PRDM4,4.0518103,0.08139403,5.0822904404066864e-05,5.764106054239346e-05
NUCB2,-4.050467,-0.11543237,5.111550713128824e-05,5.796240939157861e-05
SNX27,4.044486,0.06886758,5.243800446093695e-05,5.9451278707434136e-05
BAG6,4.036778,-0.014406543,5.4190288362464455e-05,6.142678818546433e-05
JADE2,-4.032411,-0.19831075,5.5207503580897924e-05,6.256850405835098e-05
LPCAT1,-4.0219603,-0.2534677,5.771580510474279e-05,6.539939806833379e-05
RIC1,4.0054283,0.009028131,6.190516250543315e-05,7.013377338536577e-05
ZFY,3.9997413,0.106592536,6.341178705566093e-05,7.182765522727046e-05
DDX6,3.9816632,-0.008424002,6.843473109826819e-05,7.750320017211546e-05
BICD2,3.978333,0.0855639,6.940014088530457e-05,7.858231337166794e-05
NFATC1,3.975022,0.031266186,7.03727395689875e-05,7.966917458262501e-05
DAP,3.9690006,-0.01191198,7.217468426985205e-05,8.16943775632702e-05
MIS12,3.9685292,-0.0015850224,7.2317618832144e-05,8.184135734694154e-05
HNRNPH2,3.9681976,0.07127142,7.241827773712994e-05,8.194044954304303e-05
MFSD11,3.9648423,-0.024151227,7.34444838041152e-05,8.308656250968259e-05
PCED1A,3.9631066,0.13526428,7.39806934974224e-05,8.36780362538193e-05
ZDHHC7,3.9611335,0.025014859,7.459479051900038e-05,8.435737698605682e-05
NCOA5,3.958304,0.05408306,7.548387955981118e-05,8.534739752867862e-05
MRPL45,3.9569497,0.08428269,7.591291818764877e-05,8.581698882940562e-05
SCAMP1,3.9555578,0.056115393,7.635628067411516e-05,8.63026001621074e-05
MTMR3,3.9490755,0.06367609,7.845364169929101e-05,8.865715001278262e-05
DIP2A,-3.9424596,-0.1679277,8.065020541040354e-05,9.112293390779927e-05
ETS2,-3.940141,-0.34892887,8.143372276010862e-05,9.199157991824477e-05
CLCN3,3.9378743,0.021465443,8.220664278542801e-05,9.284794317848667e-05
NCK1,3.933427,-0.01688097,8.374328026461276e-05,9.456641901361325e-05
CASK,-3.9284196,-0.29544556,8.550593161257326e-05,9.65394528367187e-05
MBTPS1,3.9282517,0.0103058405,8.55656391965839e-05,9.658943320350575e-05
BBX,-3.9279943,-0.11857772,8.565727720576118e-05,9.667543319488398e-05
XPO4,3.9267693,0.0040780716,8.609450392844869e-05,9.715137384133748e-05
IFRD2,3.9262774,0.04409892,8.627062519251668e-05,9.733255747599357e-05
ZNF460,3.924702,0.015714629,8.683718753119016e-05,9.795410118916798e-05
PKN2,3.9240518,-0.027629115,8.707205090466047e-05,9.820132512341012e-05
ITPR3,3.9116588,0.01879784,9.16643411317133e-05,0.00010336195351838472
TNFRSF10A,-3.9040504,-0.2822646,9.459613137952705e-05,0.00010664865703916403
RBM14,3.9000044,0.06797822,9.619097553023629e-05,0.00010842716088597445
MOAP1,3.8907223,0.043791685,9.994629221864511e-05,0.00011263988544763895
PPA2,3.886138,0.0070757642,0.00010185168563829515,0.00011476659678551413
ESD,-3.8721101,-0.19871746,0.00010789713272616285,0.0001215567193111606
FAM76A,3.8671193,0.09127502,0.00011012854194077608,0.00012404828202763687
LDHB,3.8660998,-0.012399723,0.00011058971213368233,0.00012454531757125412
STK38L,3.8604746,0.09105742,0.00011316695650713,0.00012742485239535732
TBL1X,3.8544035,0.076910764,0.00011601215471744087,0.0001306050098816466
MFSD8,3.8535314,0.053663477,0.00011642634306105939,0.00013104771539942201
RSL24D1,-3.8490593,-0.0687969,0.00011857228399063182,0.0001334391452860933
ZNF639,3.8472035,-0.007814711,0.00011947369252327339,0.00013442939216287738
STK4,-3.8460062,-0.02786334,0.00012005875885890796,0.00013506340503890093
BCL2,3.8361933,-0.010952035,0.0001249560678679776,0.00014054749381195038
S1PR4,3.830025,-0.027490126,0.00012813020469697935,0.00014408888558909298
DENND4B,3.8299859,0.096560754,0.00012815066486856032,0.00014408888558909298
SMIM20,3.8287725,0.016609369,0.00012878400329989465,0.0001447749729818762
COG1,3.8271542,0.07850927,0.00012963335147853406,0.0001457036016618234
ELP2,3.8266668,-0.0050039003,0.00012989017303512507,0.00014594884152871481
ALG2,3.8266516,0.023574833,0.00012989820166750066,0.00014594884152871481
STIM2,3.825172,-0.042746995,0.00013068082437624624,0.00014680180235191172
IFNAR1,3.8235726,-0.007489041,0.00013153183494109104,0.00014773126739523617
KLF13,-3.8225338,-0.12808217,0.00013208739208657168,0.00014832861692579293
LPAR2,-3.8102465,-0.19158024,0.00013882838269406363,0.00015587048853805851
RIOK2,3.8043058,0.01299089,0.00014220247983149297,0.00015963012988082182
ANAPC2,3.794165,0.07776473,0.0001481411705314398,0.00016626680352434288
UBAC2,3.7906842,-0.019438285,0.00015023281131380307,0.00016858411974513937
E2F3,-3.7797537,-0.5204229,0.00015698359729554242,0.00017612793842914517
NDE1,3.754579,-0.038039695,0.00017363303201764214,0.00019477286144923243
DDHD2,3.753205,0.012920549,0.0001745878438752266,0.0001958088116320218
ZFYVE16,3.752139,0.080821574,0.000175332152062928,0.00019660834258929512
ERF,3.7487128,-0.029208237,0.00017774448632499552,0.0001992776893278086
ZBTB4,-3.748125,-0.23664583,0.00017816135202493197,0.00019970926684608034
TSEN34,3.7471313,0.017191945,0.00017886843384589467,0.00020046594807236065
SLC7A6,3.7430673,0.032456167,0.0001817875441582072,0.00020370103461467745
RTN4,3.7333431,-0.030058185,0.0001889549537555601,0.0002116945183908997
MKRN1,-3.7229996,-0.16575792,0.00019686980152110805,0.00022052237749615973
ZBED5,3.7143,0.012923618,0.00020376704379394968,0.0002282074160356157
FCHSD2,-3.7068248,-0.3554991,0.00020987408592474085,0.00023500488304012507
CCNC,3.7004974,-0.013453033,0.00021517730538606116,0.00024090000402562608
TNPO1,3.6996129,-0.019799909,0.00021592859679279923,0.00024169785320017032
GATAD2A,3.6774552,-0.052477133,0.00023557242885395937,0.00026363883987663147
ZNF91,-3.6716738,-0.2079051,0.00024096708215640594,0.0002696279853282911
ANKH,-3.6672733,-0.28319255,0.0002451508286126087,0.0002742602975322747
MCFD2,3.6671476,0.0012056913,0.0002452712843585677,0.00027434599587827633
ATR,3.664654,0.0028424445,0.0002476732188129144,0.0002769831349470133
TWISTNB,3.6643715,-0.07164128,0.0002479466799144382,0.0002772393975951252
NME3,3.6591778,0.00368873,0.0002530256558178284,0.0002828678525368718
RDH14,3.6543205,0.030018006,0.0002578640147166877,0.0002882253485916738
JADE1,-3.6277845,-0.21788211,0.0002858637139594113,0.0003194647007020502
TBCK,3.6214757,0.029897599,0.0002929273426381223,0.000327300134942685
ANKRD27,3.6175303,0.06805657,0.00029742759001187774,0.0003322691076989834
AKAP9,3.6068466,-0.024275279,0.00030994079863968485,0.00034618633034991405
FRA10AC1,3.6056612,0.026844468,0.0003113591307186205,0.0003477084473001945
TSNAX,3.598079,0.20523767,0.00032057623852513843,0.00035793770269735247
AP1S2,3.5974386,-0.00551837,0.0003213664500062896,0.00035875597987854174
CLINT1,-3.59558,-0.14159875,0.0003236695150828636,0.0003612625310184468
LYSMD3,3.5945642,0.022718702,0.0003249350899925331,0.0003626104036734369
PRKX,-3.5778935,-0.18460494,0.00034637446757396407,0.0003864666789981664
INPP4B,3.5764875,-0.041458964,0.0003482419240103272,0.00038848100510139206
ZMYND11,3.5703554,-0.029123394,0.0003564972791696342,0.00039761935790430227
MAD1L1,3.5641806,0.020355769,0.0003649946551154987,0.0004070243426742531
RRP1B,3.5610752,-0.028790873,0.0003693391692115225,0.0004117957302775414
HAGHL,3.5607526,0.08528128,0.00036979336661773816,0.0004122286709837081
ARHGEF2,3.554015,0.026290368,0.0003793977307232828,0.00042285982601191114
PIK3IP1,-3.547852,-0.05149287,0.0003883862098425292,0.00043280087794350956
AEN,3.5474474,0.06758518,0.0003889832687247214,0.0004333890167661366
GRAMD1A,-3.5452003,-0.16996367,0.0003923148241687898,0.00043702306623930715
ATP8B2,-3.534952,-0.25235006,0.0004078492340230121,0.00045424689479223136
ZNF140,3.5346067,0.06386962,0.00040838238922963376,0.00045475974137069937
ERC1,-3.5334432,-0.32429573,0.0004101843392856341,0.0004566850376527722
MLXIP,-3.5281334,-0.3217899,0.00041850131825757757,0.0004658619656618159
RNF168,3.525515,-0.053162467,0.0004226601219062229,0.0004703240346220794
SSR2,-3.5255463,-0.015776688,0.00042261042182994225,0.0004703240346220794
SYAP1,3.5223746,-0.043936636,0.0004276993559603296,0.000475846909281135
UTP3,3.5174053,0.026451327,0.00043578795507434847,0.0004847598589873976
USP25,3.497317,-0.034905285,0.0004699629333906801,0.0005226823308963724
THAP6,3.4906926,0.047888458,0.00048177038288366316,0.0005357190748880549
DCP1A,3.484924,-0.031022212,0.0004922767980507157,0.0005473047180745117
LUC7L,3.4810662,-0.04914723,0.0004994221599310666,0.0005551501479262176
TSPAN32,-3.4782243,-0.12678057,0.0005047473764655173,0.0005609699035651584
DDX18,-3.4776847,-0.096951924,0.00050576419526514,0.0005620001430868056
SDHAF3,3.4755135,-0.0065765046,0.0005098762372069975,0.0005664687870657034
PHF12,3.4680548,-0.012058518,0.000524240364683607,0.0005823238141798022
C6orf62,3.4639227,-0.05425723,0.0005323592645125786,0.0005912372729967498
ERGIC1,-3.4601455,-0.25361714,0.0005398834397336887,0.0005994871847664105
GTF3A,3.455665,-0.000364223,0.0005489368617179675,0.0006094319444379067
APOL3,3.454445,0.023540014,0.0005514270592991662,0.0006120879494278893
VGLL4,3.4506042,-0.0063524903,0.0005593333413150211,0.0006207538377269421
CHMP2B,3.4383724,-0.020301323,0.0005852223845432254,0.0006493705636222807
MAP3K11,3.4379652,-0.006637931,0.0005861029483316364,0.0006502323186314448
POLE3,3.4358156,-0.04168468,0.0005907728041863328,0.0006552969260620032
CMSS1,-3.4303844,-0.3495746,0.0006027267528327004,0.0006684379659140885
NBPF26,3.4250462,-0.009946667,0.0006146949959511274,0.0006815901975665106
IPO5,3.411986,-0.023745038,0.0006449141829873509,0.0007149713146852502
COG3,3.4067838,-0.009612668,0.0006573318396668795,0.0007285149902727081
CGRRF1,3.4067705,0.018637123,0.0006573636700910226,0.0007285149902727081
PDZD8,3.404421,-0.020305052,0.000663044484740911,0.0007346805342789833
MADD,3.4031422,0.01797612,0.0006661559179942531,0.0007379974186244107
WDR37,-3.4015648,-0.24554117,0.0006700124779053322,0.0007421384670282858
LMTK2,3.4012008,0.030005872,0.0006709050996180914,0.0007429956281130784
LINS1,-3.3869913,-0.19993287,0.000706636524464619,0.0007824279817788773
RNF149,3.383944,-0.014627818,0.0007145258554906491,0.0007910234917624315
MGAT2,3.3834515,-0.021118026,0.0007158085156076724,0.0007923032685140833
KMT2C,-3.3818867,-0.15150702,0.0007198981847713846,0.0007966890224535259
LETM2,3.3747196,-0.026567819,0.0007389090968888579,0.0008175831818423584
COMMD10,3.3683987,-0.015012853,0.0007560618338925444,0.0008364142940462877
METTL16,3.3514218,0.004323384,0.0008039775350521214,0.0008892651094918797
SLC30A7,3.3460977,-0.042475305,0.000819575193830709,0.0009063571526612896
SNRPD2,3.344772,0.030408673,0.0008235020067484092,0.0009105383446191361
ELK3,-3.3447232,-0.27718762,0.0008236471374999506,0.0009105383446191361
ICAM1,-3.341318,-0.3686543,0.0008338172995004437,0.0009216185557729286
POR,3.3353364,0.018198848,0.0008519624982150659,0.0009415081061355684
PURA,3.3349688,-0.039254352,0.0008530893325418137,0.0009425868711376874
TMEM43,-3.330049,-0.17375916,0.0008683069327739879,0.0009592315330097243
TMED4,3.329747,-0.032214187,0.0008692493388209622,0.0009601030832740006
TARSL2,3.3286073,0.0027659237,0.0008728139367007001,0.0009638700773167839
PDE7A,3.3274574,-0.028145919,0.000876423491378106,0.0009676853798202315
FNIP1,3.3063672,-0.021686258,0.000945141482134512,0.0010433748212870138
MYO9A,3.299595,0.010963849,0.000968244226982799,0.0010686901700784034
CRLS1,3.29243,0.0014577896,0.0009932561277898964,0.0010961034283742445
ZNF92,3.2790656,-0.053114615,0.0010415142973044876,0.0011491558102181437
TRIM14,3.275712,-0.01122819,0.0010539597643942208,0.0011626824697672801
IFT57,-3.2736063,-0.23541887,0.0010618441999709046,0.0011711737156237623
GTF2B,3.2721937,-0.040806163,0.0010671646865655483,0.0011768345283190676
VAMP2,-3.270152,-0.044923518,0.0010748971035514738,0.0011851526753292245
CLASP2,-3.249412,-0.26551044,0.0011564378824485907,0.0012748326682992747
BET1L,-3.246423,-0.18391828,0.0011686510184088631,0.0012880691985845398
DUSP22,3.2420003,0.0049795704,0.0011869390230531444,0.0013079955131619643
KHNYN,3.2372987,0.057031155,0.001206669769337549,0.0013295044165156228
CYB5A,-3.236917,-0.26515436,0.0012082856275197555,0.0013310503408634601
CRTC3,3.2341912,-0.0018894576,0.0012198777609785279,0.0013435836747678997
FTO,3.230991,0.03646345,0.0012336185049738218,0.0013584786775420225
RCOR1,3.2285275,-0.044741377,0.001244293147966763,0.0013699925965646022
ELL,3.224823,-0.022914046,0.001260505232309306,0.0013875982286339992
ARHGAP35,3.2143538,0.05491844,0.0013073843364743189,0.0014389508108696937
ADK,-3.208654,-0.19801573,0.0013335794688638025,0.0014675238623064113
MED11,3.1957943,0.026373899,0.0013944647002512873,0.0015342545136778146
SESN2,3.1889565,0.0041628205,0.0014278739894682507,0.0015707367114670963
MED13L,-3.185432,-0.3025579,0.001445381201750325,0.0015897160334300338
ZNF121,3.16892,0.02012204,0.0015300648892606554,0.0016825603704015927
NR2C1,3.166587,-0.0002445865,0.0015423916261468255,0.0016958175770078279
SEC24B,3.1658623,-0.022680858,0.001546239772198314,0.0016994511621350407
SPON2,-3.1658742,-0.08785582,0.001546175660017506,0.0016994511621350407
PRKCB,-3.164954,-0.14387673,0.0015510746123582545,0.0017044656200444826
PTAR1,3.1393595,-0.01900042,0.0016931764538755045,0.001860293624068345
PPP1R15B,3.1367323,-0.05111963,0.001708420555090427,0.0018767127291739617
BRWD3,3.1366644,0.04323445,0.0017088155394530161,0.0018768170672082284
YME1L1,3.126144,-0.038938098,0.0017711483793509835,0.0019449366791679397
MUTYH,3.1251388,0.019118862,0.0017772121521907466,0.0019512529350834173
ATG14,3.1210868,0.0041091563,0.0018018488129775195,0.001977955110368023
UBE2G2,3.1123977,-0.03100403,0.001855742975160225,0.0020367593074740995
SMAD5,3.093882,0.036499336,0.0019755601591023237,0.002167883591535544
HSF2,3.0894606,0.03322595,0.0020052027930652153,0.002200026073906697
CD160,-3.0877912,-0.30995202,0.002016501278081939,0.0022120343671191674
ABHD13,3.0857728,0.01157222,0.002030238416145151,0.002226713101578553
EEA1,3.0835688,-0.03586179,0.0020453378521674173,0.0022428805614652697
VKORC1,3.0824344,0.11110398,0.0020531492146245033,0.0022510517852595323
DYRK2,-3.0759158,-0.23704597,0.0020985704243562343,0.002300447971749185
SLC12A2,-3.06025,-0.38016456,0.00221152273030151,0.0024238413105757265
OCIAD2,3.0545137,-0.025188634,0.002254257343022007,0.0024702459166133606
FBXW4,3.0518677,0.0430032,0.0022742228827772205,0.002491687978048037
APC,3.0476696,-0.018870307,0.0023062323963388056,0.0025263158591307244
CRYZL1,3.044763,0.020858357,0.0023286367327455893,0.002550411659673741
BTD,-3.0425313,-0.33247688,0.002345973841570092,0.0025689501755404337
PHF10,3.0423267,-0.025208715,0.0023475687200309324,0.002570246747027216
SIDT1,-3.0222032,-0.22075349,0.0025094201165980863,0.002746969772430031
HERC3,-3.0117462,-0.28162712,0.0025974968315371624,0.002842886665167335
MSL3,-3.0024588,-0.19060265,0.0026780823672177675,0.00293057255366702
CDK5RAP1,-2.9797838,-0.25100344,0.0028845185131952224,0.003155919520557767
ZCCHC7,2.9775796,-0.034269314,0.0029053416326720264,0.0031781460489589434
MIB2,2.9749064,-0.005517092,0.002930779916398858,0.0032054124400334363
ZNF737,-2.9743152,-0.2849561,0.0029364330583326816,0.0032110339473744548
WDR47,-2.964728,-0.24158032,0.003029505806883972,0.0033122314449259226
MAN2B1,2.939237,0.0068173,0.0032902122866632437,0.003596639536146296
SETD3,2.9361694,-0.03840453,0.003322929252940326,0.0036317689389229
SNX29,2.933138,0.043164704,0.0033555482090768507,0.0036667789687309655
SAMD4B,2.9284365,0.0072170976,0.003406714475290945,0.003722040823859614
NUS1,2.9277642,-0.01807175,0.003414089885993953,0.0037294475863066476
ATF7IP2,-2.910419,-0.21116288,0.0036094462987130375,0.003942160622337424
ZNF841,2.9092524,0.014131794,0.003622941927231322,0.003956209582258535
HPS4,2.9042127,0.030918425,0.0036817795347920687,0.004019757900464081
MARCH9,-2.9001992,-0.2596973,0.003729256137612041,0.0040708822887630305
UBIAD1,2.8963451,0.01351045,0.003775370692264183,0.004120502276832647
FEZ2,2.89214,0.013693267,0.0038262762586824726,0.004175333032324708
CSTB,2.885959,-0.009634469,0.0039022301689413496,0.004257473306051113
MBD5,2.8848865,0.0012696339,0.0039155493279308335,0.004271260086405456
CYP20A1,2.8847783,-0.0445333,0.0039168946991696265,0.004271982782079007
SGSM3,2.8807635,0.050296456,0.003967132945816106,0.004326021214750838
RANBP6,2.8799431,0.038708534,0.003977467886835848,0.004336535221339328
ZNF274,-2.878352,-0.25851896,0.003997587748483035,0.004357711962800116
TRMT13,2.8750327,0.014296956,0.004039858346067406,0.004403023312368935
UBE2O,2.8745935,0.0042434167,0.00404547989990076,0.004408382207590865
ZNF224,2.8732393,0.00088243105,0.0040628616041155806,0.004426552106469361
CSPP1,2.8682818,0.0094083715,0.004127078244881,0.004495734198150015
TMEM8A,2.8506505,0.0034887604,0.004362988248286812,0.004751889707744132
CYP4V2,-2.8467085,-0.20620684,0.004417379316680655,0.004810291558773573
YWHAZ,2.8435745,0.030359672,0.004461055919639797,0.004856145259899774
EIF5A2,2.843533,0.015654571,0.004461637591867969,0.004856145259899774
DCUN1D1,2.8435204,-0.015039259,0.004461816328948833,0.004856145259899774
STIM1,2.842449,-0.031862676,0.004476838972812889,0.004871648045558781
RBM27,2.8395643,0.110806815,0.004517517652596678,0.004915059206025186
NPC1,2.834071,-0.038832933,0.004595914136544526,0.004999485104890029
UBL3,-2.82721,-0.13516513,0.004695554706110057,0.00510698717688187
SIN3B,2.807284,0.01961434,0.004996116138556118,0.005432134130433183
MAP2K5,2.8072758,0.016326081,0.004996243572012874,0.005432134130433183
XPNPEP1,2.7991736,-0.06812799,0.00512336038893449,0.005569373169969447
HDHD3,-2.7943428,-0.25348493,0.005200532071359429,0.005652280861435821
CENPT,2.7941694,-0.05887566,0.005203322697181371,0.005654331560459728
EXOSC6,2.7760649,-0.03531281,0.005502124605687651,0.00597799436144181
HNRNPDL,2.7745824,0.020572102,0.005527264905664808,0.006004266235429595
MAP3K13,2.7741761,-0.0051718154,0.0055341710427528,0.00601072466032318
CDC25B,-2.7719297,-0.14284271,0.005572506684235327,0.006051310851688284
TBC1D9B,2.7669213,0.0056361263,0.0056588418233120205,0.006143997647802846
DCAF8,2.7618015,-0.027711073,0.005748341493170648,0.006240087520610025
ICE2,2.7603812,-0.036801804,0.00577339285083473,0.0062661946000732265
CHD9,2.7589638,-0.039172165,0.0057984948703503035,0.006292347599117346
NANS,-2.7576635,-0.20946574,0.005821609432919305,0.006316335173836831
TNFSF9,2.7564697,-0.136625,0.005842902469991061,0.0063383384519271856
TRMT11,2.7557483,0.010475507,0.005855804283104779,0.006351232939511702
LPAR6,-2.7548745,-0.29552072,0.005871465900731644,0.006367115734958774
HEATR5B,-2.7534673,-0.2831574,0.005896764890579004,0.006393442141327947
DENND4C,-2.7523544,-0.16722412,0.0059168462508430815,0.00641410330016883
SOS2,-2.7493844,-0.29759246,0.005970731541494065,0.006471395794107219
SCOC,-2.7488635,-0.2739138,0.0059802295311732895,0.006480567460076234
RABGEF1,2.745978,-0.023357775,0.006033077975863891,0.006536705198649896
MLLT10,2.7452788,-0.04892071,0.006045952020344583,0.006549519625848608
AAK1,-2.7376006,-0.0971981,0.006188917807469602,0.006703232306705303
EOMES,-2.7364771,-0.18722071,0.00621009248037247,0.006725002346756131
MAPK8,2.7272673,-0.037256863,0.006386129415775693,0.006914438495170083
LRIF1,2.727105,-0.08625548,0.006389273407201577,0.006916645515738548
PCMTD1,2.7268057,-0.026636845,0.006395067253622737,0.006921719850979904
NCOA3,2.7185025,-0.03489428,0.0065578174479354046,0.0070966452091824755
PCMTD2,-2.7166722,-0.24226075,0.006594190039755673,0.007134772204896487
UBE4B,2.7120478,-0.009804357,0.00668689423820706,0.007233825065575543
PRDX2,-2.710107,-0.06687809,0.006726149278104959,0.007275032829153635
ATP13A1,2.6998284,-0.0133427745,0.006937523369794745,0.007502358893938794
RNF126,2.6810298,-0.05183844,0.007339596693006273,0.007935796216980167
SPTBN1,-2.675256,-0.17811912,0.00746721847703693,0.008072389630610513
SUMF2,2.674451,-0.04764875,0.007485167343193663,0.008090395110404209
THUMPD1,2.6728718,-0.032859128,0.0075204970842400005,0.008127177363794341
NAF1,-2.6715794,-0.23174632,0.007549521243192984,0.008157133833750484
MSH3,2.6684263,-0.030130403,0.007620747699868222,0.008232670973989914
PIM2,-2.6644235,-0.059204314,0.0077120400372890745,0.008329855399392343
IQSEC1,-2.6585412,-0.20064195,0.007847976995079739,0.008475219071503339
LEMD3,2.6570992,-0.047188703,0.00788162458212665,0.008510086880528877
USP9X,2.6508129,-0.04730806,0.008029830205648807,0.008668613937280231
FBXO11,2.645531,-0.015524898,0.008156280610620584,0.008803604468606344
NEK7,-2.6410198,-0.2054893,0.008265689119217611,0.0089201571726454
DCP1B,2.6296744,-0.006069668,0.00854666789217758,0.009221792744646936
ABHD5,-2.6293728,-0.23214582,0.008554250967003766,0.00922838317806097
ARL5B,-2.6243017,-0.26496652,0.008682685889321877,0.009365324641999597
NAE1,2.6223712,-0.05104959,0.008732026093735237,0.009416920400346085
WDR43,2.621461,-0.03307755,0.0087553774525303,0.00944047592951216
MIA3,2.608403,-0.050746676,0.009096577654554143,0.009806684440270674
ZNF250,-2.5977607,-0.2515687,0.009383383830029141,0.010114136671375312
YBEY,2.5921175,0.00021790928,0.009538714690204527,0.010279793126945654
ASH1L,2.591079,-0.04800035,0.00956755190423809,0.010309094852379174
METTL15,2.5901992,-0.03339888,0.009592042689452704,0.010333703989188241
SLC25A33,2.5847027,-0.039160907,0.009746301077531052,0.010498081876899839
SOS1,2.5798953,-0.018556712,0.009883028351474596,0.01064352304472802
GLIPR1,-2.5777996,-0.07248618,0.009943168856506784,0.010706448255818665
UBE2E1,-2.5737681,-0.20913446,0.010059766144912899,0.010830131991494596
FRAT2,2.5567737,-0.013080896,0.010564792695580446,0.011371875964134767
ATG16L2,-2.542367,-0.26301944,0.011010449242793185,0.011849539044024457
JOSD1,2.5341146,-0.04965164,0.011273183444901263,0.0121302090869113
SPRYD3,2.5306485,-0.014471927,0.011385192698458528,0.01224862691686269
NCR3,2.5257351,-0.04552794,0.011545651755688528,0.012419119220011595
C12orf76,2.517057,0.020935806,0.011833973824297074,0.012727065539763193
UBE2D1,2.511543,-0.057373915,0.01202046481425923,0.012925408710554441
MAP3K8,-2.505181,-0.106100194,0.012238868949802926,0.0131579934954403
C1QBP,2.5048227,-0.017639255,0.012251275725543046,0.013169068889862079
TAPBP,-2.4869697,-0.053131387,0.012883635218588207,0.013846421908175198
FBXL20,2.4862926,-0.0011115214,0.012908177097227264,0.013870414963973508
KLF10,2.4756138,-0.051826466,0.013300738854218723,0.014289785724195833
TASP1,-2.467933,-0.27251035,0.013589574895552589,0.014597592813629292
UNC119,2.4506495,-0.0064166794,0.014259875910668492,0.01531498432568963
TXLNG,-2.4463272,-0.18900344,0.014431991392716286,0.015497174416895484
VPS13A,2.443366,-0.07590953,0.014550965666782968,0.015622248363033164
ARHGAP4,-2.4416158,-0.10360944,0.014621702078887213,0.01569549900575127
USP24,2.4384162,-0.03206903,0.014751775446400788,0.015832408164811
ZNF138,2.4358475,-0.039349742,0.014856947149488297,0.015942549119588128
OGT,2.4347122,-0.045449264,0.014903634937015292,0.015989905705019323
SLC25A26,2.4278307,-0.023713376,0.015189430746571607,0.016293737783016456
CYHR1,2.4265273,0.0062900474,0.015244102156832638,0.016349580506282355
PRPSAP2,2.418436,-0.024924666,0.015587388197664729,0.01671489553729697
SLC2A1,2.405071,-0.032530606,0.016169320997189183,0.017335950669822714
POGK,2.4049337,-0.02195054,0.016175401894711713,0.017339498672603922
ANKRD36B,2.396352,-0.07639728,0.016559174942671007,0.017747849655876276
SELPLG,2.390845,-0.017573247,0.016809647252017813,0.01801321569178202
ANKZF1,2.388667,-0.00053802243,0.01690961389212163,0.01811723660029336
EXOC8,2.3666325,-0.0037244428,0.017950746619578815,0.019229429940425525
RRP12,-2.360819,-0.3245015,0.01823462456536526,0.01953018511914485
SEC23A,2.3599856,-0.02982854,0.01827564326773906,0.019570767593799308
NDEL1,-2.35553,-0.13381763,0.01849629907987686,0.019803670553433104
IRF2BP2,-2.3548434,-0.12720335,0.0185305147267639,0.019836909673277715
PLEKHF2,2.352865,-0.045374956,0.01862940057497625,0.0199393550037727
BAG5,2.3427901,-0.047237236,0.019140150083541817,0.02048251435556579
ORAI2,-2.3360403,-0.27971908,0.019489138851053887,0.02085241194667233
RFX1,2.3294358,-0.018025253,0.0198359935139796,0.021219900038210737
NKTR,-2.3244202,-0.113302656,0.020102985680914762,0.021501842779928663
RABL2B,2.3162997,-0.012745061,0.02054190613994216,0.02196754954042362
TMSB10,2.3092265,0.035838876,0.020931020407826954,0.02237984338939761
MOB2,2.3063087,0.010617552,0.02109338905716263,0.022549597050856015
SLC16A1,2.297655,-0.09288853,0.021581420852326835,0.023067378925705907
PRRC2B,2.2866955,-0.05136747,0.022213597590039085,0.023739027421128208
LTA4H,-2.285355,-0.14551783,0.022292018866793037,0.023818765163220706
ZNF44,2.2771652,-0.0069588246,0.022776363667942404,0.024332126213566885
ARIH1,-2.2749946,-0.14885499,0.022906250274265336,0.024466706797985988
SIK2,2.2746696,-0.06282855,0.0229257505011755,0.024483355263802308
CBFA2T2,-2.2721941,-0.2206454,0.023074783124376365,0.024638307428929602
A1BG,-2.2645166,-0.13201435,0.02354235665022982,0.025133273584272652
GCHFR,2.2598002,0.0011778151,0.023833657183318376,0.02543991798990612
SNRPN,-2.252098,-0.060130816,0.02431607026611805,0.02595041548700691
POLM,2.2445283,-0.012726522,0.024798429940716692,0.026460681853850185
BRAF,-2.2368295,-0.18352288,0.02529748335181442,0.02698858387601484
ZNF75A,-2.231094,-0.2655986,0.025674903019517723,0.027386563220818904
UQCRB,2.2273114,0.03551178,0.025926475854364556,0.0276501931375562
COQ10A,-2.2250462,-0.20759033,0.02607813319778621,0.02780719299221928
TMEM65,-2.2239938,-0.26286572,0.026148855149351436,0.02787785238826561
RPRD1A,-2.2195997,-0.22882052,0.02644594449103241,0.028189781689538042
SNAPC1,-2.2148466,-0.2525985,0.02677060117382137,0.0285309848285224
MSL1,2.2052238,-0.022186812,0.02743839345515463,0.029237708985768586
SRCAP,2.202671,0.012461633,0.0276179408505642,0.029424018726350414
WSB1,2.2024844,-0.03044437,0.0276311072210175,0.029433033675240167
ITPRIP,2.1780143,-0.052346706,0.029404966960309944,0.03131724094376898
PIBF1,2.1624663,-0.06321982,0.030582250722800006,0.03256554221648286
RILPL2,2.1580837,-0.07460216,0.030921318458729932,0.03292099528213316
HAX1,-2.1494951,-0.1085294,0.03159516506101883,0.03363269569878064
RPRD2,2.137231,-0.046252616,0.03257919452696337,0.034674283933426815
HUS1,2.1257253,-0.0453842,0.033526136056700816,0.035676051568416446
DOCK10,-2.1239321,-0.101020366,0.033675822960744596,0.03582924293238404
SMPD1,-2.123287,-0.16402085,0.033729819685402014,0.0358805903676033
SNTB1,-2.1149323,-0.20626663,0.03443571916463963,0.036625273562391286
SENP6,2.0903502,-0.048912805,0.036586364792840415,0.03890605101886956
GRN,2.0887825,-0.023314154,0.036727301207704614,0.039049285580455485
DIP2B,2.0863721,-0.022597859,0.03694492983889293,0.03927399848294208
SLC35E2B,-2.0831892,-0.1989428,0.03723397464746931,0.03957454050196534
PARP6,2.0812647,-0.021045769,0.03740967140914418,0.03975452766020146
ZBTB44,-2.0670867,-0.22008175,0.03872598956463512,0.041146363912424815
ZNF708,2.0594761,-0.041592225,0.03944864799015921,0.04190707112012838
KIAA1586,2.0579104,-0.032214932,0.03959873308622844,0.0420593674342012
RBM34,2.0564358,0.010705413,0.039740515153824485,0.0422027945683799
SLC16A7,-2.0539274,-0.15652645,0.03998271861469479,0.04245279831186874
ENTPD4,2.0428395,-0.03767468,0.04106831737488112,0.04359806439797324
PEBP1,-2.0256422,-0.03835724,0.04280147258444782,0.04543027018803962
MDN1,-2.0095305,-0.21375957,0.044480901232483376,0.047204837677763525
ZDHHC2,-2.008375,-0.2602377,0.044603462833352675,0.04732687643918832
RPTOR,2.00472,-0.008461512,0.044992989537334674,0.04773209132534606
FYN,-2.0032597,-0.02606803,0.045149416239020725,0.0478899199713994
NGLY1,2.0009131,-0.07293653,0.04540174398156489,0.048149399957394465
OGFRL1,-1.9943293,-0.24159245,0.04611607591304296,0.04889867303593165
BOD1,1.9791325,-0.008323465,0.04780109314992369,0.05067677321571303
XPO6,1.9747145,-0.0667304,0.0483005550478685,0.05119760629946889
GLIPR2,1.9669518,-0.045617584,0.049188756587996395,0.05213024923166279
CCDC84,1.9644718,-0.0694442,0.04947540547076606,0.052425158642464845
SIPA1,-1.9607071,-0.15040398,0.04991320443612302,0.052880102786178766
EDEM3,1.9587967,-0.06805526,0.05013659165281875,0.05310777470031055
RNF214,1.9570651,-0.07330898,0.05033981348290468,0.05331401272203346
RYK,1.9562296,-0.031620517,0.05043812273201006,0.053409088661383705
OSTM1,1.9529513,-0.029554239,0.05082535832814023,0.05381002567284571
GALNT10,-1.9517184,-0.20899251,0.05097164417383221,0.05395577088857772
ZNF263,1.9506292,-0.028400727,0.05110116153011045,0.054074571470292786
RNASET2,-1.9506307,-0.07316779,0.05110099387021911,0.054074571470292786
CRLF3,-1.9464543,-0.13480468,0.05160020064010313,0.054593413699388665
FBXL17,1.9318063,-0.025909873,0.0533834129772148,0.056470515993482545
ZNF766,1.9269354,-0.011141943,0.05398766973105631,0.05710006117286361
NFE2L2,-1.9229578,-0.08818837,0.05448534997018185,0.05761669192249115
NSUN6,-1.9209925,-0.24060841,0.05473265437730577,0.057868427545111525
PIAS1,1.9121166,-0.045688886,0.05586123207192347,0.05905168432611579
ZNF808,1.9073931,-0.06088803,0.056469695521673136,0.0596848141888135
ISCA1,-1.9041786,-0.08875768,0.05688692389868382,0.060115641201041556
KLHL18,1.9016719,-0.06550639,0.057214061693577845,0.06045113493582554
EDEM1,1.9010901,-0.08439811,0.057290213740300966,0.0605213740559478
AP2A2,1.8999614,-0.029186543,0.05743818513029669,0.06066744659380991
APPL1,1.8968223,-0.075541675,0.057851385384115904,0.061093562957972504
KLHL9,-1.8956254,-0.18313932,0.058009601085272235,0.06125030622606972
ZNF101,-1.8904496,-0.19666386,0.058697848748172035,0.06196654434164095
MMGT1,1.8888955,-0.0507998,0.0589058374538123,0.06217562326827227
KRBOX4,1.886205,-0.016599387,0.05926733367086132,0.06254663283483611
MSL2,-1.8808665,-0.13594878,0.059990081407497266,0.06329869274503339
ANKRD36,1.8764557,-0.07671549,0.06059273884588488,0.06392380678243775
FBXO3,1.8750713,-0.033801656,0.06078291439906292,0.06411362543930832
PLCG2,-1.8460459,-0.30915815,0.0648855430722359,0.06842952755561493
CBWD1,1.8394933,-0.09283137,0.06584267294615719,0.06942723107216574
NFKBID,-1.8349661,-0.24265459,0.06651071002046656,0.0701198183161508
HSD17B12,-1.8172934,-0.20298156,0.06917219352777905,0.0729134360083885
SACS,1.8122823,-0.09665885,0.06994258625359699,0.07371307607858875
ENOSF1,1.8117973,-0.08796972,0.07001751977813658,0.07377961996496925
ZNF184,1.8081015,-0.06917809,0.07059070432088148,0.07437107548525337
RNF103,1.8059429,-0.06195138,0.07092726197845756,0.07471307474949158
DMXL1,1.7992952,-0.062983416,0.07197200372002774,0.07580081738594167
KDM3A,-1.7923808,-0.17066483,0.07307197752355797,0.07694635438265926
CD53,1.7892064,0.009314418,0.07358158812743082,0.0774699453593415
RSAD1,1.7874054,-0.00915766,0.07387200159190901,0.07776261853592173
ARHGAP25,-1.7838296,-0.12449134,0.07445136055924896,0.07835930546074386
SLC35D1,1.7802804,-0.020428259,0.07503008791138037,0.07895512699303542
PTPRC,1.7796837,0.003683025,0.07512774281470903,0.07904459452553309
NCOA2,-1.7620336,-0.1709961,0.07806361868510188,0.08211972397746718
STX16,1.760798,-0.06436108,0.0782725991058064,0.08232571957059934
ERAP1,1.7550687,-0.08496808,0.07924756195621283,0.08333715710170911
KAT8,1.7460898,-0.05929013,0.08079534596719055,0.08495053518836035
SMYD2,-1.7456435,-0.16551606,0.08087291853507095,0.08501780849527875
RPS10-NUDT3,-1.743307,-0.20949005,0.08128000869877096,0.08543140699252538
EPM2AIP1,-1.7422571,-0.21291722,0.08146346033305944,0.08560984509383839
ANKRD37,-1.7397102,-0.16622508,0.08190990897525337,0.08606456005192897
FAM162A,1.7386804,-0.023336213,0.0820910109133337,0.08624036343808827
IMPDH1,1.7238048,-0.060245715,0.08474309021152855,0.08901154673662233
GRPEL1,-1.7204796,-0.1188904,0.08534530578037024,0.08962904699714558
PARL,1.7153277,0.025127208,0.08628514969158119,0.09060085539955219
PDE4A,-1.7110869,-0.25703907,0.08706508076038195,0.0914044546462409
ZNF264,1.7109582,-0.018949406,0.08708882922772458,0.09141404624977265
ABTB1,1.7085032,-0.032036785,0.08754300591774981,0.09187536403647757
UBR5,1.7078483,-0.077843025,0.08766449461262675,0.09198743346135407
TTC37,-1.7057263,-0.1816525,0.08805905484093413,0.09238595456731241
DIAPH2,-1.6994268,-0.24895304,0.08923880157946577,0.09360797160984874
DTHD1,1.6975547,-0.12581787,0.08959183478642094,0.09396253452202001
TMEM30A,1.6950004,-0.08683585,0.09007534590632522,0.09445379885852674
TECR,-1.6900027,-0.054390468,0.09102745234051907,0.09543618934846444
CNST,1.6699283,-0.057012554,0.09493353785470207,0.09951478096833381
TULP4,-1.6683017,-0.21024878,0.09525584332249284,0.0998359115137402
DNAAF2,-1.6613926,-0.18675682,0.09663462094739263,0.10126401819880876
C16orf54,-1.6535617,-0.121855244,0.09821659507734617,0.10290454175244979
RLIM,1.651629,-0.06755723,0.09861022160429161,0.1032996561213075
GALT,1.6434519,-0.046354108,0.10028946802317806,0.10504117059316959
UFL1,-1.6371105,-0.12443898,0.1016073999917888,0.10640373189632252
TBCA,-1.634813,-0.05215343,0.10208827022628401,0.10688940895993854
CSDE1,1.632265,-0.0022967749,0.10262369003702232,0.10743202892764586
CCDC88C,1.6305766,-0.07140765,0.1029796988931494,0.10778668165894975
JAKMIP2,1.6238711,-0.037441604,0.10440331235766516,0.10925846806784095
NBEAL2,1.5967667,-0.061764263,0.11031770820685592,0.11542859718048012
VCPIP1,1.590696,-0.074061885,0.11167802203691642,0.11683239228477409
WASL,1.5607803,-0.045608606,0.11857560553686346,0.12402758539351577
AKNA,-1.5605259,-0.06447489,0.1186356447958393,0.1240696412308209
ZBTB21,1.5310199,-0.07308067,0.1257644576960402,0.1315029997236215
POLR3E,1.520865,-0.035699014,0.12829372525936902,0.13412525822570398
RWDD3,1.5005349,-0.025123822,0.13347588905304475,0.13951965946797792
ZDHHC4,1.4913615,-0.03271677,0.13586662160930194,0.14199491894216387
CCDC66,1.4839574,-0.06620448,0.13782020659079464,0.14401256262435463
ING1,1.4811573,-0.117646925,0.1385646484785987,0.14476627269240372
DNAJC19,1.4781594,-0.06035944,0.13936511429994206,0.14557825263991275
EPC2,-1.4740151,-0.17336525,0.1404775116946259,0.14671574510210011
ZNF770,1.4737136,-0.058391716,0.14055869732994158,0.14677603246471618
ARPC1A,1.4700351,0.041505747,0.14155224956112802,0.1477888640277732
HSD17B8,1.4658916,-0.034120515,0.14267780879488262,0.14893915765406068
DLGAP4,-1.4605862,-0.15508,0.14412903237170743,0.1504289667196199
AARSD1,1.4461404,-0.05647866,0.14813782346841584,0.15458719326412168
TCAF2,1.4354042,-0.024608545,0.1511719654824545,0.15772712075687717
SLC10A3,-1.4305794,-0.16192363,0.15255078159058538,0.1591391845307157
CISH,1.4188663,0.04876097,0.15593798964933098,0.16264555906072267
RMDN3,-1.4158713,-0.18421008,0.1568132147334286,0.1635311670899032
KLHL6,1.4153492,-0.05375854,0.156966108863216,0.16366332950804655
VCL,-1.409468,-0.11531451,0.15869682151694764,0.16544031251625135
NMT2,1.4084113,-0.038002573,0.15900931662074536,0.16573846797390585
B4GALT4,-1.4051788,-0.21692905,0.1599681252296271,0.16671007686765738
TMEM41A,1.3958007,-0.09381743,0.1627745122006039,0.16960648706312093
RSL1D1,-1.395458,-0.04909531,0.16287776184014002,0.1696858081718428
NDUFAF4,-1.3937621,-0.14319603,0.16338944388623355,0.17019053628909042
ISG20L2,-1.3863976,-0.14086893,0.16562554065558555,0.17249099090083955
RAP1GDS1,1.386167,-0.08921086,0.1656959156770882,0.1725355606650905
NSA2,1.3837904,-0.027559727,0.1664226373043135,0.17326344133396326
PDP1,-1.3775154,-0.19819346,0.16835292985190053,0.17524391500058067
TRMT1,-1.3698338,-0.16475965,0.17073879375892975,0.17769786953183572
LIPA,1.3529099,-0.037436333,0.1760843969684992,0.18323086950015485
FKBP11,-1.34034,-0.039627366,0.18013483309644251,0.1874145211793355
SH2B1,1.3315228,-0.046589483,0.18301705350359132,0.19038155748561147
ARL2BP,-1.3282776,-0.10587025,0.18408640443938817,0.1914621024393703
DIS3L,1.3267038,-0.09773161,0.18460668672543135,0.19197131518522248
NT5DC1,-1.3261303,-0.14282139,0.18479655866483002,0.19213682416605893
RCSD1,1.3233933,-0.056720037,0.18570459516554394,0.19303418822288207
PAN3,1.3233429,-0.06393112,0.18572135212812135,0.19303418822288207
PARP11,1.3228668,-0.089610174,0.185879692164154,0.19316667012939326
AKIRIN1,1.3197017,-0.039347094,0.18693465319634184,0.194230724198026
DPH1,1.3111082,-0.03502044,0.18982121270214503,0.19719719473009287
ZC3H6,1.2978089,-0.06339179,0.1943530169157125,0.20187157128087288
DEXI,1.29594,-0.04772157,0.19499614699836143,0.20250595876855065
ZNF480,1.282506,-0.013683201,0.1996652023833424,0.20732041595189876
SMYD3,1.2753621,-0.08920592,0.20218109327434797,0.2098979288955063
ZNF506,1.2749195,-0.07398665,0.20233774754021405,0.21002570907774665
H2AFJ,-1.2707968,-0.13004018,0.20380094060582243,0.21150940352190198
C6orf120,1.2692999,-0.079945825,0.20433413781470544,0.21202759432224205
KLHL36,1.2687273,-0.051011074,0.20453832057759525,0.2122042675843177
BTN3A1,1.2571937,-0.05273782,0.20868348803662218,0.21646889423928176
RELL1,-1.2516841,-0.13721289,0.21068500449969507,0.21850885082063864
USF3,1.2508413,-0.08831059,0.21099241808915592,0.21879140851413217
TRIM52,1.2451645,-0.04934173,0.21307128277873633,0.22091049802183865
GOLGA8A,1.2425495,-0.03758529,0.214033874756278,0.22187173495862056
C12orf65,1.2349201,-0.076659806,0.21686024600178155,0.2247643636492951
CHPT1,1.2314781,-0.06836653,0.21814410506874238,0.22605756523274018
GNL3L,1.2138065,-0.042601887,0.22482160210513624,0.232938711952589
ZBTB40,1.2062081,-0.04841022,0.22773724382136729,0.23592054932049575
COX4I1,-1.2058783,0.027255636,0.22786445668896904,0.23601325182883945
GCC1,1.1942137,-0.045067083,0.23239435204364378,0.2406652981931858
SESN3,1.1859696,-0.07805684,0.23563430244319727,0.24398017148041082
COQ7,-1.1763116,-0.17503253,0.23947036191331073,0.24791106803403473
MAP3K3,1.1750352,-0.08701774,0.23998062251918095,0.24839820888153474
NAGPA,1.1662632,-0.035184946,0.24350803690271305,0.25200765572595085
CLIP4,-1.159742,-0.15007049,0.24615385586196625,0.2547036920728516
ASTE1,1.1582421,-0.075234324,0.2467652461880534,0.25529409296386013
KDM2B,1.1518902,-0.106258586,0.24936620733366122,0.2579422938292633
MGST3,1.1508105,-0.051321853,0.2498102003556819,0.2583588383906672
CARD8,-1.1492627,-0.13464223,0.25044767409662716,0.2589753139088429
KIAA1109,1.1438409,-0.0941617,0.25268960450852884,0.2612503992406803
TRMT10C,-1.1399627,-0.11103996,0.25430185956655227,0.2628738323609304
TBC1D14,-1.1350931,-0.18636997,0.256336317723995,0.26493309163742157
RAPGEF6,1.1317679,-0.07047212,0.25773205022731105,0.2663316330066168
ZSWIM7,1.1156318,-0.06235627,0.2645797655661737,0.27336267768488565
SNRNP48,1.1126119,-0.09795923,0.2658751739966213,0.27465572795952164
GCH1,-1.1061461,-0.17829326,0.2686632940930307,0.2774901053072478
REPS1,-1.0842824,-0.16682114,0.2782396220048101,0.2873336208752215
ULBP2,-1.0828618,-0.17656104,0.27886977872580987,0.28793684365549865
ATXN7L3B,1.065637,-0.08423102,0.28658776144859466,0.2958569365713545
TNRC6A,1.0533942,-0.101245955,0.2921603717811099,0.3015600207659831
BAZ1A,1.0506681,-0.060035486,0.29341105276830715,0.3028009808839541
RPS6KA5,1.0452002,-0.09970836,0.29593041981804535,0.3053506030647686
LTBP4,-1.0396498,-0.14659011,0.29850263442969494,0.30795390517680926
TMEM106B,-1.0395429,-0.117150664,0.2985522838908843,0.30795434262512317
ZMAT3,1.0374641,-0.047706187,0.29951959071268885,0.3089011802668285
PRCP,-1.0367321,-0.12788343,0.2998607529757725,0.3092020554831767
EIF2D,1.0267222,-0.07461661,0.304551289575009,0.31398695906085305
VWA8,-1.0248172,-0.20029381,0.30544946368778514,0.31486107181261885
CREBBP,1.0122501,-0.09316299,0.3114185147641957,0.3209611578854709
PTTG1IP,-1.0085089,-0.15667605,0.3132102142521178,0.3227545874421428
ARF4,1.0006804,-0.053241324,0.31698133568419284,0.32658683070492595
HIPK3,0.9996476,-0.065744385,0.3174810802941498,0.32704785745433906
TBC1D10A,0.996635,-0.05323868,0.3189417021117651,0.32849840112137013
ALKBH3,0.981841,-0.104628086,0.3261781866658563,0.33589641741260856
ZNF830,0.96916485,-0.085973576,0.3324629560809881,0.342312089078779
AGO3,0.96356326,-0.10828967,0.33526491850974405,0.34514025509247304
APBB1,0.963214,-0.0680576,0.33544016366159857,0.3452638472963081
HNRNPUL1,-0.96032685,-0.059491936,0.33689073236291156,0.3466998555128104
IL10RA,0.9545335,-0.047349993,0.3398136523780284,0.3496503633679187
R3HDM2,-0.9535278,-0.17214103,0.34032270242277884,0.3501165641106569
TOM1,-0.95012975,-0.10388624,0.34204633895324,0.3518319461511788
GOLGA8B,0.94435245,-0.059180822,0.34498958161992854,0.35480105583006294
RNF44,-0.924713,-0.09555104,0.3551152146240186,0.3651546322629619
SMAD7,-0.92029303,-0.11937577,0.3574196377010205,0.36746380500535486
NFIC,-0.90299076,-0.15662286,0.36653079351121176,0.376769083832754
CRY1,0.89922565,-0.09049369,0.3685324679959373,0.3787022207264428
NXPE3,-0.89924484,-0.16905878,0.3685222657574855,0.3787022207264428
GALC,0.8926982,-0.08700619,0.3720188024459472,0.38222197866675084
GALNT6,0.8740814,-0.06340585,0.38207393666270284,0.3924884314879916
SERPINB9,-0.84572655,-0.08807546,0.3977053050624507,0.40847880290111505
SLC15A4,-0.84187204,-0.2534254,0.39985958001414845,0.41062402044788454
NFATC2,-0.8409976,-0.09172205,0.4003493036120913,0.4110594523875338
PDK3,-0.8322575,-0.16089721,0.4052636168480036,0.4160369522482952
EIF2A,0.8245152,-0.056799527,0.4096468658478615,0.4204677264551635
WDTC1,0.8215338,-0.08911731,0.411342291229853,0.4221386768264371
NAA16,0.82007474,-0.09753519,0.4121735147173544,0.4229223401790666
DALRD3,-0.8189951,-0.13823661,0.4127892047900449,0.4234846285940506
HSD17B4,0.81286675,-0.106502794,0.41629444556350126,0.4270106659198662
DHRS1,-0.81185246,-0.16417755,0.4168762969365438,0.42753739567787186
ZNF83,-0.8051372,-0.18477586,0.4207404884933247,0.43142968300512036
SUN2,-0.78754216,-0.038369387,0.43096457316822234,0.44184109631930496
RNF2,0.78224236,-0.07865732,0.43407214662629434,0.4449541781573157
HMBOX1,0.7811257,-0.10251456,0.4347285709488068,0.4455540530563131
NR1H2,0.762425,-0.05949662,0.4458063908839832,0.4568328880213266
NUFIP2,0.75279766,-0.101357214,0.45157150963377113,0.46266481563525585
RAP2C,0.7496969,-0.088754594,0.45343728638596326,0.46445796387761074
CD2AP,-0.7496423,-0.14209114,0.45347014759661863,0.46445796387761074
TRNT1,-0.74932754,-0.14893217,0.45365981381820086,0.4645761655339114
FBXO21,0.7482025,-0.08135849,0.4543380126349009,0.4651945347044092
HLA-F,0.747487,-0.0049078483,0.45476964840855616,0.4655602880778804
KLHL24,-0.74416125,-0.07489673,0.4567789395605065,0.46754074703706294
TAZ,0.7390878,-0.09812249,0.45985367031376134,0.47061092123063814
SERINC1,0.73131675,-0.036806706,0.46458571895659206,0.4753759008492705
TYROBP,0.7308253,0.1329442,0.4648858792612641,0.4756052429531428
FCRL6,-0.7287194,-0.042280164,0.4661733104577781,0.476844380350533
ORC4,-0.7277055,-0.16895726,0.46679389293767715,0.47740111071082364
PPP1CB,-0.7207443,-0.09871198,0.4710668284601155,0.48169239601936625
UBR3,0.7167769,-0.10809785,0.47351176720008537,0.48411335440492465
C15orf61,0.7147763,-0.06006438,0.47474729919230196,0.48529723917435313
ZNF124,0.7051369,-0.08045667,0.4807250362945965,0.49132753260235185
MTERF4,-0.70123637,-0.11182549,0.48315551194681505,0.49373095111716353
SEC62,0.7000108,-0.02378083,0.4839205823275947,0.49443200441636986
CDKN2AIP,-0.6818155,-0.10878176,0.4953556093761715,0.5060327714332673
SECISBP2,0.6805867,-0.07899902,0.49613306044370487,0.5067442328385008
PRKAA1,0.6771789,-0.084849104,0.4982924443910103,0.5088667208798825
CST3,-0.67603093,-0.087588765,0.4990209870649748,0.509527549384443
NPAT,-0.6753604,-0.14432749,0.49944682791481276,0.509879137636271
ACYP2,0.673065,-0.07256925,0.5009059479359748,0.5112853010748014
ISG20,0.663792,0.004120034,0.506823451719967,0.517212628677957
INPP4A,-0.6637063,-0.12239851,0.5068782970627486,0.517212628677957
PPAN,-0.65921605,-0.1451577,0.509757049640293,0.5200652482957718
DENND6A,0.6563113,-0.099529766,0.5116238657007999,0.521884706314072
MAP2K6,-0.6546547,-0.14963402,0.5126900914567358,0.5228870577361167
VPS51,0.6510869,-0.06633409,0.5149903713591949,0.5251474756679907
GNS,0.6453609,-0.086623974,0.5186933265889926,0.5288372638756091
ZNF32,-0.64352983,-0.1006225,0.5198803619148844,0.5299611445558933
ZNF141,0.64165014,-0.09635674,0.5211003522879377,0.5311182476235481
USP9Y,0.6353992,-0.036585975,0.5251680693783003,0.5351769737792225
GNB5,0.6245647,-0.10073334,0.5322567915652283,0.5423124573342131
PHACTR2,0.6205632,-0.19043764,0.5348870623326875,0.5449036739868577
CMPK1,-0.61854035,-0.075741045,0.5362192272236415,0.5461718472014166
THAP2,-0.6129135,-0.17990692,0.5399335574373862,0.5498655925978004
EZH1,-0.60960305,-0.13762248,0.5421248034150418,0.5520072868106285
IL18R1,0.60370517,-0.13260125,0.5460396765327931,0.5559030457915628
USP3,0.60261846,-0.07850719,0.5467625457735452,0.5565484032475266
FAM199X,0.6020114,-0.094786,0.5471665546299314,0.5568690362396048
ERAP2,-0.5899529,-0.09901906,0.5552222305990321,0.5649756464911426
RAB29,0.586106,-0.065888815,0.5578042706418138,0.5675107362392563
RBM3,0.58345693,-0.0019658238,0.5595857280762919,0.5692306203000459
RCC1,0.56949645,-0.16956624,0.5690192906407157,0.578732674727413
SNX2,-0.56309164,-0.09500347,0.5733724967148444,0.5830653997802449
SYNE1,-0.560421,-0.111686274,0.5751923155067269,0.5848209208207514
MAN2C1,-0.541538,-0.13819127,0.5881368003922539,0.5978849241556614
RPAIN,0.53825223,-0.081571914,0.5904029023628579,0.6000910734658065
APRT,-0.53647727,-0.010243909,0.5916287295388252,0.6012393326827308
CHMP3,-0.5355878,-0.11468648,0.5922434542446674,0.6017662903613187
RPL22L1,0.52868104,-0.03536813,0.5970267496833064,0.6065279873365971
GALNT11,-0.5203619,-0.119374394,0.6028113711574172,0.6123052342849167
HELQ,0.5188443,-0.10434256,0.6038692974210604,0.6132802475107393
NOTCH2,0.50603175,-0.11558054,0.61283434775135,0.6222839927824129
SDR39U1,0.50343984,-0.0893207,0.6146550481774349,0.6240314802658281
LY75,-0.49486926,-0.082451425,0.620692419771537,0.6300587016210831
LENG8,-0.4931914,-0.109306194,0.6218773701804207,0.6311591219741582
XBP1,0.49135348,-0.031711366,0.6231764656777112,0.6323750152927432
DDX3Y,-0.49076915,-0.12535451,0.6235897313619979,0.6326917546871
VPS13D,-0.48692203,-0.14229262,0.626313590738278,0.6353523307375818
POLR2J3,0.48173434,-0.04735213,0.6299946798062981,0.6389829307503568
ZNF33A,0.47380945,-0.10307326,0.6356357950477467,0.6446000216921225
RNF139,0.47097751,-0.08579161,0.6376567977507694,0.6465447207015905
ZNF302,-0.46965435,-0.14072418,0.6386019847514663,0.6473981553403295
ZNF652,-0.46205473,-0.12355566,0.644042083356174,0.6528074001095633
SYTL1,0.45883614,-0.035395607,0.6463518464872253,0.6550424674589472
RELA,0.4559121,-0.07192712,0.6484531879483426,0.6570656209596423
APEX1,0.45349675,-0.06892223,0.6501910806061677,0.6587199028780867
KMT2D,-0.4456406,-0.14325418,0.6558568737286079,0.6643524290877868
TMEM41B,-0.42336768,-0.14222673,0.6720270131922242,0.6806218220059179
PREPL,0.42243838,-0.09814954,0.672705065624321,0.6811982665176031
SRSF7,0.4190002,-0.006642487,0.675215974175752,0.6836302208194699
DDX17,0.41681007,-0.034769673,0.6768173371237998,0.685140657127264
PIEZO1,-0.41308302,-0.22775075,0.6795457918344481,0.6877913725475339
MGA,-0.41067848,-0.1389168,0.6813083045066128,0.6894637258158153
IL17RA,-0.40227005,-0.10028327,0.6874852949518926,0.6956021357300728
ATP9B,-0.39859998,-0.14719534,0.6901879745632133,0.6981109084668493
CRY2,-0.39872408,-0.12644322,0.6900965199978564,0.6981109084668493
FYCO1,0.3977564,-0.13072574,0.6908097539114026,0.6986268704283438
CTC1,0.38848093,-0.0793453,0.6976601574494392,0.7053267525862462
NDUFAF2,-0.38860947,-0.10895157,0.6975650649199643,0.7053267525862462
CHCHD7,0.38811505,-0.08632582,0.6979308992375132,0.7054864607577771
RPS4Y1,-0.37823486,-0.03234491,0.7052561251312842,0.7127758188725871
ABHD14A,-0.37405434,-0.02925495,0.7083638954374398,0.7158010870387052
ADAT1,-0.37101611,-0.21408796,0.7106255319870227,0.7179704987259067
VAMP3,0.3610617,-0.096384235,0.7180533198693422,0.725357915243437
MAPK8IP3,0.35876948,-0.10648701,0.7197675426328093,0.7269721902988142
SETD2,0.3405253,-0.09639951,0.7334609673492193,0.7406831011681543
SAFB2,-0.33959386,-0.0835571,0.7341623951343821,0.7412717792060514
ELMSAN1,0.33697912,-0.12911192,0.7361326352902142,0.7431411596539583
C12orf29,0.32545197,-0.1320685,0.7448390381541317,0.7518091356392784
FGFBP2,0.3007765,0.2185409,0.7635849177302718,0.7706061050686531
PGRMC2,0.2925762,-0.13096538,0.7698461110298185,0.7767995597746039
ARHGEF7,-0.29238024,-0.1355014,0.769995922419045,0.7768254298747856
C16orf72,0.2860113,-0.14208278,0.7748694560650286,0.7816161427189324
C9orf78,-0.27649948,-0.034137312,0.7821644668318082,0.7888474777526668
ZNF862,0.27589366,-0.08267762,0.782629743258999,0.7891895025513053
RAB3IP,0.26977357,-0.16166751,0.7873344500304407,0.7938056920854853
STYX,0.25940973,-0.111093536,0.795319125308211,0.801726788257842
CYB5R1,0.2531354,-0.101114325,0.8001635636079268,0.806480305128273
XPA,0.2373586,-0.087397456,0.8123786051880376,0.8186598830632029
SIK1,-0.23503,-0.14845894,0.8141854524611128,0.8203485570295896
RHBDF2,0.22765498,-0.09064486,0.8199144755934658,0.8259879161534174
CHD1,0.22683029,-0.06272335,0.8205557099440973,0.8265008084704996
RNF216,0.22488646,-0.083857246,0.8220675975977612,0.8278903558550538
TMEM102,-0.21916527,-0.1309009,0.8265213090443253,0.8322416400098662
SLC25A45,-0.21661256,-0.11627783,0.82851029083594,0.8341101350932798
ZNF609,0.21338655,-0.1024127,0.8310254753394767,0.836507702932223
TTC21B,0.19927901,-0.14066191,0.8420444977013563,0.8474630594626262
TRIM4,0.19494934,-0.09008653,0.8454326039683886,0.8507361059073892
CBX4,-0.19253334,-0.12986,0.8473244489119492,0.8525026941770915
ZNF277,0.19018443,-0.074518636,0.8491646113404899,0.854216724320004
C11orf21,0.17895386,-0.042279236,0.8579739357838659,0.8629397013285957
PAF1,-0.17625225,-0.10578268,0.8600957802623355,0.8649347695420625
FLOT2,0.17052203,-0.079810634,0.8645996076835354,0.869324195703664
MINK1,0.1662714,-0.09413275,0.867943371291819,0.8725459956293781
SMURF2,0.16132212,-0.12139068,0.8718397073956805,0.876322173757612
PIK3R5,-0.16015773,-0.06577219,0.8727568259436427,0.877103084835892
XRRA1,0.15984926,-0.108692914,0.8729998229448391,0.8772063752558487
FBXL4,0.15763341,-0.13137618,0.8747456728145626,0.8788194843629201
NBEAL1,0.15635867,-0.092660464,0.8757503134533235,0.8796875338734733
MFNG,-0.14602378,-0.079243876,0.8839026161966161,0.8877339487760524
MED29,0.14017987,-0.12013991,0.8885178756163774,0.8922259758998486
SUMF1,-0.1395652,-0.12362799,0.8890035411528298,0.892570398563971
INSIG1,-0.13767448,-0.12981667,0.8904976917487654,0.8939270795218671
KIAA1191,-0.13148053,-0.103650875,0.8953951898308766,0.8986992311217654
CRBN,0.118383,-0.0658784,0.9057641994737983,0.9089606724267054
EIF4E3,0.11572593,-0.14183553,0.9078697574991191,0.9109275385588596
ANAPC13,-0.11164237,-0.105610475,0.9111069755387486,0.9140290633371411
TPRG1L,0.109594956,-0.10151774,0.9127306094955555,0.9155110939561
GLUL,-0.10767369,-0.06584962,0.9142545422674804,0.9168926605362868
MARCH6,-0.09457583,-0.11956778,0.9246517486748954,0.9271712357285055
LEPROT,-0.0940689,-0.10403784,0.925054427163331,0.9274263615919549
GLB1,0.09343411,-0.16126654,0.925558695189253,0.9276346038295366
CFAP97,-0.09350238,-0.09535619,0.9255044601228576,0.9276346038295366
DDX24,-0.08683158,-0.0005140352,0.930805386631009,0.932743632670766
KIZ,-0.0701093,-0.107822314,0.9441066638970315,0.9459210905412923
UBE2S,-0.06414598,-0.13558076,0.9488539862736549,0.9505253063455541
IDI1,0.061155308,-0.10222982,0.9512355218867825,0.9527584734107767
HNRNPH1,-0.0476107,-0.08144637,0.962026504563433,0.9634124880020548
FAM53C,-0.039252136,-0.12941146,0.9686893686530588,0.9699296879471088
ALKBH5,0.03672415,-0.06629752,0.9707049513920927,0.9717923149158156
TOB2,0.019000197,-0.121949084,0.9848409482094991,0.985758365447946
UBQLN2,0.01883778,-0.10264722,0.9849705150919295,0.985758365447946
SERTAD3,0.01792364,-0.12253147,0.9856997700320566,0.9863304160781423
S100A6,-0.016279789,0.01875466,0.9870111823434035,0.987484720412655
RNPC3,0.014773687,-0.10766174,0.9882127313871235,0.9885287572046442
LETMD1,-0.013514689,-0.10533303,0.9892171664064813,0.9893753146345239
MKNK2,0.01258679,-0.13123323,0.9899574595570907,0.9899574595570907
