names,scores,logfoldchanges,pvals,pvals_adj
DUSP4,113.49848,3.0204887,0.0,0.0
CXCL13,101.30445,6.988806,0.0,0.0
GAPDH,101.20752,1.2477764,0.0,0.0
NR3C1,96.26862,1.8609743,0.0,0.0
SRGN,96.1859,1.5617995,0.0,0.0
CTLA4,96.07598,2.260596,0.0,0.0
RGS1,92.86121,2.073312,0.0,0.0
TNFRSF18,91.08552,2.5968177,0.0,0.0
HLA-A,89.51006,0.7108545,0.0,0.0
RBPJ,82.57105,2.1669707,0.0,0.0
BATF,81.9007,1.8071395,0.0,0.0
TIGIT,81.541504,2.1381683,0.0,0.0
PDCD1,79.34298,2.9423199,0.0,0.0
HSPA1A,75.66545,2.017389,0.0,0.0
SLA,74.03805,1.8159691,0.0,0.0
CD74,72.742195,1.1564695,0.0,0.0
COTL1,70.961365,1.1912282,0.0,0.0
CD2,70.722084,1.022681,0.0,0.0
HSP90AA1,70.70506,1.2380633,0.0,0.0
UBC,70.32632,0.9066067,0.0,0.0
TPI1,68.30064,1.1445209,0.0,0.0
SNX9,67.78854,1.7492093,0.0,0.0
B2M,66.32693,0.34204495,0.0,0.0
HSPA1B,65.39852,1.6734709,0.0,0.0
ARID5B,63.968357,1.2434242,0.0,0.0
TNFRSF4,63.869328,1.7491008,0.0,0.0
SAMSN1,63.484783,1.2420294,0.0,0.0
PGAM1,63.430294,1.2610567,0.0,0.0
TOX,62.947124,2.435953,0.0,0.0
RGS2,62.8489,1.8521832,0.0,0.0
CD82,62.819496,1.4965142,0.0,0.0
RNF19A,62.373596,1.435508,0.0,0.0
ACTB,61.40322,0.55985713,0.0,0.0
SPOCK2,60.97182,0.9415915,0.0,0.0
ICOS,60.498707,1.363438,0.0,0.0
CD7,60.323627,1.1202923,0.0,0.0
HLA-DPA1,60.270176,1.4577914,0.0,0.0
OAZ1,60.19413,0.6832393,0.0,0.0
HSPE1,59.720314,1.0758758,0.0,0.0
UBB,59.59443,0.8131512,0.0,0.0
CACYBP,58.60855,1.1576556,0.0,0.0
PRDM1,58.073635,1.5530802,0.0,0.0
TOX2,57.786793,2.7111933,0.0,0.0
DNPH1,55.872066,1.4905946,0.0,0.0
ZNRF1,55.76189,2.235896,0.0,0.0
PFN1,55.540688,0.53197217,0.0,0.0
CBLB,55.250523,1.4861838,0.0,0.0
SOD1,55.209206,0.7728633,0.0,0.0
PKM,55.020954,1.0393871,0.0,0.0
HLA-DRB1,54.727676,1.4668932,0.0,0.0
IQGAP1,54.592,1.0960518,0.0,0.0
BST2,54.5669,1.2894741,0.0,0.0
HSP90AB1,54.523457,0.8195606,0.0,0.0
FKBP5,54.47975,1.43103,0.0,0.0
DUSP2,54.402832,1.1638489,0.0,0.0
RHOA,53.987007,0.64979154,0.0,0.0
ITM2A,53.892975,1.0670489,0.0,0.0
SH2D2A,53.877617,1.2269471,0.0,0.0
HSPH1,53.87297,1.0932902,0.0,0.0
DNAJA1,53.828068,0.97050434,0.0,0.0
GK,53.35812,1.9466484,0.0,0.0
MAF,53.28281,1.7042216,0.0,0.0
HSPB1,52.862747,1.1590683,0.0,0.0
ZEB2,52.412483,3.0386443,0.0,0.0
HLA-C,52.32296,0.46196648,0.0,0.0
MTHFD2,51.98236,1.5238585,0.0,0.0
RAC1,51.836258,1.0642644,0.0,0.0
PDE4D,51.067074,1.4108876,0.0,0.0
CFLAR,50.94285,1.1139202,0.0,0.0
PHLDA1,50.829647,1.3904198,0.0,0.0
FABP5,50.670605,2.358108,0.0,0.0
CXCR6,50.611393,2.0784144,0.0,0.0
LAPTM5,50.538677,0.6149941,0.0,0.0
EPSTI1,50.202717,1.5567265,0.0,0.0
ARPC2,49.79609,0.6121922,0.0,0.0
ID2,49.700985,1.3432212,0.0,0.0
HSPD1,49.637608,0.9393045,0.0,0.0
DYNLL1,49.426014,0.91071975,0.0,0.0
DNAJB1,48.94607,1.0230172,0.0,0.0
ALOX5AP,48.916687,1.2389071,0.0,0.0
IL6ST,48.824245,1.1664778,0.0,0.0
LSP1,48.51361,0.67168987,0.0,0.0
LAG3,48.293785,2.9719672,0.0,0.0
HNRNPLL,48.2664,1.256295,0.0,0.0
CTSC,48.04934,1.174362,0.0,0.0
LIMS1,47.81598,1.2062699,0.0,0.0
GEM,47.31068,2.6108603,0.0,0.0
BHLHE40,47.28888,1.6551542,0.0,0.0
PLIN2,47.103725,1.4987643,0.0,0.0
IFNG,46.8924,3.0721269,0.0,0.0
AKAP13,46.871048,0.8739227,0.0,0.0
IFI16,46.86064,1.0615258,0.0,0.0
RHBDD2,46.64971,1.1529908,0.0,0.0
PTPN13,46.155304,3.138293,0.0,0.0
MYL6,46.03392,0.51312816,0.0,0.0
CD3D,45.82028,0.5823882,0.0,0.0
SH3BGRL3,45.63922,0.5107758,0.0,0.0
GNAS,45.63303,0.791238,0.0,0.0
YWHAQ,45.535374,0.9495851,0.0,0.0
CREM,45.477688,0.9669695,0.0,0.0
GALM,45.42261,1.5822619,0.0,0.0
CYTIP,45.292683,0.6933039,0.0,0.0
FKBP1A,45.29182,1.0131589,0.0,0.0
CD247,45.258053,0.83346605,0.0,0.0
TNFRSF1B,45.09984,1.1063162,0.0,0.0
CST7,44.98683,1.1901994,0.0,0.0
SERF2,44.938282,0.41532964,0.0,0.0
CTSB,44.668648,1.1690878,0.0,0.0
C9orf16,44.48521,0.85818857,0.0,0.0
LYST,44.462635,1.7650044,0.0,0.0
TANK,44.247063,1.1580472,0.0,0.0
SH2D1A,44.190258,1.4200208,0.0,0.0
HIF1A,44.086727,1.1873155,0.0,0.0
GNAI2,44.08146,0.8852366,0.0,0.0
GPRIN3,44.067352,1.1645747,0.0,0.0
BAG3,43.84117,1.4627875,0.0,0.0
PTPN7,43.808598,1.2867155,0.0,0.0
FYN,43.562828,0.79528385,0.0,0.0
SIRPG,43.537323,1.3125085,0.0,0.0
NAP1L4,43.465008,1.0311445,0.0,0.0
ANXA5,43.464893,1.0873669,0.0,0.0
LCP2,43.320843,0.785945,0.0,0.0
GNG5,43.30166,0.84351414,0.0,0.0
NDUFV2,43.103725,0.81840533,0.0,0.0
RAB11FIP1,43.051434,1.4463463,0.0,0.0
BTG3,42.997734,1.2663069,0.0,0.0
DUSP5,42.767124,1.3733033,0.0,0.0
PTMS,42.672523,2.7387536,0.0,0.0
CCDC50,42.484413,2.3798113,0.0,0.0
EIF5,42.307632,0.6843715,0.0,0.0
SMARCA2,42.129753,1.2521642,0.0,0.0
AHI1,42.053238,2.2948813,0.0,0.0
NMB,41.84207,3.1161413,0.0,0.0
GLCCI1,41.770508,1.4306042,0.0,0.0
NFKBIA,41.53426,0.7429266,0.0,0.0
PSMB9,41.359627,0.6781698,0.0,0.0
GSPT1,41.27798,0.8965818,0.0,0.0
PMAIP1,41.258266,1.208721,0.0,0.0
RAB27A,40.90428,1.6486286,0.0,0.0
HLA-DPB1,40.74887,1.0473568,0.0,0.0
CLIC1,40.416145,0.60116315,0.0,0.0
SEC11A,40.25046,0.94988775,0.0,0.0
ETV7,40.19542,2.599075,0.0,0.0
WDR83OS,40.138233,0.7808946,0.0,0.0
GBP2,40.112022,1.0294058,0.0,0.0
CDV3,39.993008,1.0410092,0.0,0.0
ACTN4,39.960506,1.1195105,0.0,0.0
ALDOA,39.853992,0.611132,0.0,0.0
SUMO2,39.727673,0.49424177,0.0,0.0
COX8A,39.672646,0.6559727,0.0,0.0
PARK7,39.57848,0.71993613,0.0,0.0
AHSA1,39.422283,1.1059921,0.0,0.0
HERPUD1,39.398598,0.8565309,0.0,0.0
RAC2,39.370575,0.44890898,0.0,0.0
SAT1,39.271343,0.7778415,0.0,0.0
CCL4,39.096756,2.651982,0.0,0.0
DYNLRB1,38.870014,0.99539465,0.0,0.0
SMAP2,38.84121,0.73769546,0.0,0.0
PTPRCAP,38.760925,0.5715341,0.0,0.0
FAM107B,38.70543,0.7848448,0.0,0.0
NAB1,38.68489,2.098318,0.0,0.0
HSPA8,38.57832,0.45400608,0.0,0.0
DDIT4,38.55161,0.7588019,0.0,0.0
PSMB8,38.532547,0.7103905,0.0,0.0
CD81,38.43464,1.1612659,0.0,0.0
STAT3,38.422844,0.70408154,0.0,0.0
ARPC1B,38.30816,0.5593936,0.0,0.0
PPM1G,38.158916,0.90689397,0.0,0.0
PTTG1,38.083115,1.5249302,0.0,0.0
APOBEC3G,37.7295,1.4326763,0.0,0.0
CFL1,37.729393,0.35835332,0.0,0.0
PTPN22,37.703934,1.139603,0.0,0.0
KLF3,-38.43285,-2.5129268,0.0,0.0
S100A6,-39.831924,-0.58600605,0.0,0.0
SMDT1,-40.062378,-0.8919372,0.0,0.0
S1PR1,-40.100983,-3.5778966,0.0,0.0
TC2N,-40.191376,-1.4287518,0.0,0.0
MT-ND2,-40.81854,-0.5339367,0.0,0.0
GIMAP7,-42.47444,-0.9268745,0.0,0.0
EIF4A1,-42.767776,-1.3454745,0.0,0.0
MT-CO3,-42.883274,-0.46993122,0.0,0.0
RASGRP2,-42.997887,-2.7566671,0.0,0.0
AQP3,-43.497715,-1.4218198,0.0,0.0
MT-ND3,-44.18935,-0.65183884,0.0,0.0
PFDN5,-44.382465,-0.4414026,0.0,0.0
CD55,-44.413174,-1.7834513,0.0,0.0
MT-ND1,-44.43561,-0.55778354,0.0,0.0
VAMP2,-44.62865,-1.4978696,0.0,0.0
RPS11,-45.07494,-0.5143872,0.0,0.0
GIMAP5,-45.550507,-2.1769726,0.0,0.0
TCF7,-47.42696,-1.4414301,0.0,0.0
RPL15,-48.1197,-0.3711853,0.0,0.0
EIF3E,-48.31161,-0.82776594,0.0,0.0
LEF1,-49.62275,-1.9072897,0.0,0.0
EEF1D,-50.385834,-0.47451755,0.0,0.0
GPR183,-51.30505,-1.4936402,0.0,0.0
CD52,-52.354866,-0.7678779,0.0,0.0
S100A10,-52.67787,-0.9205781,0.0,0.0
NOSIP,-53.069267,-1.6641378,0.0,0.0
PCBP2,-53.73215,-1.1235652,0.0,0.0
FLT3LG,-54.494514,-1.6848372,0.0,0.0
EEF2,-54.585785,-0.5584961,0.0,0.0
SELL,-54.786556,-1.711951,0.0,0.0
CCR7,-55.87258,-2.1397507,0.0,0.0
MT-CYB,-56.24993,-0.6333708,0.0,0.0
LIME1,-57.857403,-2.1711767,0.0,0.0
RPS24,-58.89045,-0.44515607,0.0,0.0
RPS19,-59.084675,-0.4438544,0.0,0.0
RPL27A,-60.768898,-0.7871521,0.0,0.0
RPL27,-61.315678,-0.6235486,0.0,0.0
RPS29,-62.765106,-0.74873173,0.0,0.0
CD48,-62.768307,-1.2014966,0.0,0.0
TOMM7,-63.642773,-0.816456,0.0,0.0
RPL31,-65.118065,-0.74847543,0.0,0.0
RPLP1,-65.74126,-0.43416327,0.0,0.0
UBA52,-67.214035,-0.6035534,0.0,0.0
RPL4,-68.44747,-0.71914715,0.0,0.0
RPL35,-68.67113,-0.60903615,0.0,0.0
RPL37A,-68.78209,-0.6974273,0.0,0.0
RPL7,-69.05478,-0.8222606,0.0,0.0
RPS20,-69.467735,-0.99229956,0.0,0.0
ANXA1,-69.99995,-2.057237,0.0,0.0
IL7R,-70.91539,-1.3317757,0.0,0.0
RPL41,-71.32653,-1.1430978,0.0,0.0
RPL24,-72.28363,-0.5943072,0.0,0.0
LDHB,-72.3993,-1.108437,0.0,0.0
EEF1G,-74.23755,-0.90772325,0.0,0.0
RPS9,-75.21462,-0.6422476,0.0,0.0
NACA,-76.30257,-0.676302,0.0,0.0
RPL6,-76.36561,-0.611051,0.0,0.0
EMP3,-76.38854,-1.5913228,0.0,0.0
RPL38,-77.32647,-0.94566745,0.0,0.0
FAU,-78.30868,-0.58052963,0.0,0.0
RPL17,-79.2413,-0.6924818,0.0,0.0
RPS16,-80.24841,-0.70540035,0.0,0.0
RPLP0,-80.40368,-0.73461854,0.0,0.0
VIM,-81.012024,-1.3031021,0.0,0.0
RPL12,-81.077644,-0.63599145,0.0,0.0
PABPC1,-82.74022,-0.95095736,0.0,0.0
RPS27,-83.626755,-0.7600334,0.0,0.0
RPL21,-84.15429,-0.8229893,0.0,0.0
RPL26,-84.61068,-0.6690704,0.0,0.0
LTB,-84.625946,-1.5812052,0.0,0.0
RPL13A,-85.4007,-0.87874293,0.0,0.0
RPS2,-86.47861,-0.6660403,0.0,0.0
RPS7,-87.00644,-0.65680337,0.0,0.0
KLF2,-87.83386,-2.784383,0.0,0.0
RPL23A,-88.071754,-0.84068906,0.0,0.0
RPL7A,-88.71852,-0.68547237,0.0,0.0
RPL8,-89.086235,-0.71400607,0.0,0.0
RPL22,-89.25736,-0.95065266,0.0,0.0
RPL37,-90.75469,-0.8129208,0.0,0.0
RPS15,-91.02731,-0.6503961,0.0,0.0
RPSA,-91.34896,-0.8960976,0.0,0.0
RPL36,-91.35289,-0.8248827,0.0,0.0
RPL10A,-92.8709,-0.9087822,0.0,0.0
RPS28,-93.06789,-0.7774935,0.0,0.0
RPL18,-95.68382,-0.75958914,0.0,0.0
RPS15A,-96.294235,-0.728245,0.0,0.0
RPL36A,-96.47516,-2.2891762,0.0,0.0
RPL29,-96.9423,-0.8111276,0.0,0.0
RPS5,-97.04346,-0.9872337,0.0,0.0
EEF1B2,-98.89667,-1.2116767,0.0,0.0
RPL9,-99.644516,-1.037416,0.0,0.0
RPL18A,-99.82319,-0.805796,0.0,0.0
RPL5,-99.8261,-1.0025697,0.0,0.0
RPS21,-99.85201,-1.0649929,0.0,0.0
RPL35A,-99.8929,-0.8822659,0.0,0.0
TPT1,-100.42101,-0.774749,0.0,0.0
RPL28,-101.029785,-0.6679085,0.0,0.0
RPS4X,-101.05088,-0.9324812,0.0,0.0
RPS25,-101.37448,-0.853037,0.0,0.0
RPLP2,-101.8206,-0.9243971,0.0,0.0
RPS18,-103.498405,-0.9349429,0.0,0.0
RPS6,-104.30245,-0.9246119,0.0,0.0
RPL39,-104.84385,-0.9557778,0.0,0.0
RPS13,-107.259056,-1.0201824,0.0,0.0
RPL3,-107.9611,-1.0031631,0.0,0.0
RPL19,-107.986496,-0.87557334,0.0,0.0
RPS23,-108.332436,-0.9311233,0.0,0.0
RPS8,-109.16942,-1.0005553,0.0,0.0
RPL11,-110.44711,-0.9299903,0.0,0.0
RPL14,-111.05113,-0.98253995,0.0,0.0
EEF1A1,-111.76691,-0.8648162,0.0,0.0
RPS27A,-111.7987,-0.92391646,0.0,0.0
RPS14,-112.09436,-0.9676809,0.0,0.0
RPS3A,-112.40743,-1.1247848,0.0,0.0
RPL34,-112.8909,-1.0804276,0.0,0.0
RPS3,-116.2718,-0.95600986,0.0,0.0
RPL13,-116.440834,-0.9330679,0.0,0.0
RPL30,-118.78606,-1.0498245,0.0,0.0
RPL10,-118.875534,-0.98038566,0.0,0.0
RPL32,-118.90676,-1.0788087,0.0,0.0
RPS12,-126.23158,-1.2221239,0.0,0.0
PDIA6,37.4857,0.94367397,1.5750730807237283e-307,3.3322139311175557e-306
MGAT4A,-37.43057,-1.3456472,1.2439790492355628e-306,2.622862583202415e-305
HLA-DRA,37.42103,1.4705616,1.7783366256803948e-306,3.7369019800913614e-305
EFHD2,37.32429,1.0539325,6.626080035517173e-305,1.387696828914855e-303
GIMAP1,-37.323704,-1.5394713,6.772670502367989e-305,1.4136533981698534e-303
ITGAE,37.054375,1.5697896,1.526955100086205e-300,3.1765755932126687e-299
FOXP1,-36.921146,-0.9890033,2.116003771416539e-298,4.3873686170799404e-297
DUSP1,36.785084,0.7239997,3.197594208635611e-296,6.608008429170479e-295
LIMA1,36.783875,1.6816418,3.343085563917615e-296,6.885873598815127e-295
NDFIP2,36.718536,2.0373664,3.6965106231565284e-295,7.588790394447333e-294
WIPF1,36.653355,0.67750657,4.045967093833073e-294,8.278977256594167e-293
LGALS3,36.59214,1.0943577,3.814035823319381e-293,7.778888095861521e-292
GADD45G,36.397156,1.8536121,4.721758671866006e-290,9.598858589939981e-289
SYNGR2,36.312504,0.94633555,1.0271784438376777e-288,2.0813703467503073e-287
JUN,36.254993,0.74400765,8.290167518886689e-288,1.6743992066463372e-286
RABGAP1L,36.18365,0.91253847,1.100607795412152e-286,2.2157720165055616e-285
CARD16,36.162724,0.96388364,2.347687506688929e-286,4.7112275656738286e-285
IL32,36.15054,0.4529855,3.6486316630309034e-286,7.298432759287137e-285
MYL12A,-36.053665,-0.43207705,1.2082804276107838e-284,2.4092262455970934e-283
HLA-B,35.910034,0.29416463,2.1301527561366433e-282,4.233848200970952e-281
GSTK1,-35.871044,-0.57302254,8.64107036727847e-282,1.7120292114979343e-280
IL2RB,35.708412,1.1593089,2.926853605040011e-279,5.780535869954023e-278
STK17A,35.702576,0.63154477,3.60575727557537e-279,7.098905727717944e-278
PRDX1,35.698303,0.67557496,4.2004456951760795e-279,8.24370490050123e-278
VOPP1,35.68608,1.0908794,6.4991295439260974e-279,1.2715068176690526e-277
TGIF1,35.64494,1.401043,2.822559914655138e-278,5.504873883550848e-277
TMBIM6,35.558147,0.49331182,6.217640405945952e-277,1.2088565038476227e-275
IGFLR1,35.522545,1.2309293,2.2058604170138197e-276,4.27539592005691e-275
ACP5,35.48794,1.6913948,7.543398431615402e-276,1.4575340437062455e-274
STK17B,35.47868,0.56426746,1.048094372537061e-275,2.0188756108036414e-274
STIP1,35.410053,1.032484,1.1957283736558596e-274,2.296166393841914e-273
LBH,35.250275,0.6933738,3.397633265142908e-272,6.50448748704199e-271
HMGB1,35.19647,0.4237458,2.264339157268794e-271,4.321633235631359e-270
FCMR,-35.156155,-0.8513686,9.360894158094903e-271,1.781138428069216e-269
RSRC2,35.137074,0.74934417,1.8315850983108345e-270,3.474444558832194e-269
ICAM2,-35.075016,-1.3392112,1.6207211708485482e-269,3.0651275234138755e-268
CD4,35.06686,0.85092264,2.1579617485921047e-269,4.0688336172094636e-268
PSMB3,35.021206,0.738726,1.0701435309856575e-268,2.0116764388197255e-267
BTF3,-34.8633,-0.34289527,2.677127269045106e-266,5.017402788621773e-265
MT-ND4L,-34.742565,-0.4101231,1.7950128164293053e-264,3.354094307585417e-263
AGFG1,34.707306,1.7904222,6.112834843740692e-264,1.1388120077547958e-262
HMGB2,34.670467,0.8733312,2.1961813145126908e-263,4.079276066629078e-262
BTG1,34.635704,0.3750233,7.332962338123623e-263,1.3580124021433095e-261
PRKAR1A,34.54718,0.8828635,1.5713132611286435e-261,2.901350906125404e-260
CALM3,34.420998,0.6694147,1.2234142644266945e-259,2.25230926970118e-258
GNG2,34.395214,0.7171889,2.97292247655532e-259,5.457061522406398e-258
RPS17,-34.321617,-0.57417434,3.73513028789119e-258,6.836055169128715e-257
GBP5,34.315186,0.87968063,4.658855275591314e-258,8.501729758761809e-257
TNFAIP3,34.286377,0.585462,1.2525315661279511e-257,2.2790231790683798e-256
TMEM167A,34.279037,1.2947081,1.611243586499949e-257,2.9231893091122624e-256
COPE,34.262634,0.69006556,2.8280425984893976e-257,5.1158880745427046e-256
SQSTM1,34.246338,0.6038,4.944402639526346e-257,8.918501986498245e-256
BIRC3,34.236095,0.77154326,7.024323112037732e-257,1.2633660098624637e-255
CAPZB,34.208523,0.50356394,1.8060841131320885e-256,3.2390146408210816e-255
TYMP,34.20492,1.4861301,2.0431231970619718e-256,3.653619447811967e-255
TRPS1,34.204582,1.9298136,2.0669015684274597e-256,3.685580768158793e-255
NFATC2,34.184925,1.0854471,4.050268359332146e-256,7.201631005866645e-255
MT-ND4,-34.1767,-0.44028404,5.366672274923339e-256,9.515170928351295e-255
YWHAB,34.100212,0.41891125,7.323260844117414e-255,1.2947442189273876e-253
SYT11,34.0449,1.8275372,4.8294880521836035e-254,8.51436015075646e-253
PTPRC,34.009644,0.35370508,1.6044770456879014e-253,2.820715842855829e-252
PLAC8,-33.976562,-3.721454,4.9448076564613265e-253,8.668692298869421e-252
FXYD5,-33.93066,-0.36699402,2.352839401703604e-252,4.1131850717177006e-251
PLP2,-33.903366,-0.7890549,5.942607177989916e-252,1.0359723854143873e-250
MAP3K8,33.825394,1.6679007,8.350361121275139e-251,1.4516602718071905e-249
CHCHD2,33.75966,0.39749613,7.714375232894891e-250,1.337372661902695e-248
TSPAN5,33.716175,1.413998,3.3495750511895784e-249,5.790775040020543e-248
TMEM173,33.709373,0.89249104,4.213707294917407e-249,7.264571057342414e-248
PPP4R2,33.70183,0.9518896,5.434605290925703e-249,9.343628545638378e-248
RNF213,33.6948,0.68669367,6.88807646262294e-249,1.1810023407480706e-247
EIF4B,-33.62635,-0.6051869,6.9128685929613795e-248,1.1820058325663552e-246
TERF2IP,33.38027,0.6441503,2.6510905538755352e-244,4.520616433534758e-243
PSME2,33.366142,0.59352374,4.249683676902246e-244,7.226778154644937e-243
HNRNPA3,33.339104,0.5427599,1.0479365627937419e-243,1.7772206761944953e-242
CAMK4,-33.31895,-0.91981214,2.0525747722039755e-243,3.471577006321141e-242
COMMD6,-33.31674,-0.44108534,2.2099431319299582e-243,3.727636509831046e-242
MT-ATP6,-33.296093,-0.53171855,4.397833344247303e-243,7.398080296886097e-242
DNAJB6,33.25456,0.6955326,1.7539146118375352e-242,2.9425217990532414e-241
TXNIP,-33.186882,-0.59695834,1.66466015483035e-241,2.7852933046370546e-240
PFKFB3,33.179573,1.0155348,2.122054612571824e-241,3.541107710444052e-240
JUND,33.178635,0.6870128,2.1892070792272082e-241,3.643424368388535e-240
RHOH,33.126427,0.5946726,1.237738553990385e-240,2.0544484881526577e-239
TMEM50A,33.12581,0.6193367,1.2633319033550528e-240,2.091367217198643e-239
ARL6IP1,33.08598,0.6529115,4.728263836012515e-240,7.806638783215372e-239
ABLIM1,-33.084,-1.4029084,5.048869240503141e-240,8.313982303424829e-239
COX5A,32.97582,0.7225991,1.804808133305701e-238,2.9641598842002315e-237
MRPS6,32.96515,0.9077248,2.5665372580409896e-238,4.204136227672918e-237
PSMD8,32.911922,0.73670727,1.4841397586645366e-237,2.424742469587794e-236
POMP,32.89394,0.7661429,2.683334648221216e-237,4.3725043184200025e-236
CHORDC1,32.883762,0.79636157,3.751331899361734e-237,6.09689124581161e-236
TAP1,32.874916,0.78902376,5.018674229620652e-237,8.13546645897727e-236
VDAC1,32.71876,0.8877596,8.44950572816973e-235,1.3661493587955255e-233
RCAN3,-32.595165,-1.0470506,4.801938310985325e-233,7.743901033297006e-232
H2AFZ,32.56301,0.6431482,1.3702218315707012e-232,2.2040088790806047e-231
RPL36AL,-32.53536,-0.37013605,3.373140738028216e-232,5.411766412862236e-231
PELI1,32.508945,0.99416995,7.970013600535622e-232,1.2754065354087901e-230
TPM4,32.46966,0.81534904,2.8594662437328096e-231,4.564176170623137e-230
ERP29,-32.39208,-0.633864,3.548545582944357e-230,5.649610454886667e-229
UCP2,32.38841,0.64972025,3.9969177841446584e-230,6.3472681656098764e-229
PHTF2,32.321045,1.0041242,3.541432455826564e-229,5.60966496365827e-228
MAL,-32.288094,-1.055859,1.027877752994083e-228,1.624046849730651e-227
ETS1,32.242607,0.5148013,4.4661294768224243e-228,7.038665167891098e-227
GNA15,32.175407,1.6809103,3.8976869850211717e-227,6.127321026074845e-226
ACTG1,32.09453,0.33925658,5.256454609735091e-226,8.242596286270529e-225
SDF4,31.941753,0.82765955,7.032772883015892e-224,1.100038485285769e-222
FOXO1,31.916765,0.9439952,1.5629872562306763e-223,2.4386508665339125e-222
HNRNPL,31.916586,0.699068,1.571986193288814e-223,2.446575020527553e-222
SAMHD1,-31.896395,-0.80135083,2.9958196734615874e-223,4.65097278161039e-222
SPATS2L,31.892834,1.6715258,3.356609778574464e-223,5.1981641757030345e-222
AHR,31.825708,1.0619982,2.8548312960359145e-222,4.41014903924756e-221
ZFP36L1,31.79815,0.58624,6.865769745585703e-222,1.0580066415358117e-220
SORL1,-31.783495,-1.9099237,1.0944891304736715e-221,1.6824400648488137e-220
MAP1LC3A,31.760096,1.9557537,2.303646833997843e-221,3.5324471476610656e-220
SOCS1,31.74577,0.73029554,3.63212374736719e-221,5.555903016499665e-220
MTRNR2L12,-31.744654,-2.6078906,3.763217238106287e-221,5.7423566706653636e-220
PSTPIP1,31.700548,1.0245036,1.52689063028196e-220,2.3242254691682225e-219
PSMA7,31.652023,0.49667567,7.112567585156127e-220,1.0800373308749242e-218
ENO1,31.545118,0.5844911,2.0919966234468115e-218,3.1689686715853274e-217
MYC,-31.398655,-3.0885375,2.1108020329034545e-216,3.189713193063065e-215
UBXN4,31.38044,0.6016726,3.741043054032561e-216,5.63957722227469e-215
CALR,31.37808,0.5508496,4.028890419198129e-216,6.058868700292897e-215
CDK6,31.287891,1.3762656,6.818882380706946e-215,1.0229962725478857e-213
PIK3R1,-31.150433,-0.8526634,5.003935142143285e-213,7.489102930963126e-212
NDUFB8,-31.105085,-1.3155212,2.0558258296435892e-212,3.06947583799178e-211
MAP1LC3B,31.07358,0.5723026,5.480447531313091e-212,8.163120057977328e-211
AKIRIN2,31.045322,0.9793528,1.319362850561699e-211,1.9605103691322772e-210
SRP14,30.986994,0.35194957,8.070278050486728e-211,1.1963564207384244e-209
CD58,30.88917,1.1070114,1.6697188255484137e-209,2.469363789158211e-208
MSN,30.794853,0.5739453,3.071106868705849e-208,4.53115318382818e-207
SURF4,30.669874,0.88875496,1.435885486750088e-206,2.1135286138696458e-205
ZNF331,30.61728,0.74763674,7.208398492389545e-206,1.0585321174353684e-204
MIS18BP1,30.576162,1.2578064,2.5395862544440173e-205,3.720553477461294e-204
HSPA4,30.573147,0.9763916,2.7851091355593924e-205,4.070694640521351e-204
MT2A,30.53852,0.72676367,8.03237567753321e-205,1.1712630047543168e-203
ARPC3,30.408262,0.38206038,4.271523972870975e-203,6.214121471955187e-202
CORO1B,30.32496,0.7097397,5.374773283317205e-202,7.800920944461087e-201
SIAH2,30.324356,1.0809175,5.474235565465135e-202,7.926845513704852e-201
BTLA,30.131567,2.0759072,1.8707233688992359e-199,2.7025890151157713e-198
NAMPT,30.113997,0.90527606,3.1776910459726387e-199,4.580131597670956e-198
SP140,30.096964,0.9616535,5.309440969135946e-199,7.635073983497105e-198
HLA-DMA,30.048157,1.503535,2.3077260852765346e-198,3.31092379269215e-197
VCP,30.023817,0.6079024,4.797924611053312e-198,6.867854930638468e-197
PGK1,29.924032,0.47293568,9.581871107030703e-197,1.3684315235464215e-195
ELF1,29.913269,0.49541482,1.3226825436933328e-196,1.8846716336050432e-195
H3F3B,29.88388,0.3032496,3.1877460020287524e-196,4.531827516779372e-195
ABHD17A,29.871393,0.9295591,4.631223664811013e-196,6.568969748201257e-195
C1orf162,-29.84976,-2.1955662,8.842108814435928e-196,1.2513288233762953e-194
FTL,-29.828934,-0.3199921,1.6471238028624548e-195,2.3257239035440228e-194
UXT,-29.774302,-0.5930784,8.406699444833296e-195,1.184338854067824e-193
NOP58,29.71315,0.6471963,5.193176488445944e-194,7.299687942430436e-193
CKS2,29.708658,1.0236781,5.935436463977398e-194,8.324282914984931e-193
ARF5,29.587915,0.60304517,2.137593697942217e-192,2.9911933338245235e-191
NEDD9,29.585724,1.0573908,2.2809846234832516e-192,3.184703587283887e-191
RHOB,29.55534,1.4469497,5.607371506475126e-192,7.81151910087305e-191
MBD2,29.55389,1.1650509,5.85300142784013e-192,8.135541628318542e-191
EDF1,29.516714,0.4231086,1.757042570288943e-191,2.4368228180385097e-190
CD6,29.477285,0.6534755,5.629444331619269e-191,7.790102455351631e-190
ARF1,29.472713,0.45711574,6.442539621632941e-191,8.895550835975925e-190
TPM3,29.463984,0.3892542,8.335075692837668e-191,1.1483268741501078e-189
GPI,29.377829,0.74118114,1.0544187089772092e-189,1.4494773486182297e-188
UBL5,29.298994,0.44446978,1.0681879669682839e-188,1.4651782641426506e-187
SFPQ,29.204185,0.4664104,1.7159068614766998e-187,2.3484593689640536e-186
KIF5B,29.125319,0.72397333,1.716292183874473e-186,2.3438467220045046e-185
NCF4,29.014877,1.2748599,4.271223361929843e-185,5.820241266769464e-184
EIF3L,-28.942533,-0.522328,3.484290354462808e-184,4.737572135556075e-183
LDLRAP1,-28.881977,-2.1646612,2.010848721163463e-183,2.7281971453872117e-182
MYADM,-28.864931,-1.1355876,3.2914923245961288e-183,4.4560094572243905e-182
MRPL18,28.791342,0.800418,2.7531977538092665e-182,3.719200688641479e-181
RHOC,28.788046,1.1648958,3.0275492219286815e-182,4.0809794155630455e-181
SMCO4,28.781967,2.5726473,3.607238575928275e-182,4.851891369044906e-181
ENTPD1,28.761375,2.330357,6.527954998136263e-182,8.761498310401811e-181
EIF2S3,-28.750816,-0.7963355,8.847404416538458e-182,1.1849066730389812e-180
PPP1CA,28.717045,0.53618693,2.337534155576788e-181,3.1238866520245683e-180
CCDC6,28.670385,1.6176354,8.931257825245209e-181,1.1910252155417808e-179
RBM8A,28.612846,0.4911105,4.650531964492343e-180,6.188479742088851e-179
TLN1,28.55214,0.69448334,2.642306078057692e-179,3.5086451559910753e-178
SRSF5,-28.532701,-0.4589614,4.604853731023812e-179,6.101675612594398e-178
COX6A1,28.531168,0.38761535,4.8112385466896345e-179,6.361639781756358e-178
UBE2D3,28.515957,0.38990948,7.428679164616856e-179,9.801773079571628e-178
EPB41,-28.484344,-0.87648517,1.830971878949907e-178,2.4107796406173776e-177
RASA3,-28.458458,-1.7064447,3.829671565406207e-178,5.031785313621082e-177
CYBA,28.436079,0.35211134,7.243912567197683e-178,9.49774334703377e-177
DEK,28.425688,0.5946773,9.737163722555988e-178,1.2739966203872521e-176
ARL4C,-28.39331,-0.6760679,2.445761002602706e-177,3.193304271389851e-176
PSMB6,28.35343,0.67983365,7.593655689066458e-177,9.893946796547759e-176
CNIH1,28.299278,0.84974253,3.527197305758621e-176,4.5860913302582404e-175
OASL,28.28058,1.5769514,5.990383901017587e-176,7.772554246621779e-175
TAX1BP1,28.24749,0.5632077,1.5280455751396532e-175,1.9785337000926507e-174
PTPN11,28.244043,1.3247862,1.6845400683601697e-175,2.1766489785995486e-174
TAF10,28.197464,0.7389405,6.281695221119772e-175,8.100012370869525e-174
HIST1H4C,-28.171156,-0.59647197,1.3197699121204337e-174,1.698285365266727e-173
SMC4,28.119093,1.2924273,5.723758108254825e-174,7.350200484283613e-173
C4orf48,28.102137,0.89055496,9.224688566351704e-174,1.1821618345503281e-172
BSG,28.073204,0.63960844,2.081223271202889e-173,2.661662794175662e-172
UBE2L6,28.05155,0.7505798,3.8242651786591e-173,4.8808259672825044e-172
FAS,28.02305,0.8426572,8.51184984986882e-173,1.0841317329190063e-171
PAK2,28.009464,0.5509255,1.2460534931435026e-172,1.5838329634844398e-171
CHST11,28.001547,1.0038625,1.5558438853154536e-172,1.9735816439540133e-171
REL,27.991207,0.65376973,2.0788999624550596e-172,2.631727112714407e-171
EWSR1,27.929195,0.5514825,1.1797796276817717e-171,1.4904867725429023e-170
APBB1IP,27.906555,0.5115369,2.2215040654036297e-171,2.8008902772088997e-170
GPR137B,27.88164,1.7213925,4.455249696069371e-171,5.6058897889453515e-170
APOBEC3C,27.880733,1.3534127,4.569554229321375e-171,5.738146467846016e-170
GIMAP4,-27.849768,-0.67579037,1.084134400416254e-170,1.3586511632525785e-169
IFI27L2,27.822197,0.9866365,2.337820017963279e-170,2.923914775973713e-169
CDC25B,-27.78445,-2.0048711,6.686145310161963e-170,8.345646576144162e-169
EPC1,27.749804,0.48167676,1.7520044179905013e-169,2.182486940654435e-168
MXD4,27.66162,1.310053,2.0229233945605928e-168,2.5149531684168644e-167
CLTA,27.62385,0.7106535,5.754562044106126e-168,7.140004317547978e-167
BRK1,27.541824,0.5352897,5.54485834520447e-167,6.866162883416884e-166
ATP6V0C,27.541468,0.44206864,5.599490579845803e-167,6.920083308676764e-166
WDR1,27.495394,0.58276236,1.993085681714121e-166,2.4582703042643934e-165
CLEC2D,27.468525,0.63563955,4.1747112042453e-166,5.138929511971384e-165
PTPRJ,27.39354,1.3698922,3.274368016011313e-165,4.022702911009174e-164
SLC7A5,27.381004,1.0658306,4.6175881952782025e-165,5.661761871656436e-164
CMTM6,27.355185,0.7307345,9.369511849138914e-165,1.1465710480485481e-163
ZFAND2A,27.351898,0.9170099,1.0251741887856835e-164,1.2520767342879552e-163
KDM5B,27.34398,1.3083258,1.2734155630371273e-164,1.5522239314286546e-163
SH3KBP1,27.284166,0.57264715,6.538228245777843e-164,7.954207111481388e-163
PTGER2,-27.2633,-3.5892403,1.1559389808852554e-163,1.4035438092811048e-162
TRMT112,27.24914,0.47896892,1.701347126125576e-163,2.0617684299319844e-162
HMGN1,27.23842,0.43032712,2.2791884939092548e-163,2.756669649319314e-162
PTPN1,27.218584,0.7038718,3.9144461920414884e-163,4.725349842269038e-162
SNRPD3,27.16039,0.7315073,1.9087663754487078e-162,2.2997318434701515e-161
HNRNPA2B1,27.157766,0.2795082,2.0499737332350675e-162,2.465103288847795e-161
HNRNPK,27.126598,0.36665624,4.78251800821718e-162,5.739941324862195e-161
SNRPB,27.120207,0.5572327,5.689177284035565e-162,6.815001042162373e-161
LDHA,27.07608,0.43856612,1.8838373190029732e-161,2.252304350171946e-160
ARAP2,27.070515,0.9390162,2.1907410880469995e-161,2.6142285144361996e-160
IFITM2,27.069395,0.42934272,2.2582440517363515e-161,2.6896376196348414e-160
FKBP4,27.06662,1.0946332,2.434632655865585e-161,2.894198553382308e-160
ARID4B,27.053885,0.50131357,3.438000213748017e-161,4.079193789734101e-160
UBE2B,27.046675,0.5305263,4.179346638116758e-161,4.949393238802028e-160
RAB11B,26.99138,0.74062824,1.8657059834548217e-160,2.2052786065798377e-159
ITGB2,26.908203,0.4762209,1.7607393673498736e-159,2.0772730418961364e-158
RPL23,-26.89568,-0.38485757,2.467261627961989e-159,2.9053169471907122e-158
ZFAND5,26.863508,0.64272505,5.865261397768713e-159,6.893615138130798e-158
ROMO1,26.860514,0.6647267,6.357134815802765e-159,7.457683907034784e-158
ISCU,26.847372,0.54069567,9.052072578624678e-159,1.0599246709792986e-157
IFI6,26.840021,1.2562948,1.102991590638597e-158,1.2890956024673191e-157
MT-CO2,-26.83921,-0.27131012,1.1272912504927894e-158,1.315032653144953e-157
PHACTR2,26.813492,0.9478637,2.2495096106008125e-158,2.619251768611879e-157
STAM,26.780262,0.8927201,5.487111374744522e-158,6.377106534409788e-157
ATP1B3,26.76507,0.7976374,8.245737538512797e-158,9.56536207766884e-157
CXCR3,26.689798,0.9206718,6.182373509655239e-157,7.158477379175946e-156
SNRPD2,-26.620256,-0.38404313,3.9566169105780535e-156,4.572823359058821e-155
TP53INP1,26.60858,1.5716876,5.401125418235035e-156,6.230762243106258e-155
RALY,26.604986,0.56513786,5.943691198937805e-156,6.844017854717867e-155
NPM1,-26.580837,-0.26977092,1.130704309092246e-155,1.299581140523887e-154
HLA-DRB5,26.579065,1.4037449,1.1853173156610573e-155,1.3598465748236504e-154
MT-ND5,-26.560547,-0.34202182,1.9400508807521083e-155,2.2216252379401666e-154
GRB2,26.463545,0.6084792,2.5485773507060843e-154,2.9131266017869366e-153
TCP1,26.447857,0.63223225,3.861940713876396e-154,4.406283728574513e-153
CCT4,26.400887,0.5231474,1.3383950267018078e-153,1.5242560878916025e-152
CAP1,26.384327,0.4814876,2.0733223296390073e-153,2.3569407393947256e-152
CHN1,26.335323,2.3755758,7.559061053783367e-153,8.577472733938543e-152
RANBP1,26.315075,0.8148413,1.2891357544430557e-152,1.4601626576187134e-151
EID1,26.270317,0.52281916,4.18909173512318e-152,4.736253898352132e-151
ADRM1,26.252844,0.75674105,6.632779339162341e-152,7.485565254197499e-151
ITM2B,-26.218655,-0.280249,1.628552510511109e-151,1.8346202559746987e-150
SP100,26.053352,0.5340037,1.2326993252364547e-149,1.3861759439280565e-148
ARID5A,26.003761,0.7016523,4.490176039167747e-149,5.040141845403941e-148
GNB1,25.987537,0.8020088,6.849859869377208e-149,7.67504047482642e-148
SRSF3,25.979801,0.47594392,8.377620638112052e-149,9.370023369616007e-148
PPP1CC,25.97965,0.662355,8.41046336302224e-149,9.38992877435095e-148
SLC25A3,25.963497,0.3671146,1.2802006724698668e-148,1.4267379280150783e-147
CTNNB1,25.962683,0.91366965,1.3076322667102624e-148,1.4547117605238408e-147
RFTN1,25.930477,0.9529659,3.0194937427678772e-148,3.353142428579061e-147
NPDC1,25.885185,1.4571165,9.779200945580638e-148,1.0840496110367453e-146
STAT1,25.863781,0.6216375,1.702838876146152e-147,1.8842938698631444e-146
PSMA6,25.83898,0.6072156,3.236170976751411e-147,3.5746801886558506e-146
PPP1R12A,25.824398,0.6171781,4.719165917489848e-147,5.203589132695078e-146
HLA-DQA1,25.747763,1.4678978,3.4148807666701775e-146,3.758777930297809e-145
GABARAP,25.694033,0.3631937,1.3628856999899651e-145,1.4974946573305234e-144
IKZF3,25.617393,0.88319254,9.765165655950569e-145,1.0710790660595344e-143
ARL3,25.55375,1.8681744,4.9883028699591877e-144,5.461754072178121e-143
DBI,25.551683,0.5684798,5.259097315393624e-144,5.748165734741087e-143
EZR,25.47462,0.34860873,3.7678839894657825e-143,4.111077618576214e-142
RORA,25.457329,0.55863845,5.856539867064325e-143,6.3788246614918776e-142
LY6E,25.418736,0.57862145,1.5654848578993674e-142,1.702123867273511e-141
SUB1,25.416058,0.36024648,1.6759052841034626e-142,1.8190130222764715e-141
IL21R,25.404568,1.1811546,2.2452185953010722e-142,2.4327099398045125e-141
EIF3K,-25.38144,-0.33881587,4.043058728464624e-142,4.373090038881754e-141
CIRBP,25.350464,0.33289918,8.881188198968255e-142,9.589532102034754e-141
ISG15,25.328676,0.96477276,1.5438918296483484e-141,1.6641500706105945e-140
PPP1R16B,25.32838,1.0289245,1.5555301270258376e-141,1.6738040556496989e-140
CD84,25.314741,1.1832314,2.1983190251018318e-141,2.3613957032117955e-140
TSHZ2,25.249155,1.052917,1.1570061986172208e-140,1.2407002896168514e-139
WNK1,25.244034,0.682284,1.317000362529678e-140,1.4098454995793687e-139
SERPINH1,25.216686,1.8983396,2.628483167378126e-140,2.808966343768302e-139
KLRB1,25.21131,0.65511715,3.0108212269605538e-140,3.2120573123864645e-139
FBL,-25.124681,-0.77652913,2.673222287659964e-139,2.8470273544856375e-138
P2RY8,-25.107735,-1.5935,4.094398805128997e-139,4.353175969814322e-138
ATF3,25.090418,1.0426627,6.327743424145129e-139,6.716232433688733e-138
CIB1,25.081022,0.42516726,8.01242653469559e-139,8.489907301024648e-138
RELB,25.078033,0.7498284,8.637181015800766e-139,9.136380799934336e-138
TTC39C,-25.074682,-0.7315971,9.395860137223503e-139,9.922091897870031e-138
BIN2,-25.07126,-0.71114224,1.0238573988746013e-138,1.0793739909419572e-137
SRSF7,25.04061,0.35268494,2.2096126540743662e-138,2.3254962182256527e-137
CD63,25.034147,0.84766227,2.5982704801658498e-138,2.7299336812651627e-137
PSMB2,25.014856,0.7892692,4.213794817104702e-138,4.419881252697554e-137
LAIR2,25.002356,1.7021323,5.76327608798983e-138,6.0350010176417e-137
TMEM59,24.935251,0.43971044,3.086718818095601e-137,3.226836204980678e-136
ECH1,24.91439,0.62193334,5.196016857678726e-137,5.42279953323962e-136
AGPAT5,24.81611,1.6306429,6.007364725743118e-136,6.259092362831854e-135
ITGA6,-24.759737,-3.4552805,2.4352944738167325e-135,2.5331121351817047e-134
SECISBP2L,24.741684,0.95167786,3.809986775327558e-135,3.956427198805206e-134
STX11,24.71796,1.5297629,6.85680271620091e-135,7.108522550134532e-134
SUMO1,24.704311,0.5800603,9.612672134460566e-135,9.949035952100894e-134
SH3YL1,-24.666164,-2.2300458,2.4687092257751004e-134,2.550863291069934e-133
ZBTB38,24.599783,0.68741643,1.2699563805275678e-133,1.3100492183260414e-132
PTP4A1,24.585434,0.8121005,1.808431798163544e-133,1.8624460152374055e-132
KIAA0319L,24.563255,1.6171136,3.1216153782727783e-133,3.2095554490610227e-132
SEC11C,24.562954,0.6991145,3.1449048470779497e-133,3.228182755035113e-132
LAMTOR5,24.555386,0.71659803,3.7885113354025395e-133,3.8824465097286124e-132
SPPL2A,24.546967,0.9861866,4.659881435017731e-133,4.7675934485156823e-132
RASAL3,24.490906,0.7270536,1.8463954291243974e-132,1.8859826306326292e-131
WTAP,24.479294,0.5368568,2.4547665096715872e-132,2.5033002919706494e-131
ROCK1,24.465136,0.620935,3.4732198231929215e-132,3.536111731900004e-131
NFKBIZ,24.456692,0.6341233,4.271635362699159e-132,4.3419016772973047e-131
NDUFA11,-24.42822,-0.76604116,8.576852806881092e-132,8.703762336218683e-131
ETV6,24.389389,1.2000824,2.216443628956159e-131,2.2455884234278227e-130
NDUFA6,24.37387,0.6039286,3.237755606200742e-131,3.275013409772906e-130
EPS15,24.371475,0.80387235,3.4327248959444013e-131,3.4666077792215224e-130
RAB1B,24.355343,0.7251297,5.088814816858981e-131,5.13074204717559e-130
RAP1B,24.267664,0.43043804,4.304620138943291e-130,4.3330861753459805e-129
SRSF9,24.242834,0.5614763,7.869180028570282e-130,7.908462569775704e-129
H3F3A,24.205706,0.26005444,1.937274413334414e-129,1.9438150504212342e-128
RAN,24.197563,0.34289458,2.3600762902719174e-129,2.364243359163248e-128
RAD21,24.18071,0.49649915,3.550384071327697e-129,3.550953043133999e-128
BANF1,24.118206,0.661178,1.610424286939354e-128,1.6081052759661613e-127
METTL8,24.107021,1.4090002,2.109943133202805e-128,2.103539152447078e-127
ANKRD10,24.094028,0.8444015,2.887315810733697e-128,2.8739613994878797e-127
SLBP,24.021887,0.72316647,1.6425971157960554e-127,1.6323962738349017e-126
DRAP1,24.01436,0.5108145,1.968758133255091e-127,1.9534212256987315e-126
NUDC,24.00441,0.6419713,2.500985820039387e-127,2.47756388934378e-126
DNAJB14,23.991173,0.8202555,3.438031546120981e-127,3.4004365894359816e-126
ARL6IP5,23.988552,0.3550043,3.6615021564308493e-127,3.615733379475464e-126
PSAP,23.985415,0.5152204,3.948275396949805e-127,3.892762520120653e-126
HCLS1,23.980173,0.36896175,4.478176800103464e-127,4.408249433666517e-126
PRDX5,23.96764,0.60104245,6.050761017323989e-127,5.946897560491183e-126
MAP2K3,23.935955,1.0366031,1.2941116245378566e-126,1.2698979007454032e-125
PTP4A2,23.934908,0.4958966,1.3270618466821776e-126,1.3001872818121618e-125
CDK2AP2,23.930948,0.7140933,1.4591983837182461e-126,1.4274070709695256e-125
LCK,23.928427,0.3591593,1.5500995786978343e-126,1.5139548467375875e-125
CNOT6L,23.908022,0.6700602,2.5274885113093203e-126,2.4646962186064795e-125
PSMB1,23.900957,0.45784652,2.993418239091613e-126,2.9144966037707887e-125
CD2BP2,23.885118,1.0837983,4.3730811998092274e-126,4.251152611839469e-125
CPD,23.809916,1.3640438,2.636447397633086e-125,2.5589530651054573e-124
KMT2A,23.759676,0.6525788,8.727454095690526e-125,8.457770343354748e-124
ARHGAP15,-23.738127,-0.5518696,1.4572893119824242e-124,1.4100686195476448e-123
THADA,23.73218,1.4001921,1.6786513659687986e-124,1.6217435255435406e-123
MCL1,23.708735,0.35214564,2.9302666093511718e-124,2.826552381601339e-123
SERP1,-23.7055,-0.36347225,3.1642687166353353e-124,3.0475618920557294e-123
ADD3,-23.693855,-0.6021588,4.1718956032843365e-124,4.011833661031979e-123
EIF3F,-23.6903,-0.33986324,4.539285967544415e-124,4.358412880529953e-123
TMED9,23.673063,0.64571065,6.832385849097513e-124,6.55006452906568e-123
COX7C,-23.617966,-0.26568004,2.519977937217031e-123,2.412144525486425e-122
UBE2E3,23.59936,1.1694999,3.9128594916650607e-123,3.7396869965515535e-122
GADD45A,23.58923,0.8662819,4.971423788841554e-123,4.7441369825932934e-122
YWHAH,23.588114,0.7359712,5.1042670970183724e-123,4.863470374426208e-122
CSK,23.587519,0.5489213,5.1765799782471586e-123,4.924852994548859e-122
CCT6A,23.586674,0.56446373,5.280888854278964e-123,5.016442517436075e-122
SGK1,23.5723,1.2993075,7.416118524077493e-123,7.034041901028515e-122
MSI2,23.534756,1.1737312,1.7985165951278727e-122,1.7032689029124514e-121
NAA50,23.52511,0.93627584,2.2576834344735976e-122,2.13487913856814e-121
BCL3,23.499943,0.7821346,4.084247534300214e-122,3.856246423837766e-121
PHPT1,23.499596,0.7946075,4.117733934784821e-122,3.881990556947442e-121
SPTAN1,23.452637,0.543189,1.2425108223239679e-121,1.1696093577864077e-120
CARHSP1,23.380402,1.0875374,6.764643547294027e-121,6.358153671485244e-120
ATF7IP,23.370007,0.6412796,8.628899602742455e-121,8.098189837701603e-120
ACTR3,23.306318,0.39892656,3.8252674556660104e-120,3.584608737359095e-119
SCML4,-23.26724,-1.0482829,9.519172583008806e-120,8.90691995360689e-119
ATXN1,23.25402,1.193115,1.295336140547595e-119,1.2102085109517274e-118
TMEM258,23.231647,0.43199766,2.18089421067002e-119,2.03452328382535e-118
THEM4,-23.16748,-0.8998662,9.690589562823368e-119,9.02671185993741e-118
TMEM70,23.158024,1.1886011,1.2068823012506124e-118,1.1225264444269854e-117
KLF6,23.12164,0.38761273,2.80527032964537e-118,2.6053113284697554e-117
MAP2K2,23.074022,0.8028163,8.443714563309436e-118,7.830196521487992e-117
PRDX3,23.056684,0.8798365,1.2604759276640304e-117,1.1671558256010702e-116
COX17,23.053776,0.68584305,1.3480755746259801e-117,1.2464206905541839e-116
CD59,23.048452,1.1436633,1.5244506018201267e-117,1.4074106813549424e-116
KPNA2,23.025723,0.9465491,2.575940340390164e-117,2.3746593300406225e-116
GPBP1,22.995066,0.46847242,5.22261271667897e-117,4.807422708671601e-116
GRSF1,22.943903,0.72543824,1.6952081456623113e-116,1.558143451705226e-115
TSPO,22.917065,0.46089554,3.140498865020199e-116,2.882331384792803e-115
HNRNPC,22.90797,0.34046358,3.8695223451634947e-116,3.5462098320360307e-115
BCL2L11,22.891119,1.4631939,5.695888919520891e-116,5.212322983391479e-115
ATM,-22.720463,-0.8050592,2.8123210334104852e-114,2.5697943732818212e-113
CAB39,22.71991,0.88030434,2.8478683901585308e-114,2.5984717285057588e-113
SPCS1,22.70336,0.39655375,4.150400558371604e-114,3.7814087423061575e-113
NRBP1,22.701101,0.7101076,4.3691111029118496e-114,3.9748720689902117e-113
PSMA5,22.625656,0.58000046,2.4232747855366892e-113,2.2014058131782356e-112
LDLRAD4,22.597158,0.77233356,4.621815531179197e-113,4.192550978210665e-112
ANXA2R,-22.583845,-1.7673205,6.247029668576504e-113,5.658593927661243e-112
ITGA4,22.568956,0.48486167,8.748520122020702e-113,7.912973055294377e-112
SF1,-22.535393,-0.37002322,1.867763702530139e-112,1.6869339026759184e-111
EED,22.53269,1.1082911,1.9852366005760079e-112,1.7904424312420325e-111
JAK3,22.527334,0.68939334,2.240421151038003e-112,2.0176722083157544e-111
CXCR4,22.490898,0.38349378,5.095688934740422e-112,4.582448795636164e-111
LRMP,22.48505,1.7025474,5.813532965672718e-112,5.2204689552177604e-111
PPP4C,22.469128,0.5821856,8.321101363755355e-112,7.461493334942122e-111
DNAJC15,22.467688,0.6690782,8.594991190549935e-112,7.696031566746361e-111
INPP5F,22.449612,1.6271641,1.2909420008006084e-111,1.1542649035811743e-110
HBP1,22.427553,0.630226,2.1197506143601576e-111,1.8926128160546128e-110
ARPP19,22.40614,0.8400438,3.429069883957453e-111,3.0572607351112094e-110
LITAF,-22.389685,-0.5667325,4.9609327478695025e-111,4.4167163023471564e-110
HSBP1,22.385792,0.97174376,5.413656014309647e-111,4.812909855456767e-110
PYHIN1,22.370232,0.8443461,7.673849325555273e-111,6.81258800011244e-110
UBE2K,22.34085,0.8415808,1.4819181150841692e-110,1.3137288290114063e-109
CMC2,22.327692,0.73699033,1.9894116728615663e-110,1.7611231560750405e-109
SYTL3,22.29543,0.63624495,4.092244325228398e-110,3.6175207979816476e-109
ACTA2,22.274614,1.7178528,6.513685996063132e-110,5.749917157203679e-109
COPZ1,22.256346,0.7897057,9.790892513524975e-110,8.63064409278381e-109
NUDT21,22.24464,0.7412052,1.271049197646996e-109,1.1188459862503388e-108
CKLF,22.23761,0.6120189,1.4866799084574277e-109,1.3068125786877193e-108
DR1,22.233032,0.8152776,1.646329236506551e-109,1.445111218711306e-108
SCAND1,22.208698,0.5075217,2.8302052181062147e-109,2.480802073904619e-108
DDX24,22.169615,0.32989007,6.748565726362389e-109,5.907124642107667e-108
ELMO1,22.162634,0.86979973,7.880483452129333e-109,6.888248911027893e-108
EML4,22.15757,0.39739913,8.818259556361403e-109,7.697168935839372e-108
PDCL3,22.123014,0.72045255,1.8981438651086015e-108,1.6545133885674278e-107
GABPB1,22.121187,1.1339568,1.976570516944896e-108,1.7204709339265126e-107
CLK1,22.099236,0.5071818,3.2146794508760226e-108,2.794263851381233e-107
COX4I1,-22.08503,-0.22802503,4.402511385031853e-108,3.8214288670352977e-107
HNRNPD,22.058222,0.5811176,7.96531789608272e-108,6.90438180409059e-107
CLTB,22.031525,0.65124595,1.436551356014428e-107,1.2434836356291324e-106
CELF2,22.02774,0.44922853,1.561745977607683e-107,1.34998014490991e-106
MT1E,22.020567,0.98848516,1.8295924880800518e-107,1.5793204312735274e-106
CD96,21.96961,0.50108314,5.624942674293428e-107,4.848793816334984e-106
C16orf87,21.945204,1.3346246,9.62354603081759e-107,8.284213900459666e-106
ITPR1,21.933945,1.3929187,1.2326488981405575e-106,1.0596366078919034e-105
AZIN1,21.925056,0.7925282,1.4984993011064858e-106,1.286400844319887e-105
MOB1A,21.922554,0.5989616,1.583182330609038e-106,1.3572308963366767e-105
ANKRD44,21.922262,0.53275514,1.59341176159262e-106,1.3641265849244913e-105
BACH1,21.92151,1.014567,1.6199132597563373e-106,1.3849148841286715e-105
CD3E,21.881252,0.19910645,3.9192698385264927e-106,3.3461235379266538e-105
TMPO,21.878605,0.7093545,4.153549505726445e-106,3.541298150988899e-105
TBC1D4,21.855818,0.89565796,6.843319628679629e-106,5.826624529684798e-105
YIPF3,21.85437,0.8569507,7.063936985483499e-106,6.006271216131134e-105
ARF6,21.852325,0.44976163,7.387482666821031e-106,6.272827118861232e-105
DNAJB4,21.848686,0.806904,8.000160060498032e-106,6.783831377386986e-105
PSMD13,21.781174,0.7126032,3.49991345057252e-105,2.96376660041019e-104
MYH9,21.776812,0.36925378,3.849476331309033e-105,3.2553633853251586e-104
TMEM140,21.766104,1.3205904,4.862412865229456e-105,4.106403070622061e-104
UBE2M,21.724873,1.1135082,1.1941620802121905e-104,1.0071304787303082e-103
ZBTB1,21.71072,0.79204595,1.624925544932212e-104,1.3685776418248226e-103
TFRC,21.689306,1.1661365,2.5886607742037327e-104,2.177335834475134e-103
SRI,21.660429,0.5934298,4.8469393038877515e-104,4.071298545836266e-103
BRD2,21.638254,0.3894904,7.841783610895677e-104,6.578033805860204e-103
SH3GLB1,21.63712,0.7131808,8.036852515285985e-104,6.73261698629528e-103
SON,21.636744,0.2976184,8.102915995487896e-104,6.778860419281496e-103
PPM1M,21.617142,1.0172229,1.2391872728264319e-103,1.0353102770695798e-102
SLTM,21.616554,0.5585993,1.255045318053866e-103,1.0471574639002911e-102
ADSS,21.610975,0.6583649,1.4162790889642794e-103,1.1801065145829195e-102
RPS26,-21.600122,-0.29841352,1.7913703903670873e-103,1.490659014170799e-102
TBXAS1,21.587809,1.9653007,2.338434589457309e-103,1.943298305300009e-102
COX5B,21.570728,0.33775893,3.3832054849122857e-103,2.8077906158693585e-102
PAM,21.540178,1.4482473,6.545547164723387e-103,5.425067709832491e-102
PSMA1,21.437403,0.49557367,5.986300199620667e-102,4.9549734145666556e-101
CAPZA2,21.430552,0.6595044,6.935338970996062e-102,5.732907353375685e-101
LAYN,21.429766,1.7557971,7.053275329943048e-102,5.82268403891198e-101
ICA1,21.404358,2.106718,1.2168320891410865e-101,1.0032033115362644e-100
C3orf38,21.395994,1.3256983,1.4559521481656105e-101,1.1987595457389942e-100
TMEM123,-21.387554,-0.41266662,1.7446710123523894e-101,1.434583898299244e-100
NSA2,-21.376713,-0.4613877,2.2009435975136895e-101,1.8073801305372282e-100
TIAM1,21.341043,1.0572315,4.722919806779718e-101,3.8732907377282817e-100
PAG1,21.321962,0.7036644,7.101737639894388e-101,5.816528164118225e-100
ATP6V0B,21.316269,0.5819141,8.020387043962526e-101,6.560319205946281e-100
DCP2,21.285917,0.77263284,1.5331777872663236e-100,1.2524296558022416e-99
LAP3,21.278162,0.9694588,1.8089723331726027e-100,1.4757903701085247e-99
ATP2B4,21.253328,0.72888553,3.071112276039914e-100,2.502194740830953e-99
MAT2B,21.188637,0.4836026,1.2156514987681788e-99,9.891631034957241e-99
DUSP16,21.17298,0.82190007,1.6949563067748543e-99,1.3773726966903472e-98
H1FX,21.146297,0.4776906,2.9847219495550577e-99,2.4223211556792086e-98
LY9,-21.134659,-1.1198288,3.819317710733791e-99,3.095631406842804e-98
PRF1,21.101994,1.171867,7.62522644129165e-99,6.172378498067598e-98
STK38,-21.052883,-1.0276741,2.1517994049708765e-98,1.739557006013373e-97
GPSM3,-21.049894,-0.3450006,2.2919196367870528e-98,1.850436022404657e-97
GUK1,21.048521,0.3625189,2.359273666107256e-98,1.9023549031234346e-97
C1orf43,21.01759,0.54931283,4.5286158922867044e-98,3.6468505527433964e-97
MRFAP1,21.006784,0.56713367,5.6856424088506264e-98,4.572692561035665e-97
NFAT5,20.977266,0.8614144,1.0580228290374547e-97,8.498224550865836e-97
SLC25A6,-20.960136,-0.27869812,1.51651798833287e-97,1.2165281189184373e-96
ENSA,20.958055,0.52241355,1.5843058931640856e-97,1.2692751064489164e-96
MYLIP,20.956047,0.71316004,1.652516632753462e-97,1.322225167309533e-96
BNIP3L,20.93172,0.7387708,2.753731450719666e-97,2.2005170273932696e-96
TSPYL2,20.914085,0.52691275,3.9860571177774326e-97,3.1811998046098415e-96
MAGEH1,20.909592,1.1771663,4.3796098944548835e-97,3.490823161084665e-96
SRA1,20.877268,0.82067263,8.618209663511992e-97,6.860490626272748e-96
SFT2D1,20.87345,0.79436153,9.334863008942869e-97,7.421513380740439e-96
ASB2,20.799757,1.9698995,4.35008981600758e-96,3.454059865356655e-95
AFTPH,20.781189,0.86064166,6.405356541572548e-96,5.0795209880500986e-95
JMY,20.772434,0.83230513,7.686324206675489e-96,6.087607788561133e-95
MOB4,20.737257,0.66554826,1.5978057970686997e-95,1.263866410583746e-94
SLC4A7,20.729023,0.8363311,1.8959730351646402e-95,1.4978186977800657e-94
TNIP2,20.711594,0.8674695,2.7230282801475225e-95,2.148472755550024e-94
POLR2E,20.70845,0.59541345,2.906607188098346e-95,2.2904211440557797e-94
RER1,20.679308,0.6479108,5.319767968376769e-95,4.1867177667893334e-94
HNRNPU,20.661179,0.31837204,7.74513495152522e-95,6.087832145147217e-94
LAT,20.634935,0.39674488,1.3332501343524686e-94,1.0466432815715417e-93
ANAPC11,20.623297,0.5601903,1.696016581066053e-94,1.329753703823271e-93
ADAM19,20.617762,1.221207,1.901526353601561e-94,1.4890120417600178e-93
KMT2E,20.595879,0.3560234,2.9881977021979634e-94,2.3370102580723673e-93
WARS,20.591852,1.7157391,3.247178009356326e-94,2.5363752135660615e-93
UBE2I,20.588892,0.46680698,3.4517300928546887e-94,2.6927809386882637e-93
TESC,20.582602,1.6595588,3.930135301828906e-94,3.062169090975556e-93
RAB9A,20.57278,0.92808795,4.812654524961567e-94,3.7451093379407906e-93
MICAL2,20.56688,1.7286016,5.435312000932062e-94,4.224381344684558e-93
ZNF281,20.555616,1.1578455,6.855528417789022e-94,5.321561300425534e-93
GRINA,20.50887,0.9835258,1.7941404714997388e-93,1.3909603332459466e-92
IRF4,20.507288,1.2499496,1.8534569197220442e-93,1.4351643468964366e-92
TNFRSF25,20.494331,0.7185627,2.418847589013584e-93,1.8706354154936526e-92
NOP10,20.49127,0.5092888,2.575807214472408e-93,1.9895560427626608e-92
PLSCR1,20.471308,1.3545232,3.880641476801308e-93,2.9937062369242224e-92
ACSL4,20.45637,1.2777884,5.272169877423303e-93,4.062174346296152e-92
FKBP8,20.446602,0.4183437,6.440776728496185e-93,4.956459625467903e-92
PRELID1,20.443243,0.5177343,6.8997716379179415e-93,5.303137289685452e-92
NUP58,20.433985,0.7456832,8.341063722883308e-93,6.403023209657407e-92
CSNK1A1,20.431137,0.4911919,8.842030251550208e-93,6.779251941022708e-92
LRBA,20.417343,0.84327054,1.1726894897509044e-92,8.980067614153858e-92
ITGB7,-20.397058,-0.9998463,1.7758168556170805e-92,1.358195220086544e-91
UBE2H,20.378479,0.88551354,2.5959282155408412e-92,1.9830095462901334e-91
GDE1,20.377367,1.5409597,2.6556516590552687e-92,2.0261518342498696e-91
RUNX2,20.360813,1.3013968,3.7235279303330266e-92,2.8374283044210523e-91
NAPA,20.340363,0.5619974,5.651132034870915e-92,4.301062808491388e-91
SNX5,20.33549,0.7145724,6.241428946187358e-92,4.744550310981157e-91
PPP1R2,20.3338,0.35340473,6.460058946970129e-92,4.904772249153354e-91
AHNAK,-20.324167,-0.44696316,7.86124244047736e-92,5.961362584570985e-91
MRPL51,20.292778,0.6239171,1.4893915607054733e-91,1.1280695061119974e-90
RILPL2,20.268637,0.6796482,2.433024262833011e-91,1.8405459908291906e-90
SMC3,20.265537,0.70423216,2.591124774885231e-91,1.9577735738569884e-90
KHDRBS1,20.26494,0.38266203,2.622835548408784e-91,1.979336959808854e-90
SH3BP5,-20.181751,-1.3456993,1.4163745396053106e-90,1.0675837562411527e-89
UBE2N,20.17968,0.49679828,1.4769951218964432e-90,1.1119332395362728e-89
CD151,20.171278,1.3554727,1.750546978094233e-90,1.3162847819621817e-89
TMCO1,20.10567,0.6054251,6.582357159328164e-90,4.9435007257962777e-89
NDUFS8,20.096636,0.5680711,7.896744188971303e-90,5.923507269635806e-89
UBE2A,20.077238,0.62704813,1.167058674249973e-89,8.743833356535512e-89
SLAMF1,20.056395,0.6949615,1.7749591981671465e-89,1.3282398508106907e-88
CHIC2,20.01057,0.6375429,4.455121142352116e-89,3.329869586756833e-88
TACC1,19.998764,0.6961483,5.6455103344636033e-89,4.2145490427496823e-88
ORMDL3,19.996628,0.8941537,5.892375090177622e-89,4.3935857751252735e-88
DEDD2,19.993237,0.70206475,6.307015179138883e-89,4.697145791528135e-88
SH3BGRL,19.991528,0.42367038,6.526729690451362e-89,4.8549845051378966e-88
AFF4,19.987762,0.6326053,7.038190288213329e-89,5.22920780818326e-88
SDCBP,19.971954,0.47867382,9.659719409745913e-89,7.168407709420242e-88
ZNF292,19.944668,0.54521644,1.667533415242365e-88,1.235994779635107e-87
PIM3,19.922531,0.6803801,2.5953179937106563e-88,1.9213973426747573e-87
AP2M1,19.908983,0.5142176,3.4015096192687997e-88,2.515263214911917e-87
SNAP47,19.908092,1.5017513,3.462498868269623e-88,2.557332004363399e-87
RAB10,19.906319,0.70297194,3.5872865575422496e-88,2.646365887189265e-87
TXN,19.901636,0.4544051,3.938633238164718e-88,2.9021263328672968e-87
BUB3,19.873753,0.4354588,6.867165291737873e-88,5.05400690869529e-87
RBL2,-19.87073,-0.5162826,7.293503343227356e-88,5.361455166676317e-87
POLR2G,19.842712,0.6884819,1.2739801233232805e-87,9.354011705483052e-87
GNB2,19.809511,0.42355126,2.4646870820515386e-87,1.8075337343224035e-86
UPP1,-19.801954,-0.9713795,2.863643383066255e-87,2.0976523889338614e-86
ACTR2,19.784111,0.39419475,4.080328676889856e-87,2.9853846743809603e-86
FNBP1,19.779564,0.41468668,4.465422891348225e-87,3.263314316733522e-86
BUD31,19.736845,0.5847344,1.0407773686168938e-86,7.597066149167293e-86
DDX39B,-19.72985,-0.9933977,1.1952049439566477e-86,8.714105204711961e-86
ARHGAP18,19.689367,1.3378018,2.6599304583721655e-86,1.9370625426721922e-85
H2AFY,19.65306,0.5772037,5.44298654925898e-86,3.959170052905046e-85
IGFBP4,19.643427,1.942617,6.58041317723013e-86,4.7801190462024576e-85
MIEN1,19.643377,0.7024896,6.586928985313434e-86,4.7801190462024576e-85
F2R,19.622246,1.8421713,9.98424630422466e-86,7.23712905745251e-85
UQCRB,-19.621689,-0.25575387,1.0094218476818616e-85,7.308354699979696e-85
STK24,19.611498,0.699956,1.2334696582632971e-85,8.920143843825304e-85
MDH2,19.587849,0.4526404,1.963145586821078e-85,1.418054584184068e-84
ATOX1,19.586535,0.9084539,2.0144341763587812e-85,1.453420080306954e-84
CNN2,-19.473322,-0.37124044,1.8488573096672362e-84,1.3324155276712727e-83
RHOG,19.45738,0.4150918,2.523558699908341e-84,1.81655476887289e-83
RAP1A,19.452679,0.39203307,2.765942447809171e-84,1.9887381125319165e-83
CCNDBP1,19.435976,0.5692287,3.8305634281716896e-84,2.7510410075051228e-83
DNM2,19.424562,0.7319101,4.78447678359642e-84,3.432174667405202e-83
PABPN1,19.29493,0.6123873,5.924525369867499e-83,4.245116283965908e-82
TDG,19.287271,0.77266824,6.870487981428356e-83,4.9172838867080693e-82
SLC3A2,19.283735,0.50249714,7.356861238284602e-83,5.2593552105537455e-82
ODF3B,19.278471,1.3646369,8.144985521929403e-83,5.816116091803365e-82
RNF114,19.27371,0.5949519,8.929881361030204e-83,6.369301665621658e-82
ZC3H7A,19.272945,0.70504385,9.062679364774653e-83,6.456641771182489e-82
TLK1,19.253574,0.5178116,1.3175001251049112e-82,9.375733501459236e-82
GTF3C6,19.252472,0.64335525,1.3458678036443728e-82,9.56669813501655e-82
SET,19.248718,0.37771946,1.4469730532172164e-82,1.0273673293661716e-81
ATP6V0E1,19.23017,0.30432066,2.0695068446122753e-82,1.4677036610483192e-81
ITGAL,19.223333,0.7049532,2.3610386566497515e-82,1.672558712389455e-81
GFI1,19.213377,1.8661048,2.8603521094536766e-82,2.0239747749546931e-81
TNFSF8,19.193039,0.8691364,4.2314814683708426e-82,2.990790016319641e-81
LAPTM4A,19.188904,0.58205545,4.5819573458727825e-82,3.2348411533475156e-81
MFHAS1,19.145628,1.2593583,1.0526377266023517e-81,7.423177459576584e-81
PSMC4,19.13489,0.6645524,1.293517276980436e-81,9.11155905827867e-81
FAM102A,-19.10159,-1.1877731,2.449166373972166e-81,1.723252236748623e-80
TCF25,19.099642,0.42268285,2.5422777226577847e-81,1.7867517192688327e-80
DNAJC1,19.0995,0.6611386,2.549153564690989e-81,1.7895688860783423e-80
ZNF706,19.066898,0.4731531,4.756952110344538e-81,3.335745856253962e-80
H2AFV,19.06592,0.382174,4.846787158952693e-81,3.394926897757998e-80
GOLPH3,19.048512,0.6624481,6.759753656924291e-81,4.7295541000969165e-80
CTSZ,19.04426,1.0417433,7.33152159781122e-81,5.118502531299817e-80
BCL11B,-19.044256,-0.6263786,7.33206419320948e-81,5.118502531299817e-80
MDM2,19.034922,1.1065567,8.76219997340793e-81,6.110043579222222e-80
LMAN2,19.021183,0.46991846,1.1388359359905563e-80,7.932449862184221e-80
YWHAE,19.004135,0.55542827,1.5762508520115411e-80,1.0966980565667813e-79
ETNK1,18.935665,0.73741996,5.797939847499856e-80,4.0295036289806905e-79
YY1,18.923388,0.5579466,7.319628469640867e-80,5.081401699558248e-79
BRD4,18.91066,0.6028651,9.318512587570514e-80,6.461870784336398e-79
ANAPC16,18.889172,0.31279853,1.4002335815074662e-79,9.699065241052273e-79
TMSB4X,18.84717,0.09795776,3.099840303888749e-79,2.144800813366927e-78
SLC20A1,18.843481,0.84794843,3.3237528250345063e-79,2.2971806623521987e-78
POLR2K,18.83649,0.55220324,3.793022932192474e-79,2.6186124026342066e-78
NUDT16,18.829533,1.9596775,4.325593891031657e-79,2.982986903196527e-78
B3GNT2,18.827284,0.88978213,4.513171520361108e-79,3.1089076665092354e-78
EIF3H,-18.812584,-0.2925407,5.956336632350121e-79,4.0985112373205187e-78
DPP4,-18.806486,-2.3126645,6.682187692888782e-79,4.592900153228953e-78
DAPP1,18.782013,1.3110323,1.0598377789862362e-78,7.276619998518261e-78
REEP5,18.741343,0.4891853,2.278083410319903e-78,1.5623646773413753e-77
CDC42,18.719057,0.28078926,3.4622404940402064e-78,2.3718817698468634e-77
GLS,18.701,0.48954204,4.858542670822676e-78,3.324798772873281e-77
CITED2,18.69906,0.5048846,5.038553006992266e-78,3.444206935009719e-77
LPXN,18.655216,0.49556556,1.145398718319128e-77,7.821043108347569e-77
STAT4,18.620575,0.5046898,2.1884813736348262e-77,1.4927117216234918e-76
PIM1,-18.600477,-0.5551084,3.184599694766416e-77,2.1697692898512227e-76
RGCC,18.598587,0.36206257,3.298875014348309e-77,2.2451776406268045e-76
NAA10,18.579565,0.66675556,4.703096283887687e-77,3.197388225244342e-76
TSPAN14,18.575895,0.62447053,5.035849832265706e-77,3.4198845270043815e-76
TAB2,18.572266,0.7194625,5.388115653998927e-77,3.6551336735442724e-76
RNF187,18.547792,0.7046626,8.49707390053551e-77,5.75789774302303e-76
NFE2L2,18.536297,0.5006093,1.0522410750486174e-76,7.122599294336683e-76
TPST2,18.530083,1.0532873,1.1810455405967189e-76,7.985812804836535e-76
PRMT2,-18.482681,-0.50947505,2.846801648747532e-76,1.9228234945707087e-75
CSNK1G3,18.43064,1.0472827,7.459664293183402e-76,5.033055659865688e-75
ALYREF,18.398626,0.9046755,1.3473716881000797e-75,9.080935966989846e-75
PPID,18.389788,0.8446998,1.5859987097722436e-75,1.0677689263957468e-74
CHMP2A,18.386776,0.6154697,1.6765807615230157e-75,1.1275366953302953e-74
NDUFAF3,18.383213,0.51297355,1.7904094435827426e-75,1.2027928242626368e-74
MPG,18.35216,0.7110356,3.172545038822236e-75,2.1290165147623203e-74
STARD7,18.331404,0.71353626,4.647487888446665e-75,3.11546422253444e-74
RAB8B,18.322262,0.57329935,5.497922232126413e-75,3.681602215740444e-74
ATXN10,18.310463,0.7616584,6.828603487726921e-75,4.5677721722297655e-74
MAPK1IP1L,18.303783,0.41996825,7.719691081566824e-75,5.158307498935605e-74
EIF3J,18.256472,0.69021666,1.837899300152115e-74,1.2267732120052781e-73
STMN3,-18.24613,-1.6247536,2.220996856993238e-74,1.4809018573178204e-73
DOK2,18.245714,0.47572538,2.2379219451139637e-74,1.4905945420977853e-73
SRRM2,18.245255,0.3283131,2.256808482875652e-74,1.501571614245943e-73
DNAJA2,18.24353,0.4914551,2.3291588580673102e-74,1.5480596840466544e-73
G3BP2,18.239885,0.37096658,2.4897877423030026e-74,1.6530601382673445e-73
SEC14L1,18.234428,0.88753754,2.7511782963543106e-74,1.8246656479858928e-73
SLAIN2,18.214947,0.850801,3.9279500708907924e-74,2.602371166924569e-73
TBCB,18.214094,0.45671302,3.989647110951495e-74,2.6404440741726704e-73
SF3B1,18.176323,0.31261286,7.948691572468801e-74,5.25506187540019e-73
SPCS2,18.154058,0.41562828,1.1925478633609638e-73,7.875863719826216e-73
MPC2,18.144388,0.54774004,1.4221099066112694e-73,9.382016836322339e-73
BAX,18.13758,0.43894196,1.609601075565311e-73,1.0607730002748794e-72
TXK,-18.131529,-2.0616307,1.796951569778783e-73,1.1829931167710322e-72
TGOLN2,18.091423,0.48259282,3.723500890137557e-73,2.44872171289236e-72
PRKCH,18.08675,0.45965326,4.052952276776931e-73,2.662576332564718e-72
ACADVL,18.044487,0.6540018,8.716985727845958e-73,5.720579172185764e-72
SLC5A3,18.0427,1.2038342,9.003639832060103e-73,5.902491196626797e-72
HM13,18.021935,0.53886014,1.3107684035369104e-72,8.583951318440564e-72
SASH3,18.018625,0.65134406,1.3915758677446954e-72,9.10359013689166e-72
MAPKAPK2,17.996933,1.0474898,2.0590906793771074e-72,1.3456319298421494e-71
ARNTL,17.978662,0.8726634,2.863114501673469e-72,1.86911062813223e-71
EIF4G2,17.969006,0.2944745,3.4077363621122795e-72,2.2223283841110487e-71
ZNF267,17.957006,0.6726848,4.2301666427435435e-72,2.7557901897038054e-71
TMEM179B,17.939133,0.61043817,5.835913692732051e-72,3.797907962079326e-71
ARL8B,17.898249,0.7589892,1.2168684698945737e-71,7.910912625637535e-71
CIAO1,17.896624,0.7460501,1.2529220830499252e-71,8.136822809900712e-71
EIF3G,-17.895216,-0.3111703,1.2849635063486584e-71,8.336234140459436e-71
IRF1,17.881514,0.35822168,1.643157298343269e-71,1.0648956073686751e-70
TNFRSF9,17.873232,1.1166724,1.906245673258596e-71,1.2341161044405496e-70
MAP4K1,17.854877,0.6626189,2.6485854918972196e-71,1.7129349279720773e-70
LASP1,17.837572,0.79541045,3.610492905139657e-71,2.3326176212191097e-70
ST8SIA4,17.825857,0.9231574,4.452159478107522e-71,2.873415439800315e-70
SAP30,17.821877,1.794484,4.780505915593054e-71,3.0821422953735795e-70
TXNL4A,17.792547,0.49738798,8.072450950886882e-71,5.199191577346237e-70
PRRC2C,17.791578,0.27124697,8.21343105213017e-71,5.284538473849937e-70
ELOVL5,17.78899,0.41509694,8.601740580014678e-71,5.5286779567324006e-70
INPP4B,-17.77149,-0.55450547,1.1752856086679973e-70,7.546252555243797e-70
NINJ1,17.76646,0.7970576,1.28550147523446e-70,8.245441630974578e-70
ARPC5L,17.7579,0.55027944,1.497298424636158e-70,9.594085696256941e-70
FOS,-17.756071,-0.5869781,1.5469219918288038e-70,9.90188733436263e-70
NCOR1,17.752752,0.38637477,1.6410917968355395e-70,1.048840554802853e-69
BZW1,17.752726,0.35103595,1.6419119084159387e-70,1.048840554802853e-69
IER2,-17.740715,-0.47430742,2.0332909114845018e-70,1.2975223495475231e-69
CEBPB,17.704489,0.78751457,3.8717748210069445e-70,2.4682070130647945e-69
GBP4,17.704031,0.7324129,3.9034767537981805e-70,2.4858773898422903e-69
BEX2,-17.703306,-1.6553423,3.954014148980976e-70,2.515494628317051e-69
LAX1,17.68341,1.1062707,5.6286083808692987e-70,3.577204165479154e-69
NDUFA1,17.646492,0.32513845,1.0827642317516369e-69,6.874396307591013e-69
UQCRQ,17.6433,0.4215383,1.1457289097708697e-69,7.266762323048777e-69
PIN1,17.642351,0.5885649,1.1651209128168486e-69,7.382253418162388e-69
AIP,17.627884,0.47117332,1.5049667275883768e-69,9.525859378173487e-69
KRAS,17.622063,0.56315935,1.6680886337841425e-69,1.0547660753238939e-68
PFDN2,17.604544,0.57247156,2.2733109490409932e-69,1.4360054284377368e-68
UBE2S,17.580902,0.29730618,3.4504741587903466e-69,2.177392237109257e-68
PLPP1,17.525747,1.6753558,9.113546436144053e-69,5.745216495755054e-68
PDE3B,17.521164,0.6016176,9.878287324422585e-69,6.221028374543022e-68
SCAMP2,17.514885,0.51121587,1.1030815260629374e-68,6.93985060903104e-68
PRPF40A,17.510904,0.45563078,1.1829821143520485e-68,7.435036632095805e-68
NUDT4,17.493937,0.66258365,1.5935768957854528e-68,1.0005546686717314e-67
CUL3,17.48206,0.70314807,1.962796277912728e-68,1.2311368412515914e-67
SLC25A5,17.479786,0.31177875,2.04267412974263e-68,1.2799527353136299e-67
CCT3,17.464653,0.44430208,2.6631503599708164e-68,1.6670733597369975e-67
AP2S1,17.446516,0.59514284,3.6588415622580857e-68,2.288059137279831e-67
MAST4,17.444895,1.0123191,3.764135973976883e-68,2.3515488101691414e-67
EIF6,17.444347,0.65551984,3.800404357916554e-68,2.3718323597757217e-67
ELAVL1,17.434479,0.74875206,4.516615683550818e-68,2.816003844259806e-67
TIMP1,-17.402431,-0.5477076,7.907494300849794e-68,4.9252167596410746e-67
ZC2HC1A,17.400455,1.6097018,8.184851039796816e-68,5.092886873317241e-67
ITK,17.373512,0.38392523,1.3095715959036349e-67,8.140474432305364e-67
ANKRD11,17.359816,0.48735207,1.6625589749001114e-67,1.0324408519752831e-66
SEC61B,17.358686,0.31185693,1.695607173347014e-67,1.0519169352742261e-66
RALGDS,17.355341,0.8708157,1.7972906460690218e-67,1.1138918492668089e-66
SLA2,17.312826,1.1082087,3.764723743083213e-67,2.3309167540260247e-66
SMARCC1,17.307142,0.60069644,4.155305345505477e-67,2.5701943172744977e-66
CD83,17.29789,0.8877779,4.879399401078288e-67,3.015082342785109e-66
NEK7,17.29117,0.7670445,5.4827394523036695e-67,3.3845476678365183e-66
STAMBP,17.272278,0.99366504,7.60784374467679e-67,4.691754230289313e-66
PSMD7,17.263575,0.48855576,8.846028561682339e-67,5.449956984546839e-66
RNF181,17.25052,0.53481275,1.1089523157366148e-66,6.825415584331571e-66
OPTN,17.23192,0.40328008,1.529882956382251e-66,9.406896089440028e-66
ALKBH7,-17.191933,-0.60186005,3.051911050386533e-66,1.874702447388027e-65
PRR13,17.191519,0.2865505,3.07370272411241e-66,1.886231927353545e-65
CORO7,-17.19088,-2.312806,3.107778554513884e-66,1.9052697405423523e-65
YARS,17.168583,0.9377836,4.56427784578898e-66,2.7954522115376865e-65
FOSB,-17.165293,-0.77601486,4.830435876851575e-66,2.9555637556304585e-65
LMO4,17.114105,1.3684251,1.1649322724184423e-65,7.12080539878893e-65
IRF7,17.093243,0.813583,1.666454093922737e-65,1.0176457925804111e-64
CALM2,17.078758,0.22815043,2.1361407622580046e-65,1.3031920329669801e-64
ARHGAP9,17.067524,0.45100898,2.589539742949374e-65,1.5782536656002973e-64
ATP6V1F,17.065884,0.43594062,2.6632876172064784e-65,1.621617367705915e-64
RNF167,17.057028,0.47592005,3.0992638242877604e-65,1.8852344568596407e-64
SNTB2,17.049913,1.1699301,3.5004999931726344e-65,2.1272269189279857e-64
TRIM69,17.043875,0.89705986,3.881467057322811e-65,2.3564431813960765e-64
CHMP5,17.029072,0.7008802,4.999161127954351e-65,3.0320470942238198e-64
MIF,17.019947,0.23759171,5.8423846661019264e-65,3.5400313302079726e-64
SNRPG,17.00544,0.35979405,7.4841147628202815e-65,4.5303938152047895e-64
GTF2B,17.001991,0.37684983,7.937647236590817e-65,4.800276783291017e-64
C11orf58,17.001171,0.306434,8.049459895075938e-65,4.863182885301929e-64
CCND3,-16.997145,-0.34949136,8.62189920629789e-65,5.2039915808999165e-64
EML2,16.983429,0.96847796,1.0893100478877427e-64,6.568486965089277e-64
ZEB1,16.982933,0.79006517,1.0985677693941139e-64,6.617916456359715e-64
SUZ12,16.971956,0.7192363,1.3244720662594607e-64,7.971099484595269e-64
PLEKHF1,16.95166,1.1993053,1.8709378637499853e-64,1.1249058966920673e-63
PLPP5,16.938335,1.000736,2.3467410442923972e-64,1.4096256840643745e-63
LPIN2,16.905214,0.5768825,4.118218261715347e-64,2.471326939554373e-63
ATP1A1,-16.899403,-0.45665482,4.5449372867803606e-64,2.724779405071684e-63
NDUFS7,16.875368,0.4439002,6.829861711395798e-64,4.0907070000788075e-63
TBC1D2B,16.86363,1.154132,8.331000018947572e-64,4.985021200215896e-63
IFI35,16.846012,0.90416914,1.1223066560547105e-63,6.709114789691043e-63
HBS1L,16.835995,0.73469436,1.3293722470636314e-63,7.939341812367582e-63
PSMA3,16.832724,0.5345758,1.4048658368205911e-63,8.382187081832992e-63
ZNF410,16.830912,0.877889,1.4485504688993106e-63,8.634578296466663e-63
LUC7L2,16.815382,0.48064792,1.8827387911349372e-63,1.1211996942245366e-62
WSB1,16.813559,0.36485434,1.9415809273728374e-63,1.155138852977491e-62
RALA,16.797203,0.67515814,2.558253141620257e-63,1.5205769387478117e-62
BOD1L1,16.780758,0.59237796,3.374983472085467e-63,2.004117207353511e-62
DUSP10,16.775068,0.7884428,3.7143229984646236e-63,2.2035256495644217e-62
PPP2R1A,16.736526,0.44257733,7.101309685051986e-63,4.2088579054519895e-62
TPP1,16.730503,0.7165205,7.857188191707112e-63,4.652439421674012e-62
RBCK1,16.71107,0.5511004,1.0886711039343766e-62,6.440186122895208e-62
PIM2,16.704662,0.42607602,1.2121190620063245e-62,7.163669570058212e-62
METRNL,16.695332,1.3082125,1.417318348313774e-62,8.362158136314435e-62
BCL7C,16.69532,0.7386283,1.4175874552508688e-62,8.362158136314435e-62
GZMA,16.68255,0.8976602,1.755629669088813e-62,1.0346444537094693e-61
NDUFS6,16.680311,0.4942265,1.8226408449596011e-62,1.0731227842823463e-61
MAPKAPK3,16.636065,0.91298944,3.8191014025358337e-62,2.246466715666931e-61
CISD2,16.615995,0.7002309,5.338184484395414e-62,3.1370630289182465e-61
PSMC3,16.6126,0.6440841,5.6490665788963675e-62,3.3166344796700124e-61
FAM3C,16.60732,1.4419094,6.1687892142466565e-62,3.6183659291459945e-61
CSNK1D,16.606163,0.59432465,6.2889687321111675e-62,3.6853947283667414e-61
SERBP1,16.573193,0.28638718,1.088868613239916e-61,6.374886505844574e-61
MDH1,16.568623,0.47700652,1.1748704107149434e-61,6.871945860611024e-61
FIBP,16.532244,0.748149,2.149882606274229e-61,1.256312485557815e-60
SAR1B,16.524376,0.7098073,2.4495989597284393e-61,1.4301166611473515e-60
TXNDC17,16.52063,0.69126326,2.606591582049376e-61,1.5203493517355286e-60
ILF2,16.518806,0.40783766,2.6865851531344242e-61,1.565544158796633e-60
SKAP1,16.514833,0.3149565,2.869531098920065e-61,1.670591752645534e-60
NPC2,-16.513693,-0.63991123,2.924312194969525e-61,1.7008977081831134e-60
SRPK2,16.507118,0.57112944,3.260859019505052e-61,1.8948809255801703e-60
PREX1,16.485731,0.716207,4.6464631609198456e-61,2.6975420081210006e-60
PAIP2,16.483028,0.34503472,4.8589071738248094e-61,2.8182564750781255e-60
GLUD1,16.478128,0.5184841,5.269122677645252e-61,3.053351404938163e-60
CCDC167,16.477053,0.7337268,5.363713516824997e-61,3.1052816380802234e-60
HDGF,16.467514,0.85555017,6.279779007206314e-61,3.632261425762243e-60
STAU1,16.458971,0.521846,7.23201361934661e-61,4.1791663887353886e-60
RBM39,16.457483,0.24500516,7.411895389909831e-61,4.2791525558212076e-60
N4BP1,16.456263,0.7363439,7.562765057759767e-61,4.362219660395444e-60
EMC7,16.436104,0.5667912,1.0548623335248689e-60,6.078851175926784e-60
VAMP5,16.408154,0.5659666,1.672145605195463e-60,9.627177787845834e-60
FRMD4B,16.40607,0.81619287,1.7305097565309635e-60,9.954019714755524e-60
CGGBP1,16.40088,0.49859577,1.8848472284613297e-60,1.0831797009969759e-59
GOLGA4,16.39463,0.5305543,2.0890547905676845e-60,1.1994287900582263e-59
SUSD6,16.376917,1.1521875,2.795622692695468e-60,1.6036287890728322e-59
RPA3,16.376509,0.63317466,2.8144035624615266e-60,1.6129194337302468e-59
UHRF2,16.376379,0.808956,2.820425497862351e-60,1.6148876635008195e-59
SRSF10,16.371027,0.34552705,3.0796863454540484e-60,1.7617160845076732e-59
CSNK2B,16.351915,0.3395959,4.2151311488538845e-60,2.4090323717946057e-59
PML,16.35054,0.8870797,4.311410145930238e-60,2.4618033596295165e-59
OTUB1,16.349033,0.4082249,4.4193794782494654e-60,2.5211469217326246e-59
SPINT2,-16.344576,-1.5734637,4.7547379144826596e-60,2.70998349993482e-59
FAM104A,16.34005,0.878906,5.121086742412798e-60,2.9161224780472877e-59
SMARCA5,16.32811,0.4422874,6.228419104431024e-60,3.543442445829902e-59
PRPF38B,16.322035,0.3605066,6.880394092054393e-60,3.9107959497733577e-59
TBL1XR1,16.320139,0.7654382,7.09729421409311e-60,4.030410663344413e-59
RBBP4,16.312382,0.47437182,8.058738738126336e-60,4.57223531496786e-59
KCNA3,-16.303328,-0.90763724,9.346140072169828e-60,5.29303631491941e-59
HINT1,-16.303383,-0.18324691,9.337672053818611e-60,5.29303631491941e-59
RAB5C,16.27788,0.4635148,1.4169315070505118e-59,8.017288790119895e-59
ERH,16.267231,0.36246416,1.6861331384001836e-59,9.531845033293068e-59
SNRPD1,16.259514,0.48529798,1.9124994325986448e-59,1.0801727564568453e-58
THRAP3,16.25852,0.37127453,1.943752880098905e-59,1.096831982341525e-58
PDAP1,16.253551,0.55313903,2.1079392658542135e-59,1.1884055066121181e-58
ADAR,16.253338,0.43933472,2.1152849911787714e-59,1.1914705442190174e-58
ANP32A,16.250288,0.43295276,2.223202230606801e-59,1.2511276033559102e-58
EIF4G3,16.247416,1.1018543,2.329799483436392e-59,1.3099350068582451e-58
DOCK8,16.232403,0.41866818,2.97574880340044e-59,1.6716155069326865e-58
MTCH1,16.204636,0.49724108,4.676549073177917e-59,2.6246711120236856e-58
DYNLT1,16.19866,0.5000974,5.153852751135063e-59,2.8899546289158966e-58
GNA13,16.181574,0.651905,6.803280876525116e-59,3.811425130196881e-58
MYL12B,16.163134,0.20002852,9.177518233744955e-59,5.1369409234800235e-58
CD99,16.154057,0.2497723,1.0633313691564492e-58,5.9464615366535836e-58
SIGIRR,-16.15215,-0.45057496,1.0967246896112147e-58,6.127716014201961e-58
HLA-DQB1,16.144205,0.8516353,1.2474560139590413e-58,6.963660986689067e-58
NONO,16.142334,0.39376867,1.2858622176741566e-58,7.171640840486517e-58
PPIB,16.119896,0.231875,1.8492221155331123e-58,1.0304460020573351e-57
SMS,16.112003,0.78779066,2.1010480395213027e-58,1.169727102109942e-57
ARF4,16.093044,0.33721942,2.854538561565706e-58,1.587805272970728e-57
DIAPH1,16.090208,0.48547462,2.9883186170417812e-58,1.6607387790701476e-57
UBALD2,16.08578,0.4301339,3.209873765131447e-58,1.7822795523296588e-57
MIIP,16.076836,0.9738318,3.7084279378138336e-58,2.0572710008796565e-57
SLC40A1,-16.075884,-2.9626474,3.76586211843223e-58,2.0872775738131036e-57
SYTL1,-16.056398,-0.5879481,5.1563856481819875e-58,2.855457216530948e-57
NBN,16.043648,0.888026,6.3324055847316e-58,3.503594260133858e-57
TMEM63A,-16.037878,-1.9453135,6.948797088160877e-58,3.841226096298675e-57
PTPN2,16.026527,0.52912056,8.34166892203844e-58,4.607111127649726e-57
HSPA5,16.017519,0.28573173,9.642077746977876e-58,5.32061955958346e-57
CRIP2,-16.011103,-3.3876905,1.0689678834080593e-57,5.893488127517401e-57
TADA3,16.005424,0.64349854,1.1711273915314471e-57,6.451020344702349e-57
NGRN,16.004093,0.55534124,1.1964337632107322e-57,6.584605922573351e-57
NDUFA4,15.98629,0.23607966,1.5923714467225122e-57,8.755938501317355e-57
PSME1,15.982312,0.21011928,1.6973060757082423e-57,9.324724664168258e-57
PSMD14,15.979451,0.7021267,1.777023443120677e-57,9.754092619627217e-57
BIN1,-15.970833,-0.50326735,2.0404463634820144e-57,1.1190180803595125e-56
COX7A2,15.958362,0.25559622,2.491887295564674e-57,1.365396717438027e-56
SERPINB1,15.955798,0.4514808,2.596316729601031e-57,1.4213695359157926e-56
LAMTOR1,15.953684,0.47416046,2.685764054081971e-57,1.4690493831310764e-56
MARCKSL1,-15.950069,-0.820495,2.845789766914702e-57,1.5552166318138927e-56
DERL1,15.943657,0.58248466,3.1534815706771355e-57,1.721861634522835e-56
VMP1,15.935602,0.52283597,3.587274142336279e-57,1.9570085596434194e-56
MRPL41,15.916191,0.44224364,4.892692360253545e-57,2.666837818370513e-56
COQ10B,15.905304,0.5518669,5.822047455687434e-57,3.17062811264793e-56
CAPNS1,15.897974,0.6675271,6.544722282894337e-57,3.561082107022106e-56
ABCC1,15.897758,0.78881496,6.567421753310745e-57,3.5703204845306933e-56
C12orf57,-15.894827,-0.23114523,6.881826982585545e-57,3.7379880068160475e-56
UBE2Z,15.888931,0.8760914,7.560605592288038e-57,4.103107782736491e-56
STAT5B,15.839693,0.7139048,1.6562649357649043e-56,8.980668517905098e-56
PSMC2,15.83247,0.6834524,1.8578285792354097e-56,1.0064850835944612e-55
DNAJC21,15.809373,0.72003186,2.6812150146735205e-56,1.451297736910446e-55
SLC9A9,15.808782,1.097377,2.7064889559821054e-56,1.4637086286208248e-55
PSMD1,15.799345,0.7258442,3.1436373744887527e-56,1.698652887808165e-55
PSMD4,15.767039,0.49639267,5.245171211052447e-56,2.8317572256209617e-55
FAM50A,15.750907,0.58651555,6.770380594678837e-56,3.6520263864641854e-55
CH25H,15.750295,2.1301982,6.836168591697905e-56,3.684328858444441e-55
TLE4,-15.747754,-1.037502,7.116409966651059e-56,3.8320547542596426e-55
NIN,15.735445,0.7104798,8.644683303923892e-56,4.650988663774915e-55
POLR2J,15.703756,0.5186219,1.4254479861346718e-55,7.66255028550085e-55
EIF4G1,15.670061,0.5859336,2.4234670048060804e-55,1.3016228551630592e-54
CERS5,15.668757,1.1612775,2.473680091904802e-55,1.3274494801012785e-54
CASP3,15.662133,0.8829797,2.7453058413548535e-55,1.4719461989601066e-54
CCT8,15.645688,0.40018344,3.555037346459256e-55,1.9044624960731518e-54
GALNT2,15.644354,1.498198,3.630336703595437e-55,1.9431330503549847e-54
HSPA6,15.638148,1.3180236,4.0019970416559556e-55,2.1402282379584248e-54
SATB1,-15.626939,-0.5057944,4.771807267462916e-55,2.5497302359791146e-54
SRPRA,15.619864,0.39299047,5.3319141068167766e-55,2.8465762139130455e-54
CALM1,-15.592138,-0.16476783,8.233051357876082e-55,4.3916644038038145e-54
MRPL47,15.591085,0.6366378,8.369958959958743e-55,4.4608807744750226e-54
VPS28,15.589486,0.32549605,8.582086708467333e-55,4.570034398254661e-54
PARVB,15.578452,1.4566478,1.0199542803807951e-54,5.426713268419899e-54
SIK3,15.572619,0.8969477,1.1173610786645583e-54,5.93990672227045e-54
SH3TC1,15.567031,1.214551,1.2193762825811755e-54,6.476704152841801e-54
MYBL1,-15.55103,-2.9218116,1.5656615412300637e-54,8.308923196272812e-54
TBK1,15.5322695,1.0741459,2.098203854991202e-54,1.1125650177570172e-53
MTDH,15.512726,0.29701632,2.84539074940378e-54,1.5074773910890484e-53
EVI2A,15.503112,0.5577888,3.3048888888694245e-54,1.7494327019028056e-53
NRDC,15.494876,0.55774504,3.7568646673362196e-54,1.986999354986894e-53
NINJ2,15.488281,1.3864617,4.162689065226249e-54,2.199774975112364e-53
RNF115,15.466515,0.7303277,5.838364135939669e-54,3.0826760213535937e-53
ABI3,15.463957,1.1650506,6.074927670136852e-54,3.2048709712023744e-53
S1PR4,-15.46216,-0.5975469,6.246826703096303e-54,3.2927741092925695e-53
ATP2A2,15.424998,0.9934051,1.111578389756432e-53,5.854312852717208e-53
NCF1,-15.419813,-0.80324656,1.2045154794726266e-53,6.3384326369213e-53
CDKN2D,-15.41953,-1.1558827,1.2098183598938575e-53,6.36097420732735e-53
TSPAN17,15.374125,1.4055587,2.441207727288315e-53,1.2824560122900988e-52
PMVK,15.365183,0.71833324,2.802480814735497e-53,1.47100780191457e-52
SRSF4,15.359039,0.44241685,3.0810458370018804e-53,1.6158661402293054e-52
MAP3K2,15.337425,0.61481017,4.299099683276872e-53,2.2527859885248497e-52
PTGES3,15.334282,0.2271361,4.512369936378036e-53,2.362558789675782e-52
DDOST,15.328826,0.39926806,4.907790452308016e-53,2.5674367320079065e-52
MPST,15.320246,1.4650259,5.600526181209425e-53,2.927377210797992e-52
FOXN2,15.310693,0.70653695,6.486901179433526e-53,3.387845210112522e-52
ZC3H12A,15.305699,0.6768609,7.004483238826919e-53,3.6550986533042475e-52
CD47,-15.300599,-0.40974006,7.575618892408235e-53,3.94982769486381e-52
ABI1,15.277453,0.4563604,1.0808240540614125e-52,5.630570051249812e-52
ACBD3,15.257621,0.8961774,1.4649214723803967e-52,7.625166729879946e-52
TOP1,15.256849,0.35990772,1.4823601720599762e-52,7.70950819485526e-52
COPB2,15.250632,0.62092286,1.630474471911352e-52,8.472765344878226e-52
C17orf49,-15.249903,-1.0295062,1.6487951011792197e-52,8.560840454625215e-52
NME2,-15.2372875,-0.28443092,2.0000253832139047e-52,1.0375859032949275e-51
IMPDH2,-15.216661,-0.70492893,2.7416794117677638e-52,1.421164552229453e-51
PGM2L1,15.216173,1.3370649,2.762233719228297e-52,1.4306307586476183e-51
PUF60,15.21102,0.48099783,2.9884628417802166e-52,1.5465171306426478e-51
TNIP1,15.208076,0.46238905,3.12597492268049e-52,1.616338814618802e-51
BRI3,15.204419,0.7222374,3.3054755364089064e-52,1.7077378164509923e-51
FAM49B,15.190871,0.4330369,4.0648352065055565e-52,2.098315676079502e-51
PDIA3,15.180498,0.2731525,4.761551478215382e-52,2.4559374194662976e-51
FUT8,15.17131,1.1797429,5.4772407232184095e-52,2.822746437126845e-51
RBM25,15.166705,0.29774943,5.875328301094295e-52,3.0254062646146447e-51
SLFN12L,15.164899,1.0136814,6.039207038927836e-52,3.1072292769949406e-51
RTF1,15.155396,0.4851552,6.979286864894923e-52,3.5879513446300836e-51
FBLN7,15.114133,0.7406079,1.3068047462586375e-51,6.711220543158267e-51
GOLGB1,15.114092,0.46919972,1.3076180388528204e-51,6.711220543158267e-51
MBNL2,15.105001,0.8228776,1.5010307570157855e-51,7.69756200044003e-51
CCDC117,15.102604,1.1197084,1.5566173069064447e-51,7.976066184239016e-51
LMNB1,15.094129,0.8930962,1.7701191330009726e-51,9.062603370844191e-51
RASSF5,15.090013,0.44858536,1.8840727737894886e-51,9.638113263295244e-51
ECHS1,15.080245,0.7158002,2.184579338591115e-51,1.1166224121332636e-50
TCIRG1,15.079417,0.6395443,2.212113093032936e-51,1.1297706885121565e-50
ITGB1,15.052326,0.30029786,3.333058783721692e-51,1.7008683458059755e-50
LSR,-15.049793,-1.1929995,3.463150206342529e-51,1.765810493282984e-50
HLA-F,15.047981,0.2680657,3.5593314764171186e-51,1.8133704281076927e-50
CFAP20,15.044745,0.7961574,3.737685754688169e-51,1.9026832622356334e-50
NDUFAB1,15.043377,0.43650088,3.8157665353783e-51,1.9408475099670716e-50
CISH,-15.041583,-1.2262932,3.920597579640059e-51,1.9925447471118574e-50
CD164,15.029833,0.35716018,4.681884811142757e-51,2.3775136783028435e-50
SNX17,15.026833,0.47555855,4.898723635306777e-51,2.4856044071503735e-50
TIPRL,14.99356,0.6404749,8.089813651057884e-51,4.101423801482717e-50
TXNL1,14.991271,0.49105301,8.373484706657906e-51,4.2417952966113625e-50
PDS5A,14.96153,0.5811696,1.3098101882393365e-50,6.629785389133576e-50
PAPOLA,14.951329,0.34521854,1.5267110022344065e-50,7.721396568026686e-50
CAPZA1,14.945118,0.34236038,1.6759386162412023e-50,8.469257412114448e-50
GRAMD1B,14.912239,1.477809,2.743955433135417e-50,1.3855198914399786e-49
PXN,-14.875472,-1.1595266,4.7561712747361285e-50,2.399617213066142e-49
COX20,14.860311,0.58618975,5.964833341196197e-50,3.0069890858162738e-49
CCNL1,14.841432,0.25484255,7.905081240792825e-50,3.981889590297661e-49
GRAMD1A,14.8359375,0.61985654,8.579684284301822e-50,4.318210453090941e-49
DYNLT3,-14.835818,-0.8890358,8.594923820093109e-50,4.3223948075101605e-49
UQCR11,14.831967,0.22809234,9.102596241398105e-50,4.574017966390143e-49
PARP1,14.8076315,0.4335195,1.3076775638591777e-49,6.5657406886927825e-49
GTDC1,14.805882,1.4683572,1.342147200713278e-49,6.733392829301904e-49
FBXO32,14.803745,1.0005974,1.385482829733831e-49,6.94521955049706e-49
RNF7,14.796333,0.38192362,1.5468877439544148e-49,7.748095032118381e-49
BPTF,14.789808,0.40543398,1.7043962916833845e-49,8.5301822424988e-49
ATP6V0D1,14.789403,0.60159993,1.7146818167034063e-49,8.574783027280415e-49
RSBN1L,14.758928,0.4640437,2.695307586646449e-49,1.3467906043443145e-48
IP6K2,14.741586,0.7692774,3.485048975820282e-49,1.7400152526475508e-48
PSMA4,14.73088,0.54550844,4.083575700350869e-49,2.037217901350102e-48
CLPP,14.71121,0.45663336,5.46217825102323e-49,2.7227998773670912e-48
PIGT,14.68858,0.7057055,7.629674720908954e-49,3.8002234583553695e-48
RASGRP1,14.685944,0.5480251,7.932221849703107e-49,3.9477668711321444e-48
RLF,14.677568,0.60352075,8.97518669539533e-49,4.463278100873487e-48
LAMP1,14.6715,0.42187083,9.815105623738798e-49,4.8770759711587446e-48
DGUOK,14.667131,0.41423896,1.04677337920282e-48,5.1972256639656323e-48
KLRG1,-14.661401,-1.9745885,1.1389905051026359e-48,5.65058803048136e-48
SORBS3,-14.661331,-3.0228698,1.1401507412074055e-48,5.651851291402238e-48
LIMD2,-14.655243,-0.23068953,1.2471045694311508e-48,6.177126680809375e-48
ZNHIT1,14.648698,0.47718298,1.3732304224579313e-48,6.796456040095123e-48
NUDT5,14.645696,0.5830452,1.435237365909553e-48,7.097715055975849e-48
PHYKPL,14.645166,0.55587476,1.4464693839877545e-48,7.147597328161184e-48
PSMF1,14.642959,0.4341344,1.4942121761631654e-48,7.377672619805629e-48
CBX3,14.641057,0.36219895,1.5365968733680987e-48,7.580949475644508e-48
CTCF,14.632368,0.563975,1.7460148937389053e-48,8.607329345832945e-48
FMNL1,14.626932,0.42248648,1.8912565667730858e-48,9.315968613441854e-48
RIC8A,14.621066,0.74147457,2.0614755146116624e-48,1.0146426409062606e-47
TWF2,14.620201,0.46345246,2.087830955842444e-48,1.0268048065731043e-47
AGFG2,14.567537,1.0584415,4.51887229926122e-48,2.220652127534588e-47
SIT1,14.560056,0.43952242,5.0416490095796215e-48,2.475604364184612e-47
SAMD9L,14.539436,0.9019599,6.815122778210986e-48,3.343803558082922e-47
SF3B6,14.529376,0.35736126,7.893567372962997e-48,3.869894263524121e-47
TXNDC15,14.524624,0.8014541,8.460567089383882e-48,4.1446153222013197e-47
FAM53B,14.516983,1.138988,9.458266413519741e-48,4.629728681315819e-47
SNX6,14.508083,0.3352063,1.0768787170368591e-47,5.267084696729653e-47
SSR2,-14.484089,-0.2222989,1.5273384745897452e-47,7.46446313227455e-47
SKA2,14.474069,0.9463946,1.7670255136401762e-47,8.629112856516697e-47
RNF10,14.470449,0.4971942,1.8625197599740842e-47,9.088339188427099e-47
PBX4,14.458456,0.4656686,2.217164685274626e-47,1.0810410000624172e-46
MYCBP2,14.455394,0.3762471,2.3180089433721185e-47,1.1293281667123646e-46
IRF9,-14.431171,-1.0584922,3.294372479955631e-47,1.6037580848208341e-46
PRNP,14.429266,0.4592241,3.386683872081306e-47,1.6474118507918497e-46
USP12,14.425268,0.81349206,3.588732377663812e-47,1.7443363527258453e-46
SNRNP70,14.41019,0.3988864,4.464858785592679e-47,2.1684967845045846e-46
EVI2B,-14.395249,-0.36978787,5.542498058987149e-47,2.6897924094975737e-46
PPP1R18,14.392584,0.37402302,5.760324429724522e-47,2.793332149643414e-46
NFYC,14.390012,0.681472,5.978598367683457e-47,2.896927982353451e-46
SMC5,14.387062,0.56920433,6.239027942783117e-47,3.0207737308696227e-46
ZMYM2,14.383287,0.64054245,6.588923425348106e-47,3.187710937798258e-46
EZH2,14.38273,1.2745336,6.64224903132504e-47,3.211020620023205e-46
PPP4R3A,14.369159,0.45414996,8.080634417652626e-47,3.903346702830498e-46
CTNNA1,14.360141,1.2390419,9.20401276603864e-47,4.442555581813392e-46
PLAGL2,14.35791,1.4125353,9.50500549935593e-47,4.584292065029394e-46
PPIF,14.355376,1.0171134,9.858942880057224e-47,4.751325290690126e-46
NDUFB2,14.350149,0.30093798,1.0630836493370512e-46,5.1193711848090564e-46
ANXA7,14.344173,0.4273683,1.1587203161893908e-46,5.575615646366991e-46
HNRNPAB,14.340072,0.41349158,1.2292878222019627e-46,5.910620414763058e-46
RAB7A,14.336265,0.35385004,1.298588499004116e-46,6.239022957878897e-46
DNAJC8,14.316234,0.35932773,1.7326183110744176e-46,8.317900676473415e-46
KAT6B,14.305914,0.5772469,2.0097967268404272e-46,9.641154013997776e-46
LYPLA1,14.299812,0.61779916,2.194002659915635e-46,1.0516720891346757e-45
TAP2,-14.294988,-1.5237913,2.3514729061213145e-46,1.1262887495858115e-45
FAM118A,14.285651,0.7132285,2.688850430185878e-46,1.2868953630973974e-45
CD37,-14.270819,-0.17829615,3.3265145166230574e-46,1.5908641454593486e-45
CYC1,14.250889,0.58418226,4.4261211248995454e-46,2.115116534494492e-45
JTB,14.243743,0.29551953,4.902897209340668e-46,2.341161551912403e-45
R3HDM4,-14.231585,-0.47802785,5.834470918271834e-46,2.7838633792763394e-45
SEL1L3,14.221789,1.0081683,6.711486264584106e-46,3.1998766827554934e-45
RNPS1,14.21168,0.33447114,7.754222956383894e-46,3.69420652448793e-45
GSTO1,14.204509,0.5678841,8.590330922639761e-46,4.089416879343612e-45
DCAF7,14.200146,0.55950814,9.142256636042613e-46,4.3488432671906975e-45
MEA1,14.199656,0.5128907,9.206374253865228e-46,4.376007747020022e-45
CA5B,-14.190701,-0.9911209,1.0460882667175948e-45,4.9685212120125636e-45
TIPARP,14.18272,0.4745419,1.1721291048220654e-45,5.562933645014837e-45
ETFB,14.180646,0.5317205,1.2073023391926303e-45,5.72551208123192e-45
MBOAT7,14.178569,1.0391312,1.2435675217624765e-45,5.893018149825069e-45
TAGLN2,-14.16515,-0.23148787,1.5054542808696867e-45,7.128634421022546e-45
PTBP1,14.158505,0.42520678,1.6547671572261777e-45,7.829720870544788e-45
SSNA1,14.157985,0.44472137,1.667064962497059e-45,7.881933659806171e-45
IDH2,14.122462,0.527879,2.7617108331629706e-45,1.3047567986199923e-44
SAP18,14.121607,0.20750587,2.7954339905454244e-45,1.3196901312400902e-44
SS18,14.115288,0.73424965,3.0576684721823616e-45,1.4423967448896538e-44
FURIN,14.11195,1.6015091,3.205878371249225e-45,1.5111697065684602e-44
NUTF2,14.108642,0.45079958,3.359892208432822e-45,1.5825726243644713e-44
SPAG9,14.100072,0.6501724,3.7938515657568534e-45,1.7856280257834481e-44
ARF3,14.099312,0.6800572,3.834914733587825e-45,1.8035947891726915e-44
ZDHHC24,14.075293,0.94471884,5.388165482628162e-45,2.5321943356236716e-44
IER5,14.0752,0.56906253,5.395214155506691e-45,2.533599062792871e-44
SFXN1,14.049134,0.49539086,7.798174345664776e-45,3.659278653480742e-44
MPDU1,14.041168,0.92012143,8.726188361439483e-45,4.0916710416035924e-44
CKAP2,14.040084,0.8310983,8.860726893876577e-45,4.151636377228507e-44
RHEB,14.033067,0.48720536,9.782818454159278e-45,4.580237807382449e-44
CTBP1,14.032626,0.6799659,9.843735102308187e-45,4.605303656184813e-44
DEF6,14.01863,0.358416,1.1990706855465606e-44,5.605543182394071e-44
TM2D3,14.013385,0.5687545,1.2910162024904528e-44,6.030862365077032e-44
CLNS1A,14.00091,0.4456642,1.5388827187732273e-44,7.183371015604871e-44
RNF125,-14.000136,-0.5256213,1.5557128073865386e-44,7.256504955829138e-44
B3GAT3,13.999629,0.6649721,1.5668570974610666e-44,7.303028487867451e-44
TMEM208,13.997838,0.640258,1.6068431264532477e-44,7.483811904622925e-44
TIMM8B,13.98166,0.6999797,2.0172768293800244e-44,9.388385303624708e-44
ASXL1,13.975104,0.43810955,2.2118920945325727e-44,1.0286451983590005e-43
NDUFS5,13.973017,0.21960488,2.2777105945921554e-44,1.0584655116045898e-43
TMEM14C,13.969428,0.5305525,2.395428326858245e-44,1.1123413830299335e-43
BNIP3,-13.967659,-1.2024955,2.455674847425127e-44,1.139469644816373e-43
ATRX,13.958915,0.3203383,2.776273256670191e-44,1.2872749921900938e-43
PDE4B,13.958256,0.31962228,2.802059396700387e-44,1.2982667182484868e-43
CHD1,13.945449,0.33559507,3.3532967383101757e-44,1.5525166872250598e-43
JUNB,13.934077,0.25936416,3.932487835954033e-44,1.8193222078716915e-43
TBX21,13.929911,1.1624961,4.1687551431431103e-44,1.927200062841196e-43
TALDO1,13.92057,0.41020104,4.750988636715351e-44,2.1947387181155077e-43
IL12RB2,13.912022,1.0468673,5.354436933483574e-44,2.4716746229194517e-43
PAPSS1,13.898622,0.90122503,6.457285515507582e-44,2.9785601553793656e-43
MFNG,-13.896172,-0.6396305,6.682078313429616e-44,3.079974206359988e-43
SEC13,13.893636,0.49984613,6.922974463374798e-44,3.1886556181492334e-43
PLEKHA3,13.88593,0.7236177,7.709300994808855e-44,3.5482114681859927e-43
TIFA,13.885361,0.6977942,7.770796032820519e-44,3.5738790007982947e-43
PTEN,13.879865,0.64701444,8.390253527299223e-44,3.855933156397235e-43
HNRNPR,13.875936,0.3467522,8.862958338592047e-44,4.070178292211403e-43
NDUFA2,13.874379,0.38297164,9.057425307160462e-44,4.156425833969738e-43
TSG101,13.86616,0.71951276,1.0156959109825755e-43,4.657573975343316e-43
REST,13.852715,0.44897032,1.2249428269831102e-43,5.612972234362401e-43
TIMM17A,13.835315,0.6710445,1.560516081704595e-43,7.145400488568142e-43
EIF4E,13.82372,0.564166,1.833453901989126e-43,8.388992523690715e-43
YIF1A,13.815299,0.71868134,2.0609693514562135e-43,9.423084045742291e-43
SLAMF6,13.814734,0.7605735,2.077191177499374e-43,9.490300248004095e-43
RPS27L,13.813581,0.3475087,2.1106982265639823e-43,9.636333307963287e-43
SMNDC1,13.811484,0.5201972,2.1730826395446394e-43,9.913895287571707e-43
SF3B2,13.802046,0.25944722,2.477201840156125e-43,1.1293072815496256e-42
TMSB10,-13.794847,-0.1546264,2.7373500366723902e-43,1.2469928159760866e-42
MAP4,13.783133,0.5579632,3.219929630499567e-43,1.465760818668694e-42
MAN1A1,13.7665825,1.1995649,4.049191482416528e-43,1.841909915580288e-42
PNISR,-13.766101,-0.28712615,4.076279203418107e-43,1.8528811732361547e-42
CLTC,13.762748,0.599461,4.2698581424545986e-43,1.9394603105574347e-42
IST1,13.757284,0.5547114,4.605040664347735e-43,2.0901860935413973e-42
TSC22D3,13.756429,0.2000756,4.659862453829807e-43,2.1135320911592897e-42
COMMD4,13.7413225,0.8899143,5.7416921375185164e-43,2.6023166761258577e-42
HDLBP,13.732704,0.6757291,6.467398533192676e-43,2.9291026303088166e-42
DNAJA4,13.7322445,0.89563924,6.508566488659333e-43,2.9456101128152936e-42
PNKP,13.721571,0.71080697,7.541377130474409e-43,3.410560483426868e-42
SIPA1L1,13.7200365,1.1207526,7.702641621729038e-43,3.4809693237661786e-42
CTSW,-13.68105,-1.0212957,1.317751853557065e-42,5.950860577459944e-42
OAS1,13.678506,1.2283806,1.3646779111496263e-42,6.158318758846579e-42
AKT1,13.676134,1.1414835,1.4099231852583716e-42,6.3578978317901e-42
DYNC1H1,13.666097,0.4060184,1.618465543659515e-42,7.293027767493887e-42
JAK1,13.62677,0.20705895,2.7759754163681315e-42,1.2499900846719704e-41
PNPLA8,13.618132,0.49128076,3.124576934323465e-42,1.4059469824883017e-41
KDELR1,13.605742,0.40301326,3.701885510391537e-42,1.6645149474318142e-41
TNFSF10,13.602172,0.65480596,3.8871703573903146e-42,1.7465680489901335e-41
NFKBIB,13.6002445,0.6757945,3.9909888128613314e-42,1.791925264825005e-41
APLP2,13.595271,0.7662094,4.271734402370262e-42,1.9165991664408917e-41
PARP14,13.593842,0.71330607,4.356024148061803e-42,1.953013412934893e-41
CTBS,13.588436,0.65493643,4.689974321676157e-42,2.1012297014774514e-41
REEP3,13.583005,0.6947598,5.051113977286769e-42,2.2614061931310418e-41
ASXL2,13.5809,0.70170254,5.198334681545964e-42,2.3256492292135027e-41
UBE2L3,13.567942,0.37912917,6.204012305307658e-42,2.7735845843427715e-41
SUGT1,13.553901,0.47741455,7.512920699523694e-42,3.3563448880262974e-41
TIMMDC1,13.544615,0.8402322,8.525960590979907e-42,3.806188844657053e-41
SLC39A1,13.543028,0.9676701,8.712292002274289e-42,3.8865914500495953e-41
RPS10-NUDT3,-13.538825,-2.070047,9.225249237485442e-42,4.112484320796189e-41
AKNA,13.506327,0.41134006,1.4350460913726224e-41,6.392664279983252e-41
BLOC1S2,13.50541,0.54635525,1.4530309796120118e-41,6.468164296546766e-41
ETFA,13.500565,0.5768929,1.5518293425246993e-41,6.903041287738167e-41
CDC5L,13.493363,0.56471866,1.7111195474186393e-41,7.606194512421459e-41
IFT27,13.490293,1.1529776,1.7839175339986965e-41,7.92414898910026e-41
RSL24D1,-13.487034,-0.3084804,1.8645083973338809e-41,8.276242466401671e-41
MX1,13.486842,0.84355557,1.8693626800119096e-41,8.291892314111107e-41
QSOX1,13.477088,1.3191532,2.1336364385215383e-41,9.457404128418268e-41
STARD3,13.473288,0.5968814,2.2463785463382485e-41,9.950069913198729e-41
MCM6,13.469111,0.97329587,2.377098539082401e-41,1.0521611335044869e-40
ZNF326,13.468738,0.8034135,2.3891637486159425e-41,1.0567520166627992e-40
AK2,13.44538,0.60636926,3.2771606363764316e-41,1.4484957175372032e-40
ABCG1,13.435331,0.8059379,3.7538216844375937e-41,1.6580043264384305e-40
MTMR6,13.433396,0.73686343,3.8532515426818723e-41,1.7007173180960087e-40
LTA,13.4246645,0.96234465,4.3354264038670385e-41,1.9121834760801545e-40
BCL6,13.419732,1.3338628,4.633872820453287e-41,2.042372900596678e-40
PPP1R7,13.412255,0.48432547,5.125583817689774e-41,2.2574995487792435e-40
ZCRB1,13.396681,0.6462444,6.322857744547126e-41,2.782860027060551e-40
SYTL2,13.383042,0.99388003,7.597279478037928e-41,3.341410938860797e-40
COMT,13.37986,0.67886776,7.929711796369042e-41,3.4851641775450136e-40
RGS16,13.367664,1.2812195,9.342912868631135e-41,4.1033862922679035e-40
PLEKHA1,-13.34956,-1.769587,1.1915086191523333e-40,5.229398939613019e-40
SYNCRIP,13.348555,0.45205468,1.207688292164188e-40,5.29668491313893e-40
MRPL57,13.348082,0.3716021,1.2153904484967441e-40,5.326721761986081e-40
F5,13.334782,1.0031275,1.4527995133338566e-40,6.362752114187088e-40
ATP8A1,13.33455,0.80766016,1.4573172578676964e-40,6.378062416796839e-40
PICALM,13.327922,0.74868566,1.592723967566548e-40,6.9657955722374396e-40
TRPC4AP,13.302369,0.6603942,2.2424992389225354e-40,9.800726715767187e-40
CHCHD1,13.287888,0.7059708,2.721523317645272e-40,1.1885953131857343e-39
RANGAP1,13.257652,0.8692983,4.074531790805795e-40,1.7782624410083193e-39
DDRGK1,13.254498,0.5812336,4.249512010996776e-40,1.8533336450475804e-39
JOSD2,13.2529125,0.77646935,4.340258004745877e-40,1.8915887016493728e-39
SLC16A3,13.248763,0.9118497,4.5869947926703924e-40,1.9977274599480753e-39
MRPL28,13.24508,0.74925464,4.817667744425552e-40,2.0967269451157512e-39
IFITM1,-13.244931,-0.17831533,4.827237945569526e-40,2.0994280152125025e-39
NENF,13.244022,0.52181256,4.886057889132479e-40,2.1235297552977575e-39
DNAJC7,13.234224,0.5119679,5.566839892066273e-40,2.4177207909802096e-39
BAK1,13.232442,0.9546401,5.7005049660206646e-40,2.4740508687715554e-39
CD226,13.229393,0.737082,5.936492502555709e-40,2.5746803133043904e-39
VKORC1,-13.219649,-1.6406752,6.757853658271902e-40,2.9288725473107595e-39
RSF1,13.218191,0.3545276,6.8901311207417525e-40,2.984129654722365e-39
PFKP,13.21793,0.7241409,6.914061804343347e-40,2.992417456373567e-39
MFSD10,13.211504,0.5590367,7.530461208538033e-40,3.256937519229789e-39
DPYD,-13.209173,-0.63424414,7.7673102800797e-40,3.357048715926413e-39
CDKN1B,13.205766,0.26127115,8.126950233561717e-40,3.510055114716863e-39
DSTN,-13.198329,-0.51826507,8.970299152402638e-40,3.871620816745841e-39
SLIRP,13.192583,0.5080934,9.681073138750573e-40,4.1755063896988474e-39
CSNK1G2,13.191828,0.7579886,9.778519376332393e-40,4.214622888652657e-39
SSBP2,-13.188364,-1.4912851,1.0238279667814922e-39,4.4097379852886776e-39
PSMD11,13.184807,0.5283643,1.0732907022589244e-39,4.619591222619274e-39
CPSF6,13.182422,0.50499445,1.1077660977727006e-39,4.764692085595744e-39
SLC25A46,13.180562,0.8339951,1.1354168584590236e-39,4.880259375787029e-39
FIP1L1,13.177851,0.4755461,1.1769585108432567e-39,5.055332461233837e-39
NCK2,13.168923,0.5413842,1.3247363349489546e-39,5.6861619438902515e-39
FXYD7,-13.142151,-2.9105635,1.8878357345562598e-39,8.097582693722073e-39
ETF1,13.140233,0.516567,1.936303748217448e-39,8.299774514165586e-39
PIK3IP1,13.139822,0.2737978,1.946844997479369e-39,8.33923104273764e-39
RPL22L1,13.138208,0.28152984,1.9887997718652688e-39,8.51309970933549e-39
SPCS3,13.122663,0.39713565,2.4420273490023953e-39,1.04459853907635e-38
NDUFB3,13.120981,0.46150526,2.4968085338868323e-39,1.0673001410950493e-38
CASP1,13.118716,0.5102625,2.5725610175759983e-39,1.0989290424840388e-38
DGKA,-13.11737,-0.40425563,2.6186569014606983e-39,1.1178548373472105e-38
TMX4,13.113224,0.40456715,2.7658469428056048e-39,1.1798804354101013e-38
MPV17,13.109763,0.7656182,2.8950078094390705e-39,1.2341355012779534e-38
P2RY10,13.10879,0.42280492,2.9323981071563948e-39,1.2492216100179563e-38
ITPA,13.098771,0.67036206,3.3463080775587015e-39,1.4245776747642466e-38
RAB21,13.098285,0.62530476,3.367813932504345e-39,1.4327557432010646e-38
XAF1,13.087572,0.6526191,3.8780831029020294e-39,1.648713667929943e-38
MARK3,13.083333,0.60866565,4.100562091304132e-39,1.7421108244948323e-38
STAT5A,13.0806875,0.6565359,4.245836622460118e-39,1.8026031537941222e-38
UQCRH,13.079489,0.22271217,4.3133091098947855e-39,1.8300042253469311e-38
FOXP3,13.076944,0.82686263,4.460111542311935e-39,1.89100245486201e-38
PAFAH1B1,13.075778,0.37717682,4.5290416306810474e-39,1.918923884391067e-38
RBM5,13.070568,0.5694077,4.8502222448628944e-39,2.0536117388188142e-38
PHF1,-13.067504,-0.47982207,5.049521541035367e-39,2.1365467076340153e-38
S100PBP,13.052866,1.064102,6.120102647924091e-39,2.587775110141887e-38
RDX,13.047548,1.0172663,6.562533859209716e-39,2.7729704682009365e-38
SF3B5,13.0411,0.30648446,7.141986450276184e-39,3.015773845478597e-38
NPC1,13.030929,1.0590523,8.160824397707212e-39,3.44365821947875e-38
NT5C,13.026925,0.55226916,8.600394814686736e-39,3.626693516112157e-38
GTF2A2,13.013806,0.37842208,1.0212615260034519e-38,4.303641582570927e-38
OS9,13.008566,0.4728343,1.0937528916941311e-38,4.606013358342154e-38
UQCR10,13.003647,0.25245222,1.1664537111122304e-38,4.908858807182354e-38
VEZT,13.001506,0.82310563,1.1995829849700517e-38,5.044876960376073e-38
GOLGA7,12.999056,0.4274585,1.238623768348109e-38,5.205556187380841e-38
CCL5,12.993565,0.57601976,1.3308125639400557e-38,5.589233655147972e-38
MLF2,12.987338,0.42707226,1.4436129374399127e-38,6.058902718602888e-38
MLEC,12.985232,0.55805176,1.4838789599953136e-38,6.223715449819054e-38
CNOT2,12.981238,0.4190801,1.5633279437786611e-38,6.552538413111231e-38
FOSL2,12.97932,0.53265995,1.6029875668865331e-38,6.714258661032787e-38
NUDT22,12.96308,0.70386875,1.9812724674988187e-38,8.293173353226109e-38
ZNF207,12.953614,0.31739235,2.2414694095571615e-38,9.376012456465312e-38
MT-ND6,-12.936509,-0.26621085,2.8006856659127587e-38,1.1707353811762576e-37
NDUFB10,12.931109,0.32337755,3.0045326294324265e-38,1.2551063012240813e-37
RAB2A,12.927595,0.35445088,3.1450324965102237e-38,1.3129195860013584e-37
SERTAD2,12.917934,0.9066404,3.565841085058817e-38,1.4875945328778127e-37
SARNP,12.910625,0.55918884,3.9210453506953675e-38,1.6346856401930386e-37
ARL4A,-12.902557,-0.627646,4.3540622685078235e-38,1.8139988396366707e-37
KPNB1,12.895369,0.35611877,4.779728668883749e-38,1.9900124498000983e-37
PPP2CA,12.876832,0.3459819,6.077924005526755e-38,2.528821581232832e-37
YPEL3,12.868017,0.3015128,6.812836092399094e-38,2.8327055331554125e-37
SKP1,12.866881,0.14880754,6.913782047132211e-38,2.8727638985454148e-37
NCKAP1L,12.864393,0.49213156,7.139998204709759e-38,2.964785681676221e-37
CANX,12.855524,0.34604183,8.008171482507676e-38,3.3230716903145213e-37
CCL20,12.849335,1.0599203,8.675327713493356e-38,3.5975229408579427e-37
USO1,12.848262,0.6170441,8.796449702513087e-38,3.6453281934518046e-37
ECI1,12.846993,0.92981684,8.941869833291192e-38,3.7031326894207253e-37
SERINC3,12.819517,0.369526,1.2749187107804932e-37,5.276371136592213e-37
PARP9,12.814214,0.7742913,1.3651528156561067e-37,5.646069398614819e-37
CCPG1,12.814114,0.6787891,1.3669116024510414e-37,5.649599543640363e-37
HSD17B10,12.80994,0.5814875,1.44246191244781e-37,5.957911843538572e-37
HIVEP1,12.806809,1.0231171,1.5018375254696728e-37,6.199052907709146e-37
GPR108,12.806626,0.62561256,1.5053937991866939e-37,6.209625050049013e-37
ZFAND3,12.8029785,0.66642165,1.5778213664135854e-37,6.504083981365381e-37
RAB1A,12.791393,0.51142764,1.8316157574232504e-37,7.545289730744888e-37
GMDS,12.78585,0.8742134,1.9670152248942746e-37,8.09771900960763e-37
OTULIN,12.782372,0.754004,2.056978249124546e-37,8.462492585884174e-37
ATP6V1D,12.777491,0.7136969,2.190238086416009e-37,9.004793081239996e-37
HS3ST3B1,12.772813,1.0491164,2.3259489435212894e-37,9.556449872624337e-37
TMEM263,12.75492,0.6107612,2.926733958171469e-37,1.2016938574307985e-36
MRPL33,12.743863,0.4067181,3.3727307964937006e-37,1.3839061736303212e-36
TOMM5,12.740492,0.3631305,3.521693716113631e-37,1.4440795323433096e-36
RAPGEF1,12.72169,0.9122975,4.4806446453649065e-37,1.836093449226683e-36
USP47,12.7159605,0.4811097,4.821500803915104e-37,1.974474180920877e-36
VPS25,12.711927,0.8406749,5.076749403390061e-37,2.0776388869873686e-36
NUCB1,12.705826,0.38497707,5.488691608321168e-37,2.2447525771646403e-36
PEF1,12.704497,0.59854645,5.582714593112505e-37,2.281710659830723e-36
KDM5A,12.698431,0.44530115,6.03271570361966e-37,2.464016931039941e-36
HIBCH,12.69693,0.8862689,6.1495111145106726e-37,2.510078408480125e-36
DCUN1D5,12.694199,0.7576196,6.367840454774672e-37,2.597496227336518e-36
TRIP12,12.691231,0.6037377,6.613849399313838e-37,2.6960832201905722e-36
CMC1,12.690792,0.68133986,6.650932006308799e-37,2.7094299380791913e-36
MBNL1,12.679227,0.18730196,7.708892584031258e-37,3.13836912047874e-36
IL16,-12.666128,-0.36341694,9.110114099575974e-37,3.706403004918752e-36
TSTA3,12.662234,0.6811688,9.573530309969719e-37,3.892404082379219e-36
COX7B,12.655011,0.2768264,1.049611785196681e-36,4.264731218367504e-36
TMEM165,12.646987,0.53157467,1.1624818910964615e-36,4.7202664166122424e-36
TOMM34,12.644307,1.2364416,1.2028061611908747e-36,4.880827862153608e-36
RAB35,12.643125,0.7497847,1.2210406063979123e-36,4.951601315483672e-36
IL2RG,-12.627634,-0.16485617,1.4868122032170782e-36,6.025451272907653e-36
TXNDC11,12.614555,0.7099042,1.755461348351873e-36,7.10956150231281e-36
FAM160B1,12.606898,0.7540939,1.9345800198009963e-36,7.829905255238662e-36
VASP,12.604439,0.4359289,1.9958705613805052e-36,8.07273374826684e-36
ARGLU1,12.593732,0.24416706,2.286052938444389e-36,9.240451029035901e-36
PPM1B,12.583424,0.57050437,2.604903098000363e-36,1.0522459698783344e-35
ANKRD28,12.579014,0.80014926,2.754465004216604e-36,1.1119415324266382e-35
CCSER2,12.57168,0.44524843,3.022328090816594e-36,1.2192856893850266e-35
ATXN7,-12.570859,-1.7971935,3.053894257379121e-36,1.2312244225002e-35
EIF5A,-12.569386,-0.274668,3.111308815095369e-36,1.2535621894777402e-35
UQCRC2,12.554105,0.4019399,3.7742447378175205e-36,1.5196813812076868e-35
AUP1,12.527478,0.32254693,5.2815487753883894e-36,2.1252189495292675e-35
PCED1B,12.525048,0.39647034,5.445800531068827e-36,2.1898995563402415e-35
ZMAT2,12.5218315,0.40643895,5.6711046529922766e-36,2.279031818372492e-35
CD320,12.50845,0.64521676,6.71216780251764e-36,2.6956653317575666e-35
PDCD6,12.485061,0.3404132,9.00748060399013e-36,3.61515668485546e-35
EMC6,12.484987,0.481015,9.015803151046923e-36,3.616171430956546e-35
RASSF3,-12.483695,-1.666297,9.163318819449192e-36,3.6729783398961083e-35
NDUFS3,12.480086,0.5210871,9.588232569267591e-36,3.840831801334983e-35
CCDC28A,12.476979,0.7106711,9.969810637929317e-36,3.991121756979914e-35
LRRFIP2,12.464449,0.6376987,1.1667545408839381e-35,4.667766083113242e-35
ABHD14A,-12.447898,-2.3921206,1.4357633667273807e-35,5.740294152303385e-35
JARID2,12.442039,0.89366204,1.545099473263684e-35,6.173473631650865e-35
BARD1,12.436697,1.2538764,1.6519472826612184e-35,6.596163142091276e-35
ARID4A,12.436079,0.45214528,1.664776751514244e-35,6.643140477110229e-35
LRRFIP1,12.4342,0.20765091,1.7043823008571056e-35,6.796837022140062e-35
NABP2,12.430548,0.9683051,1.7840755652427465e-35,7.11009936314175e-35
SLC1A5,12.410418,0.76466227,2.2945265599493115e-35,9.138570683244193e-35
TOMM20,-12.409182,-0.23971194,2.330215178780247e-35,9.274791409928266e-35
CD79B,12.407545,0.8295279,2.378339076098882e-35,9.460302214106515e-35
HIPK2,12.406058,1.3188556,2.422908351243483e-35,9.63144650962457e-35
TTC3,-12.404482,-0.41402653,2.4710503626351836e-35,9.81656608097147e-35
EGLN2,-12.401018,-0.78004915,2.580239017009471e-35,1.0243811517274877e-34
TRIM8,12.399586,0.7699366,2.626780480746084e-35,1.042195612227356e-34
MRPL52,12.381268,0.41554582,3.30089771521514e-35,1.3088248183391163e-34
JMJD6,12.370234,0.54282534,3.7872052204184693e-35,1.5006950971829631e-34
CYB5R3,12.356675,0.5100497,4.4831664434809374e-35,1.7753452902134854e-34
CXorf40B,12.34963,0.8949049,4.89360321841315e-35,1.936650455682718e-34
FRYL,12.345051,0.4838055,5.180152476190835e-35,2.0487535870663497e-34
ELOVL1,12.329047,0.58903027,6.318969836920876e-35,2.4975738285131847e-34
LAMTOR3,12.317752,0.6885606,7.269289692636326e-35,2.8713694285913485e-34
RPN2,12.31598,0.32282668,7.430699226005219e-35,2.933269694465438e-34
LSM2,12.309211,0.45098633,8.080956871631432e-35,3.1879425939223618e-34
ANP32E,12.2867155,0.38687083,1.0675658197871227e-34,4.208893418377405e-34
PSMB7,12.283573,0.5014379,1.109861248810571e-34,4.372881347112861e-34
AURKAIP1,12.269424,0.33038673,1.321891299540336e-34,5.204999116991317e-34
SF3B4,12.259555,0.41762805,1.493177534904819e-34,5.875738332497462e-34
ITSN2,12.256418,0.34230205,1.5521042515384447e-34,6.103769775583763e-34
RAB14,12.248496,0.36040118,1.7114106580228264e-34,6.726016320352935e-34
TOPORS,12.242701,0.6201183,1.8381201075423146e-34,7.219450969900305e-34
TMEM248,12.239996,0.43785056,1.9004259046556467e-34,7.459470484877919e-34
BAZ1B,12.229387,0.4892804,2.1656726180875885e-34,8.495262608098454e-34
TMEM259,12.227326,0.4017809,2.221293914763691e-34,8.707974448517712e-34
TIA1,12.224012,0.53049564,2.3137665376338416e-34,9.064794074935848e-34
NME3,12.210266,0.32085955,2.7399229508908803e-34,1.0727640612616048e-33
ATG5,12.195402,0.52313584,3.288769387870556e-34,1.2868470062507926e-33
IL12RB1,12.173916,0.721641,4.280429189891673e-34,1.673819459530948e-33
PHTF1,12.167157,1.0956323,4.649955168017132e-34,1.8171803508825873e-33
ACTN1,-12.160423,-1.3368666,5.049608453260538e-34,1.9721280573716535e-33
TMEM204,-12.155308,-1.096444,5.3759026941002526e-34,2.0982494505240572e-33
PLEKHB1,-12.139981,-2.5085886,6.484081500591679e-34,2.5291970403245414e-33
TMEM71,-12.139049,-1.5823476,6.558439079344399e-34,2.5566032663453086e-33
AP3D1,12.13869,0.7097848,6.587238634794239e-34,2.5662269862516138e-33
GMIP,12.125059,0.61864364,7.780418297417517e-34,3.0291697189134574e-33
LCP1,12.120226,0.2012789,8.253144880546995e-34,3.211214289245249e-33
HSD17B11,-12.11863,-0.6032973,8.415401281535933e-34,3.272306504552384e-33
KIF20B,12.113837,0.8612388,8.922082274761894e-34,3.4671678379071594e-33
CYCS,12.113549,0.20217599,8.953450394719222e-34,3.477192527283302e-33
MTCH2,12.110468,0.6602963,9.296274800273296e-34,3.6080877505289583e-33
LSM8,12.104191,0.32462993,1.0035385179662901e-33,3.8925319394826705e-33
TUBB4B,12.101353,0.19715731,1.038854735163374e-33,4.02701391438175e-33
SHKBP1,12.09709,0.47050413,1.0942183130846255e-33,4.238992235854219e-33
ARRB2,-12.094743,-0.4272977,1.1259440119244484e-33,4.359191425819158e-33
CD53,12.073155,0.21476601,1.4641023588781141e-33,5.664887056266776e-33
RABGGTB,12.071375,0.5083597,1.4961437349994752e-33,5.7852745044186644e-33
ARIH2,12.0712595,0.40413812,1.4982338584962049e-33,5.789769356578833e-33
MKNK2,12.063779,0.43910837,1.6407877291815798e-33,6.336730332810792e-33
DPM2,12.049717,0.7940222,1.94616983800031e-33,7.511469362374726e-33
RALBP1,12.044324,0.49342614,2.0777172740832536e-33,8.014235789588123e-33
XRN1,12.043924,0.4122273,2.0878100811943703e-33,8.048191918921597e-33
SSR4,12.033991,0.17717426,2.3549503659457913e-33,9.072373601152891e-33
RTCA,12.033269,0.62227106,2.3756429505548596e-33,9.146445190877777e-33
DBF4,12.030495,0.54137796,2.4568479532470913e-33,9.453260219614734e-33
CMTM8,-12.027243,-1.0867094,2.5555296031804587e-33,9.826900957146792e-33
SNU13,12.0205555,0.22178908,2.7710281660063605e-33,1.0649006640422227e-32
CHMP4A,12.019328,0.47647896,2.8125018806907942e-33,1.0801737992240768e-32
SNRPC,12.01638,0.37939596,2.9146221019347545e-33,1.118705814155892e-32
TCEA1,12.005531,0.25215003,3.323217975874657e-33,1.2747512838004753e-32
ZFP36,11.992344,0.170736,3.897209664136591e-33,1.4940101667000285e-32
NFATC1,11.992226,0.75682807,3.9027757138180606e-33,1.4952254898673124e-32
EIF4H,11.988998,0.3074072,4.057817184519856e-33,1.5536709845759767e-32
KIF21A,11.986816,0.9531432,4.166118963014632e-33,1.5941599293791733e-32
CNPY2,-11.978666,-0.8657442,4.596569946365647e-33,1.75779369088652e-32
SMG1,11.972738,0.42233166,4.937172060380045e-33,1.8863190072685976e-32
MFSD6,11.9727125,1.0538603,4.9387041465740886e-33,1.8863190072685976e-32
CHMP1A,11.969882,0.76717615,5.1101512068191786e-33,1.950608787875137e-32
CCDC124,11.961073,0.53527224,5.682294226239032e-33,2.1676771556208925e-32
OGT,11.947478,0.38846657,6.692490349968438e-33,2.5514863942671364e-32
YBX1,-11.947107,-0.1596557,6.72243837422665e-33,2.561339309740447e-32
HPRT1,11.94222,0.5448544,7.1294762206955e-33,2.714768828148909e-32
TARS,11.938586,0.70008796,7.447845644910218e-33,2.834268577431992e-32
PPP6R1,11.931027,0.66895086,8.156103951258812e-33,3.101904007300807e-32
GPS2,-11.921617,-0.5552824,9.131974103866942e-33,3.470928768710937e-32
RIC3,-11.920745,-1.0892388,9.227928947859795e-33,3.50526503734589e-32
UQCRC1,11.919776,0.4185837,9.335890619272141e-33,3.5441176006616447e-32
SLF1,11.91719,0.8814083,9.630214577585106e-33,3.653627305696574e-32
ILK,11.914638,0.5157709,9.92969086138663e-33,3.764957513117495e-32
STK39,11.894888,0.9654561,1.258215674197902e-32,4.7677741485544055e-32
XRCC6,11.89262,0.219663,1.292858766623603e-32,4.8960749772438754e-32
MRPL4,11.877904,0.53312397,1.5418498631671177e-32,5.835466947256509e-32
TOX4,11.877402,0.39902896,1.5511390392944486e-32,5.867065905597973e-32
S100A11,11.871252,0.20734724,1.6695044947680338e-32,6.31094945599473e-32
MRPL10,11.864978,0.6307029,1.7994946063225726e-32,6.798211766379646e-32
ZFR,11.85044,0.4217568,2.140647928776577e-32,8.082143813366375e-32
NBR1,11.849814,0.55928963,2.15668922937081e-32,8.137785659312711e-32
MTHFD1,11.843789,1.1730357,2.3174129969471918e-32,8.738957410240135e-32
TMEM64,11.826943,1.4558245,2.8327168822823744e-32,1.0675716221210327e-31
ERCC1,11.820298,0.7275093,3.0659541391044233e-32,1.1547748812402358e-31
CYB5B,11.8145,0.5588859,3.2849898384082766e-32,1.2365272365202685e-31
PSMA2,-11.805349,-0.51375794,3.662645748145347e-32,1.3778524481118211e-31
MAPRE2,11.799431,0.3917279,3.9296014998776507e-32,1.4773881301648444e-31
CAPRIN1,11.793619,0.41600347,4.2105243939345037e-32,1.582051941152633e-31
OCIAD1,11.791192,0.29931766,4.3336415306953423e-32,1.6273319370077997e-31
WDR33,11.788274,0.382406,4.4864285781907643e-32,1.683692168159264e-31
ZNRD1,11.782779,0.4131853,4.7887737208920094e-32,1.7960779322167686e-31
ERP44,11.771482,0.44997895,5.475366914866737e-32,2.052358253194192e-31
MFAP1,11.7673855,0.62419355,5.747857202961696e-32,2.1532038897769475e-31
APMAP,11.765969,0.531034,5.845129146006958e-32,2.188329394134939e-31
TGS1,11.764623,0.5303193,5.939115769953369e-32,2.2221835443812335e-31
ARHGAP5,-11.762214,-1.3511281,6.111066408067329e-32,2.285150716162265e-31
MAT2A,11.759966,0.3273419,6.275933768043873e-32,2.345395368045618e-31
SNAP23,11.749348,0.5262585,7.116626451278619e-32,2.657981189852176e-31
UBR2,11.74186,0.5739345,7.775700593781054e-32,2.902401160633227e-31
STAG1,11.741583,0.5514954,7.801248729471298e-32,2.91019685120325e-31
PCBD1,11.741331,0.84025663,7.824556898971949e-32,2.917148124640617e-31
CLSTN3,11.740014,1.1745069,7.947366222516353e-32,2.961164931028332e-31
LGALS9,11.736922,0.86596924,8.243236699161743e-32,3.069572806650862e-31
URM1,11.735741,0.5236314,8.359177774105957e-32,3.110890190113016e-31
MAD2L2,11.735101,0.7356327,8.422564453978835e-32,3.13261172570214e-31
YWHAG,11.728386,0.6600935,9.118080370209642e-32,3.389275734989778e-31
CDIPT,11.719488,0.5694555,1.012818145113146e-31,3.762498835506634e-31
MMADHC,11.714765,0.36416873,1.0708805405707222e-31,3.975827158656679e-31
PREP,11.712549,0.8752872,1.09924234218372e-31,4.078698845165634e-31
MAP3K14,11.6902075,1.0250612,1.4303684900708536e-31,5.304176914160545e-31
COMMD1,11.687599,0.55648524,1.4749729136756868e-31,5.466333702048671e-31
HNRNPH3,11.684899,0.2912107,1.5225943891658206e-31,5.639472749426639e-31
LAMTOR2,11.682689,0.50942785,1.5627371557181028e-31,5.784722769179525e-31
MARCH7,11.68183,0.40578222,1.5785920378616762e-31,5.839948374804221e-31
PHF6,11.67928,0.9220957,1.6266657500254858e-31,6.0142304181925695e-31
SRPK1,11.669562,0.5066051,1.8235849544453833e-31,6.7383029607422355e-31
GHITM,11.663935,0.27711406,1.948265177862557e-31,7.194747322509005e-31
NARF,11.661058,0.5529022,2.015210341612649e-31,7.437568150209664e-31
RNF145,11.656441,0.50765985,2.1275108906967667e-31,7.847396849195343e-31
DNAJB11,11.649397,0.5726271,2.3108757872101253e-31,8.518709857045714e-31
ERGIC3,11.647622,0.32695147,2.359514501363935e-31,8.692874854198534e-31
WBP1,11.637445,0.5918742,2.6585882511962443e-31,9.78893762579101e-31
HSPA9,11.633369,0.27127302,2.788671973820982e-31,1.026185246970327e-30
USP4,11.623936,0.5314587,3.114503407239393e-31,1.1454104752257544e-30
UBAP1,11.623207,0.5586282,3.1411879598869605e-31,1.154543819649854e-30
CCAR1,11.622093,0.42907044,3.182417676352768e-31,1.169009341855069e-30
RBM42,11.618794,0.51249343,3.307723476003185e-31,1.2143236596315223e-30
MARCH3,11.617815,0.923413,3.34584062608715e-31,1.2275950233633101e-30
LRPAP1,11.614834,0.39169046,3.4646068390023163e-31,1.2704236946071361e-30
FDFT1,11.612757,0.3723214,3.5498487591007196e-31,1.3009163890515319e-30
NSD1,11.612113,0.5028215,3.576669204125875e-31,1.309976085853849e-30
WAS,11.594576,0.27122715,4.390328502807026e-31,1.607040480118396e-30
ATP6AP1,11.587635,0.49923423,4.7609630749839214e-31,1.7416864332341532e-30
SNF8,11.586177,0.5162703,4.842676037854858e-31,1.7705413680288325e-30
RABL6,11.573317,0.6171303,5.6264643775677205e-31,2.0558995421779942e-30
IFRD1,11.570674,0.31658748,5.802484638634265e-31,2.1189763972917755e-30
MGST3,-11.567235,-0.41301978,6.039751937912791e-31,2.2043328564043118e-30
FXR1,11.556177,0.3545037,6.869985331646281e-31,2.505878343355023e-30
FBXW5,11.555945,0.4791681,6.88854585939634e-31,2.5111807656829766e-30
RIOK3,11.553633,0.4337872,7.076445897903933e-31,2.578172729061205e-30
SH3BP1,11.551514,0.49117827,7.253166532973019e-31,2.641015888698052e-30
HADHB,11.546434,0.5169575,7.694684774771415e-31,2.8001473865509273e-30
PTPN4,-11.541698,-0.6684214,8.130364244031373e-31,2.9569698861887992e-30
LYAR,-11.538058,-1.0126675,8.481789810542389e-31,3.0829848693998283e-30
SUPT4H1,11.457279,0.38360637,2.162006974660168e-30,7.853949667551868e-30
COPS6,11.451719,0.37790477,2.3052759961955354e-30,8.369533154308515e-30
RBM27,-11.445894,-1.4858121,2.465475796098104e-30,8.945950257818758e-30
OTUD5,11.422937,0.6667341,3.2119124176347035e-30,1.1647614990388255e-29
ZNF638,11.415473,0.3926187,3.4999382451927805e-30,1.2684735533245147e-29
RGS14,-11.4101925,-0.55831534,3.7190484248556956e-30,1.3471027985794773e-29
SPG11,11.400353,0.7143851,4.164245932912278e-30,1.5074860131847753e-29
BACH2,-11.399409,-1.1329466,4.209676841966969e-30,1.5230488794617885e-29
ANKRD37,11.385929,0.42931366,4.914142997697276e-30,1.7768926100016626e-29
TNF,11.385721,0.5569723,4.9258956063248945e-30,1.7801108557657018e-29
RPS10,11.382702,0.13675229,5.0994655020108534e-30,1.8417687614612116e-29
GLRX5,11.378304,0.6074049,5.363268475227732e-30,1.9359258851299176e-29
GPR174,11.377596,0.48630607,5.406974217372456e-30,1.9505737624636702e-29
FDPS,11.377059,0.50352556,5.44033865199828e-30,1.9614762291808935e-29
ACIN1,11.374735,0.36601073,5.5872103165188525e-30,2.0132667197109793e-29
C11orf98,11.359995,0.5461319,6.614837493112229e-30,2.3821812345362619e-29
SZRD1,11.357381,0.46611753,6.815730551474796e-30,2.4531127088670246e-29
EIF4E2,11.355304,0.48444146,6.979711596386944e-30,2.5106847304352115e-29
GCSAM,-11.354289,-2.8861735,7.06118351193305e-30,2.5385280125561154e-29
CDC123,11.34796,0.4778543,7.591252766316806e-30,2.727519200609279e-29
NCDN,11.347624,1.3202683,7.620568097493843e-30,2.736476725918244e-29
PGP,11.325759,0.79649293,9.78279052508961e-30,3.510891067687421e-29
SERINC1,11.311855,0.25952497,1.1463926051393252e-29,4.1118599130313377e-29
TMEM120A,11.308932,0.77446395,1.185233950025872e-29,4.248733533665404e-29
LMAN1,11.298758,0.36685923,1.3308811274139528e-29,4.768099377836096e-29
TMED8,11.284119,1.2491736,1.5720856380998895e-29,5.629022643362828e-29
EIF3I,11.281005,0.27185652,1.6287525799466085e-29,5.828580763444256e-29
USP48,11.275262,0.4669756,1.7385971424775765e-29,6.218100152551608e-29
EMC4,11.270175,0.3447015,1.8420372239044305e-29,6.584280821527807e-29
KDM2A,11.267794,0.37715903,1.8925234426297089e-29,6.760869379194053e-29
PTPRA,11.267116,0.47286746,1.9071544424796286e-29,6.809239631301695e-29
AIF1,-11.249495,-2.2936761,2.329239638119684e-29,8.311483465697512e-29
KDELR2,11.245745,0.44474444,2.4303690249839786e-29,8.667390334242863e-29
USP22,11.245659,0.5367688,2.432727800450772e-29,8.670847631418201e-29
PPP1R15A,11.243009,0.14560074,2.5069132003347087e-29,8.930162832927464e-29
SRSF11,11.236116,0.22575358,2.7104632726665645e-29,9.649744030069611e-29
OST4,11.231053,0.14308734,2.8703506920684814e-29,1.0213146333637053e-28
SETX,11.22955,0.43266737,2.9195974163409005e-29,1.0382454401927956e-28
STOML2,11.229171,0.5256798,2.932184195991545e-29,1.0421276518897058e-28
LARP4,11.226241,0.75046146,3.0310128471701744e-29,1.0766392247688707e-28
DCPS,11.22594,0.7438776,3.041344234484148e-29,1.0796945032659596e-28
GDI2,11.208577,0.25152192,3.700958011509313e-29,1.313114209768597e-28
ACOT9,11.20747,0.81714654,3.7475329517724065e-29,1.3288837018188402e-28
ARPC5,11.204529,0.2374712,3.874097735699466e-29,1.3729837574389759e-28
PHF19,11.20406,0.8432793,3.894690030000654e-29,1.379498324474125e-28
PDLIM2,-11.184075,-0.6319429,4.8796503916721136e-29,1.7273907030303834e-28
PSMB5,11.163851,0.5825851,6.127874292305009e-29,2.1680308082922652e-28
RBX1,11.163484,0.32503602,6.153197803029863e-29,2.1757567982271604e-28
GIMAP2,-11.160441,-0.5599729,6.367486437552615e-29,2.2502538423989733e-28
COPS2,11.156529,0.38903603,6.65383625192618e-29,2.350118395487905e-28
STOM,11.156401,0.4903056,6.663534799073013e-29,2.3522127082021877e-28
HSD17B7,11.144114,0.80047745,7.650257242962735e-29,2.69899691652518e-28
GNLY,11.128128,1.4985931,9.153733533251496e-29,3.227596100622745e-28
SEC61G,11.119241,0.24754229,1.0112860759235898e-28,3.563769847452921e-28
FERMT3,11.106883,0.3597287,1.1614253034140263e-28,4.09055040553439e-28
LPAR6,-11.094321,-0.88107526,1.3367062866558255e-28,4.7052362859667275e-28
AP1S1,11.087606,0.90383935,1.4409124867695907e-28,5.069185360726615e-28
HIVEP3,11.057184,1.2756101,2.0235075310697898e-28,7.114766479665667e-28
USP8,11.054057,0.485855,2.095258656155302e-28,7.362899365464662e-28
UGCG,11.052407,0.5670073,2.1341382615638326e-28,7.495304946775396e-28
PKIA,11.050968,0.86909777,2.1686362139742695e-28,7.612181446239266e-28
UBE2V1,11.044543,0.2910874,2.329495030079428e-28,8.172219495629966e-28
GZMK,-11.0335455,-0.9679334,2.6327676423133577e-28,9.23095666049307e-28
SLC35D2,11.0321245,0.95648056,2.674713676483364e-28,9.372761400860568e-28
PRDM2,11.028662,0.40565073,2.7797044789911134e-28,9.73520519269559e-28
ATP11B,11.028127,0.6009583,2.796286279302232e-28,9.787786129627162e-28
BRD7,11.028047,0.49753955,2.7987728232318834e-28,9.790998424770282e-28
ADD1,11.0214,0.439785,3.013351899971036e-28,1.0535758659786687e-27
MIER1,11.019042,0.30542877,3.093323053087325e-28,1.0809310847882416e-27
PSMB10,11.006341,0.249722,3.5617725312247667e-28,1.2439296232441951e-27
TMED5,11.002806,0.38530946,3.704257011184182e-28,1.2929680093288858e-27
CCDC47,10.999344,0.4738293,3.8492117278629255e-28,1.3428133255222203e-27
ZNF580,10.989964,0.7614354,4.270991605546198e-28,1.4891205927493757e-27
DENND1B,10.989185,0.6697343,4.307981889353897e-28,1.5011789487134377e-27
STUB1,10.985331,0.31314513,4.495910108252226e-28,1.5657910148215482e-27
DHRS3,-10.982985,-2.4486365,4.614208932808847e-28,1.6060946988098167e-27
NSF,10.980679,0.55307776,4.733534761875322e-28,1.6467107273614203e-27
TMX1,10.978148,0.4724592,4.868000237868708e-28,1.692545375183209e-27
ATF2,10.966728,0.6142764,5.523529831310586e-28,1.9193958617599873e-27
BDP1,10.9645,0.3584585,5.661236661975749e-28,1.9661534784301976e-27
TLE3,10.960567,0.81406313,5.912727301367654e-28,2.0523543430386835e-27
ANKRD13D,10.957173,0.6230993,6.138709086815249e-28,2.129609972807892e-27
RRP36,10.950013,0.9138785,6.643804785032281e-28,2.303554759077026e-27
SNRPB2,10.947611,0.29486474,6.822318490052402e-28,2.3641360186794582e-27
EHBP1L1,10.945986,0.9097173,6.945774640111763e-28,2.4055815498855445e-27
ETHE1,10.930606,0.46196973,8.229669463475445e-28,2.848661515338339e-27
FIS1,10.930349,0.2765552,8.25296475344641e-28,2.8551415203026076e-27
PET100,10.925356,0.3058993,8.719779519135624e-28,3.0149664254252315e-27
PPP1R35,10.911122,0.59376174,1.0198919561943952e-27,3.5244439084214955e-27
IWS1,10.90984,0.54494053,1.03438188398894e-27,3.5725386485749715e-27
MEAF6,10.907663,0.3223731,1.0594505554397016e-27,3.655701701094329e-27
EMC3,10.907647,0.45882502,1.0596321706905369e-27,3.655701701094329e-27
RBM19,10.881469,0.8688898,1.4126768314041537e-27,4.871003372813991e-27
HECTD4,10.87064,0.9369316,1.590819078001931e-27,5.482220798349007e-27
PDHB,10.869117,0.5698295,1.617585329114502e-27,5.5713852312381934e-27
SAMD3,-10.85996,-1.125338,1.7882905124898887e-27,6.155941030584333e-27
SGTB,-10.858954,-0.6725636,1.8080802978366976e-27,6.220633483351063e-27
EIF3A,10.856754,0.24986267,1.8521532553621155e-27,6.368753976151494e-27
DPP3,10.849455,1.0682331,2.0061917674369635e-27,6.894627103840357e-27
MEMO1,10.83791,0.9384673,2.2761137682774495e-27,7.81795598669211e-27
CDKN1A,10.836664,0.24729116,2.307307832066713e-27,7.920741573117906e-27
GPS1,10.835905,0.5257139,2.3265293406924388e-27,7.982336237087142e-27
PHF21A,10.831568,0.8603545,2.4394338819691464e-27,8.365113657895299e-27
GARS,10.826977,0.45481268,2.5648458034384317e-27,8.79033644110887e-27
EIF2AK2,10.825317,0.5699618,2.6117239301281756e-27,8.946086195351231e-27
PITPNA,10.800692,1.08409,3.416215969932616e-27,1.1695339477975566e-26
PCM1,10.790592,0.29592997,3.813260482516008e-27,1.304745541194211e-26
EIF4EBP2,-10.78169,-0.8299763,4.200977975763791e-27,1.4366193724242092e-26
KIAA0232,10.781394,0.7579603,4.214487199208957e-27,1.4404498691272236e-26
C1orf122,10.776544,0.6930237,4.442649511570388e-27,1.5176012918287242e-26
FAAP20,10.772729,0.37609988,4.630702242235437e-27,1.5809744362030286e-26
PDE4DIP,10.764485,0.6436565,5.064389765641703e-27,1.728094944088019e-26
KXD1,10.763269,0.44624949,5.1316698816958216e-27,1.750095723041728e-26
EIF1B,10.760351,0.26636168,5.2968094116019054e-27,1.8054280468491257e-26
XRN2,10.748464,0.29828206,6.025687720257506e-27,2.052746564526588e-26
SDHAF2,-10.747473,-0.6430996,6.0907805640087315e-27,2.0737894980893887e-26
TOLLIP,10.74198,0.7701904,6.464340795427972e-27,2.1997792205161384e-26
DHX36,10.735311,0.2932944,6.948522838630344e-27,2.3632550973238134e-26
SMIM15,10.726757,0.6207905,7.622463677038505e-27,2.5910564165793744e-26
FKBP3,10.725166,0.5228469,7.754746370907001e-27,2.6345874850751546e-26
BLVRA,10.722554,0.8243635,7.97692134507299e-27,2.7085944567247296e-26
PSMD12,10.713933,0.45794538,8.756082675163179e-27,2.971544968770712e-26
KIF13B,10.703087,0.8610431,9.844301378906392e-27,3.339037223138847e-26
CDR2,10.697473,0.5539767,1.0459214009405571e-26,3.545679230456283e-26
POLR2L,10.697007,0.22145174,1.0511838581350048e-26,3.561584396645258e-26
PHF5A,10.690244,0.43794084,1.1307333106262795e-26,3.8290323340307167e-26
RAB5A,10.680038,0.42387658,1.2621923095042274e-26,4.271877550767833e-26
H2AFX,10.673974,0.35734776,1.347371239642655e-26,4.5576931743142604e-26
STX6,10.673107,0.86591226,1.3600054221140894e-26,4.597938157862422e-26
MRPS34,10.670583,0.3229898,1.3974678719687856e-26,4.722034103387759e-26
CCDC12,10.665405,0.37354437,1.4775357444278712e-26,4.9898812667610085e-26
YTHDF2,10.663074,0.36155996,1.5150608234981642e-26,5.113842401001645e-26
PSMD2,10.662226,0.41600865,1.528938598375698e-26,5.157895022952828e-26
APEX1,-10.652052,-0.3765049,1.705633097759887e-26,5.750867727239036e-26
EP300,10.648647,0.59405863,1.7691647718780976e-26,5.961856015815986e-26
HAGH,10.645434,0.49966902,1.8312799166754697e-26,6.167845634091532e-26
DUSP11,10.643388,0.46225798,1.8719582516066746e-26,6.301451698099923e-26
ABHD12,10.63325,0.88126695,2.0871015865242797e-26,7.021887332343952e-26
TES,-10.627926,-0.4285071,2.2097269583816182e-26,7.430445014687327e-26
UQCRFS1,10.621637,0.2576883,2.3637702228353782e-26,7.94415183668045e-26
TSR3,10.614929,0.5902688,2.5398580273794943e-26,8.531353040298936e-26
ZNFX1,10.612879,0.46731937,2.59623243606026e-26,8.716022933540656e-26
SYAP1,10.607141,0.2771495,2.760688757845699e-26,9.263149751459682e-26
LGALS8,10.599399,0.54336345,2.999028849005815e-26,1.0057463216896988e-25
GATA3,10.5973835,0.3713847,3.0643305577072534e-26,1.0270938244173452e-25
CCNT2,10.595213,0.55395246,3.1362686877307605e-26,1.0506415931362144e-25
TMX3,10.594345,0.7094206,3.165482821452251e-26,1.0598593502512608e-25
LDB1,10.594253,0.8156617,3.168619437968454e-26,1.0603406923518027e-25
CSRNP1,10.590501,0.22019571,3.298208312498613e-26,1.1031145808308597e-25
TUBA4A,10.580797,0.22222047,3.658339576943252e-26,1.2229082645796913e-25
ZDHHC18,10.579584,0.87628037,3.7059995997862534e-26,1.2381768470163816e-25
CCT5,10.578604,0.33480564,3.744974356530505e-26,1.2505288902678908e-25
KPNA4,10.568574,0.4317064,4.167847241720475e-26,1.3909911569827534e-25
NFKB2,10.565811,0.4129273,4.2924106258811793e-26,1.431797686591365e-25
C1QBP,-10.56337,-0.28567436,4.405586293007466e-26,1.4687641054839527e-25
KEAP1,10.559253,0.78515095,4.603122998679205e-26,1.5338008881343788e-25
TTC7A,10.554565,0.90442854,4.838756896978172e-26,1.6114558054450786e-25
PSMG2,10.549373,0.33740878,5.1137606709680006e-26,1.7021322852006022e-25
CAND1,10.547642,0.45180568,5.208789868312967e-26,1.7328388895597668e-25
ARHGDIB,-10.539864,-0.12520723,5.65806586327e-26,1.8812993634879101e-25
RPS6KA1,10.538704,0.6509963,5.728316294343176e-26,1.903643343609998e-25
ACTR1A,10.53762,0.6014069,5.794711720553016e-26,1.9246831212331758e-25
ATP6V1B2,10.5189495,0.6767936,7.065723343224886e-26,2.3455946481418357e-25
COPB1,10.517144,0.35769245,7.202339522143639e-26,2.3896757553268714e-25
YWHAZ,10.506401,0.10994701,8.07155679402279e-26,2.6766517508765266e-25
FLOT1,-10.500669,-0.6356627,8.577063232537277e-26,2.8427749141935816e-25
SMARCE1,10.498793,0.3869389,8.749159509091987e-26,2.8982751855755357e-25
IFI44,10.495374,0.88166255,9.071837023522235e-26,3.00357214131577e-25
BIRC6,10.479964,0.39593372,1.0678370438171793e-25,3.5336007372550453e-25
PSMC5,10.475327,0.27281058,1.1214957617802622e-25,3.70919716442534e-25
DPP7,10.462617,0.2503248,1.2826280999055296e-25,4.239873925588141e-25
MORF4L1,10.460495,0.17179711,1.3116898522057381e-25,4.333645509590266e-25
CLPTM1,10.450052,0.60362446,1.4644424678068597e-25,4.835759492900852e-25
CREG1,10.449093,1.1171389,1.479337901443967e-25,4.882362687949127e-25
TNIK,10.446882,0.3720033,1.5142161833824207e-25,4.994832558398355e-25
NME4,-10.4321575,-1.382152,1.7682650950691182e-25,5.829763580732365e-25
U2AF1,10.428636,0.4924301,1.8350369223906764e-25,6.046708253769911e-25
MDFIC,10.4189005,0.35489,2.0328871408901493e-25,6.695118019153257e-25
PDXK,10.416991,0.6946315,2.07410129480864e-25,6.827250095411773e-25
SVIP,-10.41287,-0.4891917,2.165901963786558e-25,7.125669033206067e-25
SAMD9,10.399107,0.50213563,2.5026683329697006e-25,8.229269265576345e-25
PDZD11,10.398803,0.8068004,2.5106847097855646e-25,8.251281344798161e-25
RNF5,10.394384,0.46043321,2.629803315613429e-25,8.638211838286004e-25
MYO5A,10.382655,0.7254009,2.973862192679326e-25,9.763216172809929e-25
YPEL2,10.382502,0.7240129,2.978650004451096e-25,9.773793205982803e-25
AGTRAP,10.371844,0.67803586,3.3303392236979437e-25,1.0922042614345174e-24
NASP,10.371773,0.29680723,3.3328333321332254e-25,1.0924481526178289e-24
ESYT2,10.37089,0.5145922,3.3637703410588814e-25,1.101933045963107e-24
KCMF1,10.370847,0.7277874,3.365301050481785e-25,1.101933045963107e-24
TET2,10.365593,0.90589094,3.5554595100730425e-25,1.1635879812462432e-24
GSTP1,-10.361413,-0.27392492,3.714354007300866e-25,1.2149519580484647e-24
RBM33,10.358273,0.40215558,3.83832826414274e-25,1.2548458196183783e-24
GBF1,10.357993,0.67050946,3.8495413556338264e-25,1.2578527539534403e-24
NCL,10.352607,0.12871243,4.072442276668857e-25,1.329990175232357e-24
CDC14A,-10.348634,-0.51894987,4.245002985074362e-25,1.3856204827326932e-24
DCTN2,10.347339,0.3996579,4.302787350589195e-25,1.4037478230542165e-24
MAP3K5,10.343647,0.6474447,4.471884801914756e-25,1.4581521969043883e-24
FBXW11,10.318899,0.6409393,5.7883200304144195e-25,1.886418031844198e-24
FAM89B,10.31319,0.85536575,6.142735937877859e-25,2.0008776089924697e-24
P4HB,10.308724,0.25769955,6.434972693239408e-25,2.094974678065057e-24
SBNO2,10.292174,0.8304085,7.64309140771294e-25,2.4869934033126414e-24
OVCA2,10.289807,0.64474887,7.833316358603102e-25,2.5475626573237083e-24
TPR,10.286691,0.2106507,8.090966143315381e-25,2.62998540106413e-24
LRRC8C,10.286056,0.5966903,8.144475656860082e-25,2.6460006545790617e-24
MAF1,10.285185,0.3505847,8.218453928497271e-25,2.668645731932959e-24
ZMYM5,10.283429,0.5515864,8.369580775854808e-25,2.7163054405673352e-24
TIMM23,10.273993,0.5987891,9.230394105982543e-25,2.9941210818834225e-24
SLU7,10.265707,0.41993314,1.0058146130126396e-24,3.260929350551628e-24
MVP,10.263855,0.34909,1.0253027630513757e-24,3.322385536969697e-24
MFF,10.260294,0.3535943,1.0638237054723832e-24,3.4454196916726225e-24
RBM18,10.253651,0.65904194,1.1395600657902731e-24,3.688793760683141e-24
PPP2R2A,10.252429,0.44010055,1.1540582307446833e-24,3.733788189775826e-24
NCOA1,10.251854,0.914087,1.1609518135441676e-24,3.754145216750855e-24
PRPF4B,10.249717,0.27658385,1.1869102868518912e-24,3.8360989643928806e-24
SLC25A11,10.246295,0.6057676,1.2296755734326747e-24,3.97225944813319e-24
TAF15,10.245935,0.28168893,1.2342460201827917e-24,3.984960895996277e-24
CNIH4,10.24514,0.5047748,1.244439361132871e-24,4.015794236210056e-24
DNTTIP2,10.235155,0.2948666,1.3797370714280409e-24,4.450097706864292e-24
FKBP11,-10.224821,-0.3528151,1.535116936491816e-24,4.9486904962011485e-24
SHMT2,10.214752,0.5258624,1.7031320968271473e-24,5.487479306297484e-24
SF3B3,10.214125,0.5132689,1.7141893440582588e-24,5.520255777227861e-24
SUPT6H,10.213035,0.4632599,1.7335716391744377e-24,5.579794017580024e-24
GZMM,10.210946,0.31054416,1.771285667405649e-24,5.6982442527209556e-24
HP1BP3,10.209984,0.2179184,1.7889441026942734e-24,5.7520866279829776e-24
HUWE1,10.199672,0.47237644,1.9894366925490535e-24,6.393447166940599e-24
RB1CC1,10.195577,0.41919798,2.0750863908587677e-24,6.66526719781244e-24
TMEM134,10.1954775,0.46020406,2.077215951684475e-24,6.668675285217493e-24
FARSA,10.1912565,0.61590016,2.169411368383915e-24,6.961077814953221e-24
SH2D3A,-10.179587,-1.8440373,2.4459697495975673e-24,7.844448719033103e-24
RAB33A,10.17273,1.1350474,2.624462662389874e-24,8.412568811492143e-24
DAZAP1,10.163283,0.4313471,2.8917020778641343e-24,9.264431554389149e-24
UBE2J1,10.154919,0.42205843,3.1507296687512588e-24,1.0089124608864344e-23
SMIM19,10.154238,0.5098232,3.172812099419643e-24,1.0154625801270764e-23
IL10RB,10.152059,0.62685627,3.2444513017559952e-24,1.0378585635191782e-23
TNPO1,10.150216,0.54321915,3.306307485930349e-24,1.0571037407628744e-23
SLC35B1,10.142301,0.84658295,3.58552822158535e-24,1.1457901500724101e-23
NAA60,10.138744,0.6427273,3.718467638833991e-24,1.1876641010216446e-23
TM9SF2,10.1355,0.3439393,3.844035765148316e-24,1.2271420567923603e-23
SDF2,10.1336975,0.44497532,3.915565910315148e-24,1.2493377733270367e-23
WAPL,10.128955,0.36929542,4.110169482188426e-24,1.3107597209166052e-23
RPS19BP1,10.128305,0.3317873,4.137577646265679e-24,1.3188264601810062e-23
MGAT1,10.118568,0.47312373,4.570494409395294e-24,1.4560722618190928e-23
CCND2,10.118302,0.37507436,4.582958794765121e-24,1.459298257047404e-23
ZC3H12D,10.107825,0.52016526,5.100394127672863e-24,1.623230991882016e-23
SLC6A6,10.10414,0.814081,5.295804905162068e-24,1.6845626102505847e-23
MTF2,10.100099,0.52699435,5.518675320053368e-24,1.7545620311998508e-23
PSMD3,10.0999155,0.53018546,5.528965738188045e-24,1.7569386543804272e-23
HMCES,10.0994215,0.48285282,5.556888095472078e-24,1.7649129060479e-23
NDUFB9,-10.098741,-0.21475129,5.595639295629746e-24,1.7763166248232578e-23
PLIN3,10.093218,0.86656636,5.9196762406439215e-24,1.8782256948580942e-23
PRKAB1,10.091356,1.1012552,6.032983239538407e-24,1.9132036787580892e-23
PXK,10.089665,0.9547908,6.137827823164942e-24,1.9454638620808737e-23
NEU1,10.086592,0.24581538,6.333018755134524e-24,2.0063132005479473e-23
CDC73,10.086003,0.3758038,6.3710927085963034e-24,2.017351070235897e-23
MT1X,10.081898,0.26803556,6.643064827590865e-24,2.1024020075555062e-23
NUMB,10.075304,0.6686612,7.104088277404873e-24,2.2471675083265996e-23
TOR1AIP1,10.070055,0.39384043,7.493617479944395e-24,2.3691827098446286e-23
LSM1,10.065313,0.45295864,7.863678294074641e-24,2.4849223409275864e-23
FBLN5,-10.0618,-1.8468497,8.149446470965236e-24,2.5739218332638685e-23
IDH3G,10.061686,0.4217578,8.158927531242518e-24,2.575612884293604e-23
PRDX2,10.051421,0.21526498,9.055222930531491e-24,2.857110531316837e-23
UBN1,10.033149,0.4712339,1.0898401069410505e-23,3.436933859231479e-23
HMGA1,-10.031916,-0.39762852,1.1035453658231837e-23,3.4783972869204493e-23
AGPAT2,10.030437,0.877704,1.1201883689457092e-23,3.5290740083746444e-23
DDX18,-10.027819,-0.28567016,1.1503022775254726e-23,3.6221173128337407e-23
UPF3B,10.024363,0.6019242,1.1912605815411014e-23,3.749196817649024e-23
BEX4,-10.024263,-0.9107355,1.1924497351891562e-23,3.751047780905002e-23
AEBP2,10.022939,0.6200456,1.2085549471092004e-23,3.799794168719657e-23
CAPN7,10.019756,0.4937993,1.2481015571065182e-23,3.922156000957593e-23
GGCT,10.014169,0.7582333,1.3206783232913259e-23,4.148139615330229e-23
HNRNPF,10.013969,0.18366872,1.3233367877400688e-23,4.1543988391779523e-23
TTC19,10.012305,0.4003376,1.3457976593446928e-23,4.222786924067485e-23
AKR7A2,10.007691,0.5422151,1.410039840831661e-23,4.4221400234323596e-23
MRPS36,10.006917,0.41072512,1.42111989383445e-23,4.454650556213361e-23
MEF2D,10.006515,0.6990531,1.4269169123699464e-23,4.470576531175118e-23
IAH1,9.997265,0.47199517,1.5666423954361016e-23,4.905878168548274e-23
DCTN6,9.995698,0.60010284,1.591616838296221e-23,4.981585099200961e-23
ACAA2,9.995271,0.54212195,1.5984922524438295e-23,5.0005965651638795e-23
PLAA,9.991839,0.59381694,1.654816636743159e-23,5.174203722401832e-23
RAB29,-9.987056,-0.7614565,1.7366354551079632e-23,5.427311905522684e-23
DDA1,9.979424,0.55339986,1.875509447546489e-23,5.858385616685505e-23
CLIP1,9.977297,0.4562141,1.9161661487363662e-23,5.982387660962311e-23
DNAJC3,9.97631,0.41568694,1.9353034373923353e-23,6.039114376382782e-23
RGL4,-9.975362,-0.6669361,1.9538811448061822e-23,6.094039092821281e-23
BAD,9.970388,0.6486767,2.0542443400351054e-23,6.403865597482064e-23
FLNA,-9.966792,-0.26955497,2.129964096734684e-23,6.636598066760441e-23
SMCHD1,-9.95794,-0.20718057,2.3283743397877327e-23,7.251189747811996e-23
CHST12,9.95759,0.8014274,2.3365741415312746e-23,7.273096866482137e-23
RSL1D1,-9.950384,-0.20213509,2.5121255004201505e-23,7.815640701955213e-23
SCAMP3,9.943326,0.39888176,2.696697763829974e-23,8.38569543799844e-23
GTF3A,-9.941109,-0.22522016,2.757404565101289e-23,8.570200144819295e-23
ABHD14B,-9.939808,-0.3121133,2.793663976829634e-23,8.678574852859007e-23
ANK3,-9.939714,-1.0584353,2.796273531346144e-23,8.682359755786708e-23
MCM5,9.936416,0.91046923,2.8904001563207214e-23,8.970157819789967e-23
SFT2D2,9.93416,0.63592356,2.9565594794876907e-23,9.170918345667335e-23
FAM110A,9.933534,0.71237993,2.97522138929502e-23,9.224220909384114e-23
SOCS3,9.930835,0.31326762,3.05686674066829e-23,9.472644155169215e-23
TAF1D,9.92778,0.2248961,3.151928457966177e-23,9.762374941025762e-23
CD69,-9.92339,-0.23312485,3.2937352429489153e-23,1.0196528596847311e-22
CHST7,9.921905,1.0287951,3.343137920499415e-23,1.0344335033136763e-22
FAAH2,9.912769,0.43680608,3.6634657396965674e-23,1.1329875957109156e-22
ATP6V1E1,9.910472,0.5105993,3.748724452214576e-23,1.1587810453824254e-22
ERLEC1,9.907528,0.44487292,3.8608136019324406e-23,1.1928384994881368e-22
RFX5,9.906811,0.8883301,3.888621485267641e-23,1.2008355610863607e-22
SGF29,-9.898865,-0.79521185,4.21027661933496e-23,1.2995220762249993e-22
LYSMD2,-9.896335,-0.6084239,4.3181274257670266e-23,1.3321519161745927e-22
BECN1,9.892798,0.41153756,4.4734618128356694e-23,1.3793910659045166e-22
MRPL37,9.892202,0.5457116,4.500184825690523e-23,1.3869458517103483e-22
GYG1,9.89079,0.53585386,4.564105339598589e-23,1.4059516991330106e-22
FHIT,-9.885167,-2.3351827,4.8277599760527865e-23,1.4864356196618373e-22
NBPF26,9.884649,0.63149804,4.8527596951508517e-23,1.493396117230595e-22
OXCT1,9.879319,0.49984434,5.1179536688022947e-23,1.5742310915226773e-22
COX6B1,9.875584,0.14618687,5.312284718432915e-23,1.6332004397901393e-22
NFKBIE,9.873005,1.0529281,5.450704494354364e-23,1.6749309083833375e-22
SGK3,-9.871291,-1.4574022,5.54462437001636e-23,1.7029527900232336e-22
NCOA4,9.870887,0.39306572,5.567029516394507e-23,1.7089931732325685e-22
APOL6,9.866091,0.43794346,5.83964036176671e-23,1.791799188681713e-22
CMTM3,9.864415,0.34004188,5.937961264056352e-23,1.8210720515467171e-22
CLPTM1L,9.862056,0.90710765,6.079169869816525e-23,1.8634626305267648e-22
USP42,9.855128,0.7515824,6.513360266997695e-23,1.9955759168548166e-22
LRRC59,9.850066,0.5123869,6.849891953596404e-23,2.0976533700880843e-22
ARRDC1,9.847868,0.4632706,7.001344970233381e-23,2.1429815575883535e-22
ZFAND6,9.844948,0.4174578,7.207652317680981e-23,2.205045194368756e-22
IL2RA,9.844899,0.68421966,7.211179685477698e-23,2.205045194368756e-22
EIF2AK3,9.838334,1.0694498,7.697450142792382e-23,2.352585031398984e-22
ATP13A3,9.838039,0.73951083,7.720090891131339e-23,2.3583498409961176e-22
SREK1,9.823761,0.41396728,8.896153975149244e-23,2.71628654397781e-22
MOB3A,9.822981,0.5725733,8.965259338755086e-23,2.7360480945315644e-22
PCMT1,9.817606,0.35415137,9.456243199472934e-23,2.884477703221436e-22
EMB,9.813962,0.26478335,9.80422124339375e-23,2.9891619335623057e-22
CAT,9.808085,0.54825336,1.039211546745172e-22,3.166855109002255e-22
B4GALT1,9.806835,0.4246813,1.0521651085762046e-22,3.2047644912757895e-22
FNDC3B,9.806408,1.0496562,1.0566288996298364e-22,3.216790713458443e-22
RSBN1,9.796539,0.33980557,1.1650933260491236e-22,3.545269355374247e-22
IDI1,9.79192,0.27582806,1.2195804041848856e-22,3.709259894014557e-22
NRBF2,9.787639,0.4442688,1.2723198840042498e-22,3.867778078943265e-22
BCL2L1,9.776618,0.7847964,1.4187256649779002e-22,4.3107433666636205e-22
RNASET2,-9.763113,-0.19048381,1.6210186124759474e-22,4.923005917499946e-22
UBE2D2,9.761301,0.16131991,1.6502494220100244e-22,5.0093417523173945e-22
ZDBF2,9.749037,0.81406015,1.8622611783455945e-22,5.650156545481213e-22
DGKZ,9.738723,0.40526417,2.0612779870417785e-22,6.250940678876453e-22
MRPL27,9.737371,0.61813134,2.0888739307820143e-22,6.331550365230962e-22
TUFM,9.737212,0.24288538,2.092150373520885e-22,6.338403146186331e-22
FLII,9.733542,0.51826787,2.169042485848025e-22,6.568167954477207e-22
SLC16A1,9.731755,0.7477825,2.2074988218391785e-22,6.681377374926437e-22
DUSP23,9.718012,0.6616708,2.5266744767693324e-22,7.643710814114107e-22
HDAC7,9.715238,0.5684763,2.5964381932125314e-22,7.850954827441574e-22
MYDGF,9.713982,0.32633117,2.628641395355744e-22,7.944479878167166e-22
DNM1L,9.709905,0.59127796,2.7359227861500936e-22,8.264711572295611e-22
PNRC2,9.702748,0.24746168,2.9348517211410994e-22,8.861349584732269e-22
WBP2,9.67685,0.32041386,3.7818736112488375e-22,1.1413284916733074e-21
GUSB,9.675119,0.6150172,3.8464251424593274e-22,1.160248396041018e-21
CENPC,9.670412,0.29302168,4.0275312781641336e-22,1.2142909520300656e-21
SLC52A2,9.663486,0.73730505,4.30946624680065e-22,1.2986662890527695e-21
COPS8,9.639234,0.44047052,5.459425407919357e-22,1.6444147669316944e-21
HMG20B,9.623953,0.62459135,6.334877255239245e-22,1.907186152915973e-21
IRS2,9.621222,0.68142736,6.505421148509833e-22,1.9575859878423274e-21
PHLDA2,9.61897,1.0370152,6.64936580840196e-22,1.9999369643487532e-21
SIRT7,9.61001,0.50374085,7.254191067811983e-22,2.1807999255402016e-21
ZDHHC12,9.609863,0.58582836,7.26454672516466e-22,2.1828616327276185e-21
COMMD8,9.586256,0.5392774,9.133971344888695e-22,2.7432682946799974e-21
LRP10,9.58423,0.32251683,9.314925821301762e-22,2.7962699399107407e-21
GABARAPL2,9.577056,0.2302861,9.985015188749318e-22,2.9959846054319467e-21
GFPT1,9.569537,0.57002383,1.073857536462999e-21,3.220540550247755e-21
YEATS2,9.566134,0.96560097,1.1097766552961542e-21,3.326664796207156e-21
DCTN3,9.562308,0.29606566,1.1515871802938528e-21,3.450338738460843e-21
LRRC8D,9.559491,0.8327018,1.1833726320781656e-21,3.543871687523911e-21
POR,9.558083,0.7140868,1.1995876133213822e-21,3.590708055030574e-21
MED8,9.557743,0.6228355,1.2035206975356511e-21,3.600753918178331e-21
DERL2,9.554182,0.43017355,1.245640317047703e-21,3.7249838134617704e-21
RANBP2,9.548179,0.2732569,1.3199617138282403e-21,3.945345333334314e-21
ELL2,9.525133,0.38574168,1.648312081351349e-21,4.9244211104422065e-21
TBC1D10C,-9.523976,-0.23054639,1.6667717400796629e-21,4.977187765472333e-21
FAM177A1,9.523612,0.15138215,1.6726162137285739e-21,4.9922514537924576e-21
ISOC1,9.521411,0.70071113,1.7084318968990438e-21,5.096712939075972e-21
TSNAX,-9.520541,-1.606915,1.7227894944114942e-21,5.137089935318746e-21
IER5L,9.518881,0.8808162,1.7505414658967352e-21,5.217349230497385e-21
TP53BP1,9.51798,0.759169,1.7657864484776614e-21,5.260273615727487e-21
DCTN5,9.50178,0.801239,2.063331429392433e-21,6.143726837231954e-21
DBNL,9.499566,0.3397158,2.1076673022836353e-21,6.2727475601107144e-21
FUBP1,9.498745,0.34058115,2.124359507231871e-21,6.31941262375315e-21
ZCCHC2,9.480384,0.83670086,2.5334823928668794e-21,7.53285546159228e-21
PANK2,9.478118,0.51087403,2.589110460819006e-21,7.694589707605436e-21
YPEL5,9.473145,0.09793771,2.7154373260912494e-21,8.066180081930265e-21
ASNSD1,9.469906,0.6858413,2.8009504691130964e-21,8.31623781053037e-21
WDFY1,9.465063,0.7821199,2.9338467189414624e-21,8.706674927681249e-21
FBXO7,9.464605,0.3271176,2.946713062174415e-21,8.740701625965078e-21
ATG4B,9.463049,0.5875149,2.990913940945579e-21,8.8675980548415e-21
AZI2,9.462153,0.6035107,3.0166576066455093e-21,8.939677171450438e-21
RUNX1,9.460447,0.45707524,3.066277069022052e-21,9.082408726989381e-21
TMF1,9.454746,0.27487612,3.2380702174418233e-21,9.5867154777298e-21
CENPM,9.45441,1.06676,3.2484853633310245e-21,9.612990589164971e-21
FLI1,-9.451464,-0.31250077,3.3412499895321023e-21,9.882815727331683e-21
ATP6V1A,9.443292,0.9290957,3.6124738946118795e-21,1.0679985588002245e-20
UHRF1BP1L,9.432987,0.83514863,3.9857104731237214e-21,1.1777849935021377e-20
NCBP3,9.432748,0.5260453,3.994842523067919e-21,1.1799248550149969e-20
UBA1,9.430171,0.4732662,4.094194234819172e-21,1.2086975505916012e-20
AGO2,9.425381,0.5388151,4.285471411353198e-21,1.2645686561822842e-20
PJA2,9.416778,0.37828568,4.6514598808944144e-21,1.3719168769689054e-20
CLASP1,9.406228,0.9373108,5.1426098013043646e-21,1.5160617746783438e-20
MRPS7,9.404143,0.372747,5.2455669267253585e-21,1.5456838144330954e-20
RRP7A,9.398785,0.43873242,5.519693527262241e-21,1.625691708524948e-20
APRT,-9.398638,-0.15594128,5.527385705633154e-21,1.6271893485309674e-20
DLD,9.394858,0.5426343,5.7294999985764485e-21,1.6858938939705617e-20
SDF2L1,9.394688,0.46107364,5.738806072871995e-21,1.6878364137980266e-20
SMARCAD1,9.390462,0.81353253,5.973793054968774e-21,1.7561206997673158e-20
RNF144A,-9.3897,-3.5520647,6.017156851991151e-21,1.7680355891373245e-20
TRERF1,9.3885355,0.8965782,6.084016581930595e-21,1.7868398817801807e-20
TMEM205,9.382648,0.7004021,6.433623880462337e-21,1.8886287223878385e-20
ZNF106,9.380467,0.4543203,6.568117758231207e-21,1.927203710819039e-20
SNX3,9.37835,0.22036985,6.701294920934627e-21,1.9653562782684684e-20
HTRA2,9.376636,0.7478447,6.811169820134687e-21,1.9966421252917138e-20
ABHD2,9.375002,0.9188101,6.917429506656104e-21,2.0268393216451052e-20
YIPF4,9.371132,0.45247594,7.17589377717362e-21,2.1015839072426354e-20
ZNF644,9.364377,0.33741564,7.649997853376455e-21,2.239382579874412e-20
UNC119,9.364295,0.5352314,7.655974589151809e-21,2.2400814538629368e-20
ATF6B,9.363888,0.40098006,7.685544433570554e-21,2.247679606837574e-20
CYB561D2,9.362334,0.4961835,7.79940692925278e-21,2.2799109435815737e-20
LUZP1,9.355733,0.6005988,8.302208834648971e-21,2.4257530588503853e-20
EGLN1,9.350329,0.6441296,8.737510721676924e-21,2.5517456440798167e-20
RNF38,9.349675,0.6912562,8.791747871297509e-21,2.5663843996617283e-20
POLD4,9.344719,0.24323818,9.213363541201308e-21,2.6882001804879553e-20
PPP2R5A,9.3313265,0.47946402,1.0455417829899167e-20,3.0491711531028363e-20
KLHL28,9.329256,0.4289653,1.066169398693493e-20,3.1078763275320365e-20
BLOC1S1,-9.320365,-0.4154279,1.1594038953335111e-20,3.378076428933913e-20
STYXL1,9.319846,0.98650867,1.1650938064274636e-20,3.393070670048437e-20
ZC3H15,9.314325,0.22614506,1.2273013580173623e-20,3.572568925086921e-20
ALKBH5,-9.302508,-0.9264201,1.371710659773398e-20,3.991070502398963e-20
RPS6KA3,9.299713,0.4194631,1.4082505219699125e-20,4.095476005412034e-20
CSNK2A1,9.29844,0.488457,1.4252127812844194e-20,4.1428751597559673e-20
CCNG2,9.295947,0.70754665,1.4590122766167964e-20,4.2391506603191e-20
IKBKB,9.290493,0.68114984,1.535748065891616e-20,4.460029632028653e-20
GSDMD,9.289848,0.38380918,1.5450878824896627e-20,4.4850667323804584e-20
IGF2R,9.288254,0.5282984,1.5684008390696018e-20,4.5506227971331404e-20
C8orf76,9.281287,0.74295586,1.674426121007254e-20,4.855991366731539e-20
OXNAD1,9.281003,0.273951,1.67891159669259e-20,4.866738167653718e-20
AP3S1,9.279736,0.46476698,1.6990005450342062e-20,4.922684494688245e-20
PEA15,9.275775,0.75211596,1.7633245667970484e-20,5.106686135211312e-20
ADAM10,9.271869,0.3378202,1.829123940871511e-20,5.294787808431865e-20
COMMD5,9.270006,0.62113523,1.8613584533312004e-20,5.385599493388976e-20
RNF149,9.269747,0.22785015,1.8658833083627633e-20,5.396189864454127e-20
LAPTM4B,9.269472,1.0986564,1.8706938341205478e-20,5.407596210628225e-20
ERI1,9.243693,1.055952,2.3813318569686053e-20,6.88050561080605e-20
IKBKG,9.242849,0.6463973,2.400193214822891e-20,6.931793546371895e-20
SAP30BP,9.239871,0.36066625,2.4679385720068656e-20,7.12414645138522e-20
EIF3M,-9.2374735,-0.21354188,2.523851041716089e-20,7.282179542926543e-20
PDCD7,9.234139,0.42960122,2.60371605403596e-20,7.50914597654271e-20
CHMP2B,9.230004,0.3903993,2.706200685670941e-20,7.801107842620019e-20
INSIG1,9.229545,0.39437327,2.717850185525394e-20,7.831072487471831e-20
RPN1,9.221314,0.25366023,2.9348090340758514e-20,8.452304190894042e-20
ARHGEF3,9.219126,0.36931622,2.99531336038686e-20,8.622578727940218e-20
RARA,-9.214778,-0.7165574,3.119223621351126e-20,8.975138137783484e-20
NDUFA12,-9.209937,-0.24812385,3.263162887998726e-20,9.3849767668203e-20
NDUFA13,-9.203686,-0.20011887,3.4587765245858074e-20,9.942986775651784e-20
ITPR2,9.203189,0.61334074,3.474814808699365e-20,9.984493195714887e-20
PRCC,9.19692,0.5650705,3.683561501135504e-20,1.0579432732897692e-19
TMEM9B,9.190457,0.3685754,3.9117540350735593e-20,1.122964900317115e-19
PARP8,-9.188111,-0.27528763,3.997982503155695e-20,1.1471912092963078e-19
ASCC3,9.185712,0.46476755,4.0881452199469557e-20,1.1725236359232055e-19
SYPL1,-9.181373,-0.33444828,4.2562941419164714e-20,1.2201897905236886e-19
SNX1,9.178496,0.4263755,4.371521690754189e-20,1.2526476984387921e-19
CCDC91,9.175224,0.3786046,4.5063356065693275e-20,1.2906856595043218e-19
DCP1B,9.174239,0.88909143,4.547752609527652e-20,1.3019506438560585e-19
MED27,9.162145,0.6150679,5.0875864794004383e-20,1.4558288499742381e-19
KCNN4,9.161144,1.0161408,5.1349998320199793e-20,1.4687229125406366e-19
IFNGR1,-9.161062,-0.6391745,5.1388863437196326e-20,1.4691612309278163e-19
N4BP2,9.1608715,0.65707797,5.1480083857871465e-20,1.4710952534660064e-19
YTHDF3,9.15339,0.57691747,5.517454313427595e-20,1.575946561560715e-19
ARSA,9.149294,0.6395324,5.730668434705873e-20,1.6360979735132364e-19
CASD1,9.12555,1.0225333,7.137252889364087e-20,2.0367441830142326e-19
EIF2AK1,9.121811,0.42946336,7.387920356005808e-20,2.1073131143433386e-19
LEPROTL1,-9.121721,-0.14319743,7.394037553522392e-20,2.1080944893345475e-19
ICAM1,9.118898,0.70665115,7.589175858888963e-20,2.1627418509281287e-19
SNW1,9.118584,0.32369703,7.611224847469443e-20,2.168035338797663e-19
ARID1B,9.114825,0.44775942,7.87972837726846e-20,2.24349383223232e-19
TNFSF12,9.114451,0.42052066,7.906947216310904e-20,2.2502169437754832e-19
CDC37L1,9.104416,0.5535932,8.673158705312026e-20,2.467146010932195e-19
MRPS16,9.10329,0.46979767,8.763631052425541e-20,2.491745849575754e-19
BBC3,9.102849,0.7811472,8.799295383424991e-20,2.5007469256810276e-19
UBE2G1,9.097411,0.38520095,9.251091230050448e-20,2.6279499484180633e-19
SGMS1,9.096984,0.5874198,9.28753431795507e-20,2.637101987186424e-19
CCT2,9.096814,0.26270822,9.302053871648134e-20,2.640023565846112e-19
TRPT1,9.094285,0.66202277,9.521100638988683e-20,2.70096314036038e-19
HK1,9.088771,0.46655566,1.0016455000899204e-19,2.840195168587548e-19
RMND5A,9.086935,0.6975673,1.018701082800556e-19,2.887244985357979e-19
SF3A2,9.081587,0.27811664,1.0700332749272494e-19,3.0313561819432425e-19
GALNT10,9.070311,0.9073696,1.1867831754899638e-19,3.3605779483815176e-19
GLRX3,9.063281,0.5144167,1.2658412804941876e-19,3.582818789825045e-19
CRBN,-9.056079,-0.36145067,1.3522483236634744e-19,3.8256490426036913e-19
AKAP11,9.054986,0.64819723,1.3658518077475937e-19,3.862383838764265e-19
CDC34,9.053704,0.7138841,1.3819884687720927e-19,3.906245486234887e-19
LYPLA2,9.050437,0.3979604,1.4239745567207273e-19,4.023098781572684e-19
SERTAD1,9.044952,0.20840795,1.4973067578757272e-19,4.22836718366625e-19
CASS4,9.043362,1.236869,1.5192564905599605e-19,4.2884123733987854e-19
SDHC,9.031261,0.31378964,1.6970415991020402e-19,4.788081654609327e-19
BCAP31,9.019639,0.20165244,1.8871080379896417e-19,5.321934597873183e-19
CFAP36,-9.018137,-0.53833336,1.9131492506693107e-19,5.392937883210103e-19
TRIM26,9.013925,0.6465441,1.9881164677490276e-19,5.6017313206418425e-19
USPL1,9.010197,0.68353164,2.0568644566014733e-19,5.792820881610918e-19
GPBP1L1,9.009901,0.4568738,2.0624315223724583e-19,5.805879626128331e-19
PYCARD,9.009603,0.4391201,2.068054779654538e-19,5.8190847068638285e-19
GSK3A,9.007599,0.8892103,2.1061797274616936e-19,5.923689805808215e-19
R3HDM1,9.001998,0.5911228,2.216468775231596e-19,6.231072804603779e-19
PABPC4,-8.999617,-0.4307821,2.2650777769237686e-19,6.364858354696642e-19
RNASEK,8.997914,0.15047128,2.300472046956708e-19,6.461406860961663e-19
POLR2F,8.994539,0.35391188,2.3722439167266245e-19,6.659997428830798e-19
XBP1,-8.986849,-0.18441036,2.5441938196913976e-19,7.139529509304862e-19
TAF7,8.982183,0.2263901,2.6544544821978743e-19,7.445595695908734e-19
NDUFB6,8.980023,0.32792464,2.707089544668084e-19,7.589822932737427e-19
PLEKHO1,8.97954,0.64927393,2.7190030263609515e-19,7.619801476209563e-19
TAB3,8.97589,1.0640588,2.810704688567153e-19,7.873253124482767e-19
NFATC2IP,8.971619,0.46242735,2.921887728771357e-19,8.181023470283553e-19
NUFIP2,8.971256,0.3081314,2.931509343413427e-19,8.204282427014887e-19
SNAPIN,8.963833,0.5389801,3.135843038542658e-19,8.772208159365635e-19
RBM3,-8.960549,-0.15763281,3.2306490321440876e-19,9.03336944875056e-19
AKR1A1,8.959386,0.38249055,3.2649257473754527e-19,9.12512386447389e-19
C5orf15,8.957743,0.6785534,3.3139202376614594e-19,9.257912355973664e-19
MRPL36,8.957476,0.51863086,3.321947813954623e-19,9.276186267065237e-19
ADPRHL2,8.949125,0.59737307,3.583109532405823e-19,1.0000977903284768e-18
YY1AP1,8.948339,0.5223114,3.608683675453411e-19,1.0067856423113428e-18
LAMP2,8.946188,0.61529756,3.6797004808697827e-19,1.0261398883426415e-18
NSG1,-8.943525,-1.6595497,3.7695039650252597e-19,1.0507134544762235e-18
NDUFC1,8.929498,0.27865303,4.279480236562051e-19,1.192331971267132e-18
ARHGDIA,8.927305,0.18167935,4.365117922796528e-19,1.2156493063888057e-18
KRTCAP2,8.925416,0.15713611,4.440283243332101e-19,1.2360306744708137e-18
TMEM87A,8.9221325,0.3800795,4.5739387173179855e-19,1.2726683698074699e-18
SAFB,8.915902,0.3218571,4.838594498026527e-19,1.3457071418085361e-18
STXBP2,8.915383,0.36065215,4.861310210228665e-19,1.351422584500539e-18
HDAC3,8.911506,0.49805924,5.034392120154188e-19,1.3989154595673325e-18
SSB,-8.911253,-0.2392712,5.045885350559493e-19,1.4014851122760035e-18
SPPL3,8.908721,0.7039005,5.162456718625565e-19,1.4332247500419106e-18
AASDHPPT,8.9017935,0.3875912,5.495120934459641e-19,1.5249021677173241e-18
HSPB11,8.901567,0.4028811,5.506346137279416e-19,1.5273380552338149e-18
DOCK2,8.89896,0.38997656,5.637229417650881e-19,1.562947525346919e-18
PSMC6,8.8919935,0.3429871,6.0022415864690465e-19,1.6634098464100054e-18
ENY2,8.8898535,0.2592019,6.11895379334097e-19,1.695001803117665e-18
SACM1L,8.879009,0.4801867,6.745855007486379e-19,1.8678296850808558e-18
PSIP1,-8.87363,-0.20235588,7.079986209540378e-19,1.959476449389867e-18
ZC3H8,8.849115,0.5816525,8.821611544896376e-19,2.4404112434263424e-18
PSMD6,8.848142,0.30743837,8.898856928943947e-19,2.4606896807062103e-18
ARPC4,-8.845302,-0.3152946,9.12810300883546e-19,2.522962394957578e-18
CAMK2G,-8.844447,-0.71457595,9.198236641413456e-19,2.5412215528579627e-18
LSM5,-8.83893,-0.3341211,9.66394789886222e-19,2.668703488353943e-18
PPME1,8.835494,0.9273025,9.965706844582586e-19,2.750817178993362e-18
RAD23B,8.832903,0.34319156,1.019937095959528e-18,2.8140704756336933e-18
RBM4,8.825111,0.24264345,1.093505386939353e-18,3.015716800657756e-18
NIPA2,8.823732,0.5217337,1.1070680332994829e-18,3.051771906281834e-18
C1D,8.822854,0.384333,1.1157916573897048e-18,3.0744616926133103e-18
ILF3,8.82167,0.2411801,1.1276593765375848e-18,3.1057908953976466e-18
PSMC1,8.815446,0.38731375,1.1920920598300634e-18,3.2818026225846606e-18
RCOR3,8.812667,0.5968379,1.2220294738916672e-18,3.3627363080061263e-18
EIF3B,8.811156,0.5106345,1.238616257614284e-18,3.4068770664481037e-18
SAE1,8.808194,0.47101736,1.271775755043263e-18,3.496542945914099e-18
FXN,-8.802265,-2.1450865,1.3408233531026969e-18,3.684754974334624e-18
CNOT4,8.7999,0.36647138,1.3693801817577231e-18,3.761576458780788e-18
RYBP,8.798724,0.8211512,1.3837978265510713e-18,3.799508242633188e-18
SEMA4D,8.788311,0.30496916,1.5182516643506584e-18,4.166846366408293e-18
CCNH,8.783457,0.17584598,1.5852521067035275e-18,4.348816878213941e-18
ADIPOR1,8.782155,0.34838587,1.6037151165035102e-18,4.397533410412305e-18
ARL1,8.778547,0.600765,1.6560008798280458e-18,4.53891150241846e-18
STAT6,-8.776341,-0.6769587,1.6887844876933505e-18,4.6267357276971905e-18
PBRM1,8.7710285,0.38264716,1.770422307832441e-18,4.84826925106725e-18
ZFAND1,-8.768446,-0.5834016,1.8114924603608097e-18,4.958563353119216e-18
CEP350,8.7656765,0.30728418,1.8565809208985164e-18,5.079755163230005e-18
ARPC1A,-8.760498,-1.1378716,1.9438981218513557e-18,5.31633136655316e-18
MRPL22,8.755253,0.4721852,2.036461078660306e-18,5.567040557126137e-18
NUP98,8.75404,0.3246095,2.0584910387874013e-18,5.62479972551321e-18
STK16,8.751597,0.6720165,2.1035404358262604e-18,5.745381120346473e-18
HLA-E,8.740972,0.06673735,2.31114401747649e-18,6.309645587520024e-18
SUN2,-8.740776,-0.22689924,2.3151514971221384e-18,6.3178226906599326e-18
MARCH2,8.740054,0.7228334,2.3299909638411376e-18,6.355539163169816e-18
GYPC,8.73992,0.16003034,2.3327570006249394e-18,6.360304255526539e-18
PBDC1,8.7392,0.49842048,2.3476746202838033e-18,6.398182229341143e-18
NFKB1,8.738123,0.3096564,2.370154936322943e-18,6.456628964465948e-18
TFIP11,8.734352,0.559036,2.4505587695501376e-18,6.672747504695641e-18
CCNG1,-8.725796,-0.36662632,2.6431577674193412e-18,7.194046064746667e-18
SDE2,8.724268,0.5809261,2.6790901795691606e-18,7.288666874756378e-18
HAT1,8.714874,0.45057142,2.9108092741943332e-18,7.915625568735003e-18
EMC10,8.714277,0.3252244,2.9261927953703373e-18,7.95399356964559e-18
BTAF1,8.713384,0.5079135,2.9493688149447445e-18,8.013500554667023e-18
COA3,8.710779,0.47673666,3.0179219531046774e-18,8.196192736869578e-18
MRPL13,8.710233,0.50016665,3.0325082161271617e-18,8.232224348346942e-18
LMNA,-8.70633,-0.56691444,3.138700534414219e-18,8.51679566751267e-18
SLC9A3R1,8.705317,0.19720805,3.1668938679041898e-18,8.589563072398978e-18
AGPAT3,8.700153,0.81289434,3.314357676542859e-18,8.985623918029533e-18
ITPKB,8.69909,0.5592293,3.3455482539955778e-18,9.066246918448286e-18
UBL7,8.695632,0.44215536,3.449039093289288e-18,9.342644523098284e-18
ADI1,8.694559,0.36654586,3.4817918681785974e-18,9.427272472582484e-18
YIF1B,8.691519,0.5388719,3.57624828300288e-18,9.678822868265816e-18
CDC37,8.68704,0.1507285,3.7200381830496135e-18,1.0061789747891077e-17
MCCC2,8.687012,0.6952629,3.720975923430958e-18,1.0061789747891077e-17
PITPNB,8.684696,0.43888026,3.797553988690963e-18,1.0264415090264315e-17
C11orf1,-8.684113,-1.160774,3.817092026807854e-18,1.031275815554451e-17
CBX5,8.682272,0.47096515,3.879418059010435e-18,1.0476611036903558e-17
SESN3,8.679038,0.36008915,3.991309461983666e-18,1.0774118664463692e-17
NUDT1,8.667992,0.54589695,4.39810768672739e-18,1.1867094713733525e-17
VDAC2,8.651975,0.21499807,5.061596890258234e-18,1.3651437420960085e-17
MRPL16,8.648785,0.44055608,5.205061829110969e-18,1.403230707364214e-17
TESPA1,-8.64407,-0.33230737,5.424555755929987e-18,1.4617725592728434e-17
MAPRE1,8.643729,0.31676102,5.44076331150741e-18,1.465507286453075e-17
SC5D,-8.637148,-0.5129167,5.763389154443555e-18,1.5517390730320202e-17
DENR,8.635776,0.30836165,5.833005618890574e-18,1.569805436287023e-17
TUBB2A,-8.62745,-0.90186834,6.273490895934581e-18,1.687623132824471e-17
KCTD20,8.626839,0.5568494,6.3071079806812795e-18,1.6959354117807782e-17
FAM32A,8.626019,0.39292115,6.3524935632482134e-18,1.7074036317068088e-17
NUCKS1,8.624771,0.23219147,6.422100010532293e-18,1.725369184921741e-17
YAF2,8.62103,0.5591887,6.635458169354482e-18,1.7819231684570277e-17
TFG,8.614834,0.40973344,7.004283129513944e-18,1.8801604736041517e-17
ADIPOR2,8.607088,0.70144093,7.494015216876283e-18,2.0107544698419986e-17
C1orf52,8.606504,0.39304003,7.532209487610918e-18,2.0201340529514285e-17
DOCK10,-8.594657,-0.26345086,8.351403719589147e-18,2.2388793219053205e-17
NDUFB5,8.5938835,0.31816444,8.407838362386977e-18,2.2530407565331525e-17
CHMP4B,8.586166,0.4188565,8.991973509019954e-18,2.4085367669439285e-17
NAP1L1,-8.582152,-0.15650547,9.311442935208845e-18,2.4930379819235693e-17
CD27,8.562122,0.28719264,1.1080869363195709e-17,2.9655105358363816e-17
NAAA,-8.561532,-0.47967044,1.1137715582434706e-17,2.979446333046507e-17
SMIM7,8.560321,0.4024148,1.1255369137194582e-17,3.009629768004772e-17
RGS10,8.555498,0.17544603,1.1736054773681477e-17,3.1368187512867706e-17
PMEPA1,8.55316,0.85629684,1.1976374267910552e-17,3.199681156080041e-17
MTPN,8.547246,0.24158567,1.2606023880863101e-17,3.366461062921122e-17
CNDP2,8.538381,0.50807285,1.3611645705749816e-17,3.6334594033184174e-17
LAIR1,-8.5377655,-1.3036183,1.3684277959073764e-17,3.6512859659076254e-17
TOR1A,8.535479,0.65833044,1.3957668063919277e-17,3.722641298586334e-17
ZFP36L2,-8.534652,-0.15590014,1.4057803677874985e-17,3.74774680707466e-17
ZCCHC8,8.53292,0.60687137,1.426996973102518e-17,3.8026849313120474e-17
SCP2,8.529283,0.28123134,1.472582427102856e-17,3.922486951578713e-17
POM121C,8.524865,0.389355,1.5298797751215542e-17,4.073370169169633e-17
GRHPR,8.52395,0.4463945,1.542027309893759e-17,4.1039626614272704e-17
VAV3,8.522121,0.82132876,1.5665664433644827e-17,4.167494106154193e-17
OSER1,8.5164585,0.2925965,1.645069990083145e-17,4.374470305968857e-17
CCNT1,8.515933,0.351951,1.6525472098597566e-17,4.392481744776295e-17
UBR5,8.507307,0.42625207,1.7801935101686618e-17,4.7297521059866405e-17
ATAD2,8.505643,0.76704454,1.8059216590761435e-17,4.796066840125197e-17
CEBPZ,8.504957,0.28552803,1.8166258493867772e-17,4.822442333484848e-17
NEMF,8.501794,0.31291208,1.8668276810991307e-17,4.9536018527804737e-17
BAG1,8.493263,0.38016915,2.009153031690087e-17,5.328994505217948e-17
ZNF622,8.492485,0.3956393,2.0226488175007306e-17,5.362511159737494e-17
ACTR1B,8.491815,0.45120993,2.034347324573785e-17,5.391236370558383e-17
PRDX6,8.489482,0.22496626,2.075595693427072e-17,5.4982142286410676e-17
C16orf54,-8.47488,-0.5626215,2.3532206407747764e-17,6.23099279553474e-17
RBM38,8.474535,0.26803038,2.3602078159857895e-17,6.24684350278512e-17
SNRNP40,8.470882,0.3784606,2.4354068238449333e-17,6.443142851893271e-17
SERPINB9,8.4685955,0.3363818,2.483705320310187e-17,6.568137671210118e-17
SNX14,8.467943,0.6283248,2.4976426687386385e-17,6.602197329774606e-17
TIMM50,8.463017,0.6274922,2.605460130072158e-17,6.884283095588627e-17
RNF4,8.458106,0.37115872,2.7175497286915822e-17,7.177413396853222e-17
RANBP9,8.453231,0.7330355,2.833496992376254e-17,7.480480003984857e-17
GOLGA8B,8.451173,0.41330132,2.8839054236067e-17,7.610339851471211e-17
HAPLN3,8.444028,0.6347156,3.0658501740131366e-17,8.087054495357559e-17
NOL7,8.441988,0.20509422,3.11985812958025e-17,8.22603911563597e-17
DUS1L,8.440978,0.53215784,3.1469265884450675e-17,8.293905759495637e-17
CTSH,8.422975,0.7339738,3.670426546087745e-17,9.66953654458996e-17
KANSL2,8.420077,0.45158267,3.7623669297160315e-17,9.907566248252216e-17
TXNDC12,8.4151945,0.34647477,3.922422815582014e-17,1.0324690338273871e-16
CNBP,8.409779,0.10049719,4.107862916604515e-17,1.0808251459750749e-16
C16orf72,8.408222,0.52856916,4.1627193634801087e-17,1.094796946796433e-16
ORMDL2,8.405742,0.45141947,4.251644980662746e-17,1.117713408774903e-16
FAF2,8.40519,0.6411378,4.271670344471363e-17,1.1225050366250853e-16
TMEM14A,8.403145,0.5477319,4.3467781272518003e-17,1.1417610392331013e-16
CDIP1,8.396005,0.73543906,4.619254870859715e-17,1.2128216091306471e-16
ARMCX3,8.39225,0.44958284,4.769232453423404e-17,1.2516728234573366e-16
SMIM10L1,8.390994,0.42799872,4.820491760547942e-17,1.2645939082631235e-16
MAD1L1,-8.388474,-0.45392668,4.9249142327716747e-17,1.2914449465011772e-16
HCFC1R1,8.378908,0.45022753,5.3420996565554716e-17,1.4002538410988115e-16
JKAMP,8.378712,0.5986842,5.3510151842657686e-17,1.4020019212847465e-16
CD28,8.372677,0.23561236,5.632373672867206e-17,1.4751004654789858e-16
CSRP1,8.368436,0.47241732,5.838800523903204e-17,1.5285215633254992e-16
LARP7,8.365798,0.4067522,5.970941256935116e-17,1.5618090618533714e-16
SH3BP2,8.365798,0.93122303,5.97096045759036e-17,1.5618090618533714e-16
RC3H1,8.364572,0.43415177,6.033390088999325e-17,1.5773397382957107e-16
RBBP6,8.364532,0.21938224,6.035390634594067e-17,1.5773397382957107e-16
CHCHD5,8.357242,0.43631908,6.420197033653619e-17,1.6772059308092186e-16
SMARCB1,8.355829,0.4031932,6.497472334452108e-17,1.696683047670109e-16
SPTBN1,-8.352655,-0.49515608,6.674541261946024e-17,1.7421920541951124e-16
SDR39U1,-8.351378,-0.52332103,6.747097729146416e-17,1.7603945203847318e-16
SH3GLB2,8.350116,0.7437037,6.819587943653784e-17,1.7785644946236215e-16
PLEKHG2,8.349498,0.9677212,6.855394414582149e-17,1.7871560794238595e-16
MX2,-8.329493,-0.41033342,8.118967125446561e-17,2.1156774041716906e-16
TMEM183A,8.328947,0.3888115,8.15642814335525e-17,2.1245520885926592e-16
LSM14A,8.32698,0.21797693,8.293113399164015e-17,2.1592540977965215e-16
CDK13,8.326361,0.39833462,8.336530047377278e-17,2.1696532120801333e-16
ZNRF2,8.325304,0.51580393,8.411278983684984e-17,2.18819475352972e-16
CAPN1,8.322278,0.44453114,8.628842050585608e-17,2.2437628666757606e-16
TMEM106B,-8.322234,-0.5150622,8.632069608858357e-17,2.2437628666757606e-16
RBM23,8.320195,0.38909134,8.781884339177119e-17,2.281754378051807e-16
RAB22A,8.317288,0.38234785,8.999861796600362e-17,2.337417289745437e-16
FAM111A,8.302766,0.45384428,1.017148324303975e-16,2.640608440923922e-16
GPR171,8.2866955,0.47985986,1.1643802813971692e-16,3.021578933970783e-16
TARSL2,8.285592,0.48442456,1.1752253487847356e-16,3.0484544479491e-16
ASCC1,8.276227,0.7776933,1.271395646613722e-16,3.296543510808574e-16
MED4,8.275366,0.2919537,1.280616019266379e-16,3.3190716678743656e-16
SRM,8.271706,0.4280024,1.3205635413055548e-16,3.421185994723108e-16
PSPC1,8.263063,0.45658267,1.4198093238046896e-16,3.6767759294045923e-16
SREBF2,8.2607765,0.7581436,1.447282989436947e-16,3.746367953992529e-16
NSFL1C,8.257247,0.3899679,1.4907039244926966e-16,3.8571655028022057e-16
HSH2D,8.256812,0.8338594,1.4961446549528303e-16,3.8696389521593925e-16
SDHB,8.250009,0.3706803,1.5838362935383527e-16,4.0947482634518883e-16
SCYL1,8.248262,0.57046014,1.6071410159266405e-16,4.15327829416073e-16
TCERG1,8.2407255,0.34479415,1.7117012904610849e-16,4.4216588384799797e-16
LSM10,8.233321,0.37725893,1.8209251644937208e-16,4.701859309724994e-16
EHMT1,8.227263,0.4030438,1.915396165929312e-16,4.943749988240214e-16
RIF1,8.226558,0.40558606,1.9266999362414006e-16,4.970869905780315e-16
XRCC5,8.225704,0.1712366,1.940470101366497e-16,5.004328058937317e-16
PPP5C,8.224782,0.67470187,1.955468813356324e-16,5.04092559444726e-16
RFFL,8.222736,0.5426319,1.9891164084646593e-16,5.125547277137878e-16
DDX49,8.217305,0.63082147,2.0812706764182612e-16,5.3607966535395655e-16
C17orf67,8.216646,0.7936328,2.0927312106894543e-16,5.388092197158781e-16
INO80,8.216503,0.54518884,2.0952374718336998e-16,5.392320437820256e-16
BCKDHA,8.215736,0.58152515,2.1086651107402877e-16,5.424640954711515e-16
SPTY2D1,8.2135725,0.39227492,2.1470380920012405e-16,5.521081471849914e-16
SETD5,8.194181,0.40311736,2.523038671660301e-16,6.485290094658952e-16
TMIGD2,-8.191723,-1.0688934,2.575131334596911e-16,6.616465483416765e-16
PITPNM1,8.189901,0.8553672,2.614394435814783e-16,6.714582581860108e-16
RAB28,8.178037,0.67295873,2.8850636272176166e-16,7.406697695378505e-16
TAX1BP3,8.174551,0.95202756,2.9697042435179545e-16,7.620856983468567e-16
UPF1,8.171934,0.7584525,3.034840510028424e-16,7.78480872301167e-16
CPQ,-8.16339,-1.6552968,3.2575062706082275e-16,8.352545864776478e-16
HOXB2,8.152643,0.54711264,3.5605511926029026e-16,9.125831619316105e-16
CREB3L2,8.144923,0.66124403,3.795215133319154e-16,9.72329131652087e-16
FAM53C,8.143508,0.53012127,3.839871907957904e-16,9.832809982357478e-16
GPN1,8.143469,0.5473627,3.84111372167722e-16,9.832809982357478e-16
MEF2A,8.141012,0.5959881,3.9198551334193094e-16,1.003026481659283e-15
MORC3,8.138324,0.32433963,4.007875182995304e-16,1.0251290580767906e-15
ARHGEF6,8.137913,0.36943495,4.021497589887508e-16,1.0281919892866833e-15
EMC8,8.136008,0.62046534,4.085223743994762e-16,1.0440573868251969e-15
PDCD6IP,8.128728,0.29783875,4.3381832495455424e-16,1.1082522169633127e-15
PEX2,8.1286545,0.59611577,4.340809726864374e-16,1.1082817570822796e-15
AATF,8.128626,0.3139772,4.3418504984236086e-16,1.1082817570822796e-15
COA6,8.127729,0.44496152,4.3740771200512405e-16,1.1160513207784052e-15
ALDH9A1,8.123485,0.38565627,4.529863947420413e-16,1.1553281935370167e-15
CD5,8.115978,0.18962215,4.81888072673919e-16,1.2285389957344477e-15
ANXA6,8.111792,0.17002587,4.987878653985814e-16,1.2711045602092882e-15
TERF1,8.110969,0.5062205,5.021782916550622e-16,1.2792223339670382e-15
EIF2S1,8.110199,0.3691956,5.053708013165428e-16,1.2868295271385326e-15
PMF1,-8.097305,-1.1202415,5.61900124900368e-16,1.4301870634189222e-15
BCAP29,8.094094,0.56217104,5.769184380936685e-16,1.4678140938208665e-15
IFNGR2,-8.093469,-1.4838648,5.798912921865568e-16,1.4747765095909947e-15
DPF2,8.093207,0.49125817,5.811399442180876e-16,1.4773500577861852e-15
DESI1,8.090797,0.5327099,5.927535027258248e-16,1.5062600205667235e-15
KRR1,8.08762,0.29551107,6.084212937297516e-16,1.5454445641706878e-15
ATF4,8.086537,0.26455104,6.138481830106285e-16,1.5585950000688903e-15
PTOV1,8.081729,0.39213535,6.3854802780220665e-16,1.6206499558818919e-15
UBALD1,8.079097,0.78268623,6.524832723447888e-16,1.6553447571966776e-15
BTN2A1,8.078319,0.67338467,6.566580642836151e-16,1.6652592357554009e-15
NADSYN1,8.0640545,0.49045566,7.380480632177421e-16,1.8709008783679643e-15
RAB8A,8.0636425,0.3225985,7.405394441485783e-16,1.876454190390287e-15
ZMAT5,8.058921,0.69801575,7.697119857945007e-16,1.9495829964868015e-15
SLC39A7,8.058425,0.68071485,7.728367307220274e-16,1.956703463057271e-15
NPEPPS,8.057692,0.3920305,7.774890387020445e-16,1.9676841405269505e-15
CSTB,-8.047492,-0.16494523,8.450801624137231e-16,2.137878108481575e-15
FOPNL,8.0458555,0.5470194,8.564503621587497e-16,2.1651986062625447e-15
VPS26A,8.045837,0.3925617,8.565735232914953e-16,2.1651986062625447e-15
LAGE3,8.04074,0.3440752,8.92973885303968e-16,2.256295553919864e-15
PAXBP1,8.040462,0.552193,8.950054125062258e-16,2.2605134680094518e-15
RBM17,8.039598,0.22680908,9.01329958298316e-16,2.2755664521601093e-15
BCLAF1,8.0377655,0.17251204,9.149141305364595e-16,2.3084096541073665e-15
ATG101,8.037744,0.5042739,9.150785906523993e-16,2.3084096541073665e-15
NUMA1,8.035131,0.3394978,9.34784858849859e-16,2.357168607709887e-15
AP1G1,8.03433,0.48058128,9.40913883904277e-16,2.371665407692485e-15
PARL,-8.028673,-0.9387974,9.853241976770248e-16,2.482603277231454e-15
ISG20,8.021604,0.2011795,1.0437358165278783e-15,2.628714782465895e-15
CD3G,8.0211115,0.14584863,1.0479294601040637e-15,2.638212085723865e-15
ARL8A,8.018424,0.68593174,1.0711028664257277e-15,2.6954649150657122e-15
ME2,8.008825,0.4876789,1.1580949094482058e-15,2.913208516673217e-15
STX5,8.002167,0.38243514,1.2224839794982781e-15,3.0739413843870884e-15
CISD3,7.9940524,0.47490275,1.305740014899454e-15,3.281966747075108e-15
UBXN11,-7.981488,-0.71550316,1.4457928913461513e-15,3.632525537395866e-15
NPTN,7.981122,0.5361964,1.450088133008116e-15,3.6418511219733004e-15
PDCL,7.9795513,0.6246004,1.4686646064988346e-15,3.687021644874991e-15
ESD,-7.9792414,-0.36809146,1.4723543719804236e-15,3.694798405922728e-15
RBM26,7.9723105,0.39616412,1.5573486433413689e-15,3.906516432111528e-15
STAG2,7.971364,0.28857592,1.56932702379608e-15,3.934981902575868e-15
ZNF33B,-7.9696426,-1.2271407,1.5913373031897345e-15,3.988568718557081e-15
ILKAP,7.9487963,0.38875046,1.8833247566492415e-15,4.718518589421082e-15
PPA1,7.938002,0.29701114,2.0546355701441582e-15,5.145658344008704e-15
ANXA2,-7.9353557,-0.26249686,2.0989324717760212e-15,5.254487587787465e-15
FMNL3,7.933286,0.7707306,2.1342208380318844e-15,5.340686547777462e-15
DAZAP2,7.9331527,0.10950173,2.1365177916638045e-15,5.344291598306134e-15
ALAS1,7.9295697,0.7258314,2.199066572527464e-15,5.4985474676057305e-15
NDUFC2,-7.925878,-0.26505214,2.265397012037557e-15,5.6621316588411665e-15
CSGALNACT1,7.9238367,0.7762969,2.3029188648495703e-15,5.753609541843943e-15
MRPS11,7.923391,0.5970532,2.3111994994778185e-15,5.77198722538658e-15
MARCH5,7.918661,0.48181918,2.4008149538370793e-15,5.993394450758885e-15
FPGS,7.9119925,0.48342586,2.5330135517618197e-15,6.320886675947828e-15
CD44,-7.9105425,-0.133275,2.562694005817699e-15,6.39239539980346e-15
RAB30,7.9080644,0.74574,2.6142136116628838e-15,6.5183008990763315e-15
LYRM4,7.9052234,0.7184944,2.674540606472532e-15,6.666057478033176e-15
CNP,7.9034257,0.8935844,2.713409402122317e-15,6.760234761934283e-15
KLHL2,7.8986597,0.8812207,2.8191876595376912e-15,7.0209697458797805e-15
TOB1,-7.89727,-0.3218636,2.8507750028137803e-15,7.0968036667574005e-15
C6orf89,7.891332,0.4252337,2.989777416992422e-15,7.439872750976757e-15
METTL9,7.8888855,0.26534444,3.0489721916237135e-15,7.58415123472443e-15
IFIH1,7.8882046,0.7383425,3.0656495625342035e-15,7.622597179193612e-15
UBE3C,7.8859434,0.63741183,3.1216804464832563e-15,7.758824239945043e-15
SYNRG,7.8833323,0.23405471,3.187636493695781e-15,7.919601654918538e-15
CCDC174,7.883072,0.36512914,3.1942903846061336e-15,7.932975045892112e-15
AK3,7.880387,0.5271168,3.2636957408147215e-15,8.102118185530898e-15
EMD,7.8800106,0.18491074,3.2735349572020923e-15,8.123312790416802e-15
MKLN1,7.878669,0.41274804,3.308872437012918e-15,8.207739618202551e-15
POLR2H,7.8766065,0.46262255,3.3639281559721434e-15,8.340991506325843e-15
TMEM160,7.8739047,0.2957039,3.4374144838630092e-15,8.519818821997236e-15
TMED3,7.8693876,0.47219142,3.563809381655742e-15,8.829588864991458e-15
HTATIP2,7.866766,0.47804058,3.639263013233735e-15,9.012952565711008e-15
USB1,7.86553,0.6472122,3.675378342549621e-15,9.098784702837043e-15
SYF2,7.860628,0.18620308,3.822126506383995e-15,9.456377594294824e-15
TXN2,7.860604,0.34116527,3.822855419068393e-15,9.456377594294824e-15
VPS29,7.851797,0.24486996,4.101181133939409e-15,1.0140836551868404e-14
TXLNA,7.8502817,0.8123759,4.1510416605408424e-15,1.0260059803340752e-14
PER1,7.8498893,0.271496,4.164052166437488e-15,1.0288143139642265e-14
MAML2,-7.849812,-0.3855789,4.166605342897991e-15,1.0290377500999748e-14
COX14,7.848516,0.22531006,4.209895273723323e-15,1.0393178957004455e-14
HNRNPH2,-7.8460426,-0.64122874,4.293715037455608e-15,1.0595917575626907e-14
EXOSC3,7.8451962,0.5327582,4.322774332636106e-15,1.0663412889320925e-14
GALK1,7.8449655,0.8494293,4.3307318198703954e-15,1.0678821528175085e-14
PSEN1,7.835983,0.70332026,4.651896910585984e-15,1.146622773260945e-14
GON4L,7.835216,0.34861928,4.680376008224042e-15,1.153186998315288e-14
MRPS12,7.8300257,0.40575677,4.877696079829732e-15,1.2013299618870307e-14
SMIM12,7.8275204,0.44881228,4.975859230789917e-15,1.2250231739392455e-14
VMA21,7.820619,0.4255765,5.256415850800593e-15,1.2935840427778589e-14
YIPF6,7.813526,0.6701516,5.560990141779025e-15,1.3679991909673984e-14
IPO7,7.8108807,0.34769425,5.678970200433137e-15,1.3964717502325929e-14
RASA1,7.804182,0.6617558,5.988877960948679e-15,1.4715191871764056e-14
CITED4,-7.8042064,-1.3596451,5.987723999104498e-15,1.4715191871764056e-14
ARCN1,7.803489,0.3291485,6.021861070764856e-15,1.479041123283883e-14
PROSER1,7.8003926,0.935238,6.171485346867711e-15,1.5151943371283e-14
PLCL2,7.796293,0.6499784,6.375226090570549e-15,1.564600315817963e-14
ATP8B2,-7.7930927,-0.8026239,6.538858279147098e-15,1.604127929251456e-14
SCLT1,7.788678,0.6184298,6.771381510705311e-15,1.6605183500318997e-14
SEL1L,7.7865405,0.4818123,6.8868975215947245e-15,1.6881825385810162e-14
GALT,-7.783071,-0.5672962,7.0784916007455935e-15,1.7344666698175596e-14
GSS,7.7807956,0.54059637,7.20697657511765e-15,1.765256703505073e-14
GIGYF2,7.7777777,0.5117875,7.380949976695135e-15,1.8071600158711e-14
TFPT,7.7775226,0.6697557,7.395848973462864e-15,1.8100977820934012e-14
TOR1AIP2,7.777268,0.58511555,7.41076770277117e-15,1.81303807263798e-14
ATG12,7.7759895,0.2978861,7.485991137178127e-15,1.83072377300661e-14
USP53,-7.774504,-1.3420838,7.574335711527416e-15,1.8516031796178064e-14
RAB11A,7.768735,0.24428117,7.927371864038552e-15,1.9371467425005718e-14
SLC38A2,7.7661195,0.17697188,8.09273104646182e-15,1.9767802137365254e-14
NRAS,7.761203,0.7186624,8.41276082361965e-15,2.0541486815418713e-14
NBPF15,-7.7579885,-0.6469004,8.628712859519454e-15,2.1060538504599496e-14
ASB1,7.756391,0.8197055,8.738043743598952e-15,2.1319050431509406e-14
BROX,7.755501,0.49091864,8.799541098462698e-15,2.1454227304870858e-14
USP16,7.75549,0.22345312,8.800323970592757e-15,2.1454227304870858e-14
PLEKHA2,7.7528486,0.47086895,8.985356718018395e-15,2.1896763481902697e-14
PRKAG1,7.749658,0.55981064,9.214027117076611e-15,2.2445254971770153e-14
ARIH1,7.7380285,0.24262136,1.009702162549804e-14,2.458662191366885e-14
RCN2,7.7377105,0.34632513,1.0122289690213563e-14,2.4638537424579894e-14
VTI1B,7.737104,0.36612168,1.017067805880824e-14,2.4746667354784493e-14
AHCYL1,7.7368364,0.64072716,1.0192116730499524e-14,2.4789166217867314e-14
ZFYVE28,7.7365665,0.6506848,1.0213772375793431e-14,2.4832159484739696e-14
RUNX3,7.732672,0.36227474,1.0531239617214622e-14,2.5594028991836626e-14
SSU72,7.731493,0.19236043,1.062925273773415e-14,2.5822174517788568e-14
PRRC2A,7.7254486,0.3651732,1.1146010612719857e-14,2.7067024215558222e-14
FUOM,7.7220535,0.7279191,1.1447025689101436e-14,2.778719849306965e-14
CCNI,7.719529,0.08197244,1.1676017397940266e-14,2.833204688201602e-14
PHAX,7.717054,0.38040677,1.1904944340484053e-14,2.8876314663412735e-14
UROS,7.7134886,0.45802295,1.2242433767403137e-14,2.968338350519152e-14
TBC1D20,7.711933,0.59337074,1.2392596877801706e-14,3.0035804704606e-14
TMEM256,7.7114224,0.2729726,1.2442318957701711e-14,3.014460893440077e-14
GRIPAP1,7.7096004,0.52659136,1.2621210319987503e-14,3.0566151962375634e-14
CASK,7.7066793,0.34981963,1.2913364918666499e-14,3.126156340473143e-14
MRPL1,7.703999,0.4669207,1.3187278380456692e-14,3.1912293281283524e-14
TMEM216,7.7005844,0.7622729,1.354455290117286e-14,3.276416847140303e-14
CCR8,7.698463,0.7715195,1.3771245008412041e-14,3.329962808891885e-14
DECR1,7.697383,0.30041215,1.3888124005951233e-14,3.3569241642580036e-14
CTSA,7.6955695,0.24166587,1.4086528925085606e-14,3.403562796030169e-14
CCDC130,7.6954594,0.4579229,1.4098665774422026e-14,3.405176977483276e-14
FARS2,7.693353,0.63078064,1.4332807234916028e-14,3.460388779617444e-14
TPGS1,7.6897473,0.39258996,1.4742594709229772e-14,3.557947934273125e-14
CBFB,7.689453,0.45125598,1.4776540655452456e-14,3.564761895271696e-14
WASF2,7.6886497,0.20881735,1.486958662351993e-14,3.5858226475033965e-14
GPAA1,7.683388,0.48374826,1.5493495248993425e-14,3.734835992621397e-14
TCF12,7.6757483,0.38834044,1.644557408155805e-14,3.962811885830262e-14
PFKL,7.675395,0.33977607,1.64909815799908e-14,3.972219839472118e-14
JAML,7.672741,0.5203924,1.68359456412066e-14,4.053747559674783e-14
ARMCX6,7.6721783,0.63677657,1.6909998949010657e-14,4.0690135597197754e-14
GOLT1B,7.67216,0.41764376,1.6912387716572822e-14,4.0690135597197754e-14
UBA2,7.6706824,0.27148664,1.7108394740903414e-14,4.114585417263129e-14
SUPT16H,7.669963,0.3254841,1.7204632543212432e-14,4.135432254053817e-14
NDUFA7,-7.669935,-0.5155546,1.7208328094500502e-14,4.135432254053817e-14
TMEM33,7.665373,0.585093,1.7831240673885175e-14,4.2834785621908146e-14
CASC3,7.662335,0.45934865,1.8258249809690373e-14,4.3843684902761684e-14
H2AFJ,7.6615615,0.33401513,1.8368558796821928e-14,4.4091605942679094e-14
CAAP1,7.6599,0.5599303,1.8607777094784842e-14,4.464864930740184e-14
OGDH,7.648178,0.38255468,2.0384683949410845e-14,4.889347137904423e-14
YTHDC2,7.647137,0.4651702,2.0550273173957483e-14,4.927170759841285e-14
GGA2,7.64299,0.5713954,2.122342916757412e-14,5.086613726375963e-14
TFDP1,7.6427374,0.6031997,2.126511153671677e-14,5.0946472591420107e-14
SLC16A7,-7.6345186,-0.5459252,2.266653790200974e-14,5.4283140079218264e-14
PLEKHF2,7.629573,0.61816615,2.3553320043156857e-14,5.6385220709375504e-14
E2F4,7.617405,0.38106245,2.5882626745900966e-14,6.1937681564865e-14
ESYT1,-7.6128025,-0.35856885,2.682159266465182e-14,6.416004592567728e-14
PDCD10,7.6097608,0.2598144,2.7460375297720327e-14,6.566291273297799e-14
PSENEN,7.608022,0.40127742,2.783215103041129e-14,6.65264092611248e-14
NFATC3,7.6071277,0.39752114,2.8025455516926424e-14,6.69628131244785e-14
VRK2,7.6038117,0.6371321,2.87533358969973e-14,6.867568669466519e-14
NFU1,7.601035,0.45944333,2.937714537056353e-14,7.01387774512957e-14
RPS6KB2,7.5981894,0.410824,3.003025449952766e-14,7.167067622621497e-14
DPEP2,-7.5942135,-1.4686766,3.096673412795767e-14,7.387744177851063e-14
MRPS18A,7.592082,0.5363548,3.148052261658242e-14,7.507449050442907e-14
GPATCH2,7.5917826,0.65860534,3.155338843021627e-14,7.521951764437728e-14
JOSD1,7.589474,0.36333254,3.212065473192821e-14,7.654257586176554e-14
MCM3,7.5874734,0.5905493,3.262033119049147e-14,7.770362097704475e-14
RABEP1,7.583767,0.41666988,3.3566448432220227e-14,7.9926823603772e-14
OAS2,7.5810084,0.55565697,3.428792371748753e-14,8.161362773487402e-14
ANKRD17,7.574384,0.40532804,3.6083555807833874e-14,8.58549263426196e-14
RNGTT,7.5743275,0.5506724,3.609932856588537e-14,8.58597216386016e-14
QKI,7.5691686,0.54447794,3.756204224689749e-14,8.930464977633798e-14
ARL6IP6,7.5453305,0.38321456,4.511413199119473e-14,1.0721907759217301e-13
RAB3GAP1,7.54492,0.3920223,4.525653281957085e-14,1.0751656693069726e-13
ALKBH6,7.540965,0.6024791,4.665057470463313e-14,1.1078623924338483e-13
ACSL3,7.5369453,0.52462184,4.811081224593654e-14,1.142105664613503e-13
NDUFA8,7.5360723,0.40783644,4.843377960171788e-14,1.1493354315373434e-13
RRBP1,7.531647,0.65592504,5.0104093716051326e-14,1.18852014018197e-13
ANKRD39,7.528068,0.53921056,5.149646140414107e-14,1.2210844058633906e-13
SPTSSA,7.527101,0.76731163,5.1879307140899816e-14,1.2296952368642452e-13
PUM1,7.5237694,0.3270861,5.321920566750488e-14,1.2609759399046998e-13
SCNM1,7.5213256,0.39141104,5.4223617032971805e-14,1.283909307225297e-13
CCDC90B,7.5213146,0.3909099,5.42282476181042e-14,1.283909307225297e-13
NDUFB7,7.512495,0.22062603,5.801103068255919e-14,1.3729497250278796e-13
UBR7,7.506611,0.76390016,6.067763981702134e-14,1.4355161110615245e-13
DNAJB12,7.497336,0.50961125,6.5127896831975e-14,1.5402167644121108e-13
TIAL1,7.49675,0.22474353,6.541971250307516e-14,1.5465319156503488e-13
PASK,-7.49497,-0.4380784,6.631354109143756e-14,1.5670685723273828e-13
APBB1,-7.4910955,-0.5764784,6.830096590311686e-14,1.613422892510796e-13
TIMM17B,7.486937,0.34893382,7.049942068400597e-14,1.6647252534577423e-13
PLEKHB2,7.4858623,0.33469012,7.107892424333965e-14,1.6777744561372267e-13
TMEM127,7.4807587,0.7377442,7.38948102851052e-14,1.7435822721714238e-13
SMARCD2,7.4740615,0.7570059,7.775669811607597e-14,1.8340119158822003e-13
SERPINB6,-7.4738593,-1.1319506,7.787650337668946e-14,1.836143776252055e-13
MLH1,7.472576,0.65732384,7.863981374899751e-14,1.8534406254059422e-13
CHD1L,7.4722457,0.8312325,7.883751152617591e-14,1.8573986766133025e-13
POLDIP3,7.452296,0.4744951,9.172964741229337e-14,2.160319733962728e-13
SRRM1,7.4517183,0.12783475,9.213237815044492e-14,2.1689859375214137e-13
LEPROT,7.4510584,0.47286332,9.259451670951882e-14,2.1790436605735556e-13
UTY,7.4465804,0.5066515,9.579075766551825e-14,2.25341167957218e-13
RHNO1,7.444829,0.58408654,9.707013892621551e-14,2.2826478411398303e-13
DCAF11,7.443393,0.40597323,9.813149624967573e-14,2.30673697963927e-13
NDUFB4,7.4411583,0.18232854,9.980641324755401e-14,2.3452252450225324e-13
RRAGA,7.4386897,0.37024432,1.0168900128766029e-13,2.388562502959307e-13
UBE4A,7.435966,0.42727137,1.0380634590557388e-13,2.4373792505518683e-13
FGFR1OP2,7.43134,0.19825366,1.0750296272762145e-13,2.5232267408164177e-13
UQCC2,7.428526,0.4346545,1.0981452723920325e-13,2.576513024435592e-13
CCT7,7.4264536,0.20752491,1.1154795444621232e-13,2.6161998635806504e-13
ZNF280D,7.425072,0.5665227,1.1271829146298627e-13,2.642655360708104e-13
IP6K1,7.42168,0.578819,1.156437952359318e-13,2.7102250321721753e-13
APBA3,7.4205055,0.608534,1.1667407176713623e-13,2.7333441512713863e-13
TXNRD1,7.419637,0.47805756,1.1744156293071447e-13,2.750291910884011e-13
PPAN,-7.419535,-1.4742683,1.1753205842566783e-13,2.7513787570689905e-13
RAE1,7.4131956,0.49754968,1.232916265648881e-13,2.8851257644974375e-13
IDS,7.4124045,0.1085748,1.2402961847821037e-13,2.9013075296945685e-13
TMOD3,7.412283,0.22541122,1.2414355853626092e-13,2.9028847839070976e-13
ZRANB2,-7.4114137,-0.2308083,1.2495998185736655e-13,2.9208810740517776e-13
DDHD1,7.4100432,0.38056302,1.2625814785405805e-13,2.950120182542779e-13
RPS4Y1,-7.4091597,-0.21428032,1.2710211986071928e-13,2.9687287801300485e-13
DNAAF2,7.4061804,0.40327746,1.2998877095214857e-13,3.0350165339033264e-13
DDIT3,7.4045343,0.27766636,1.3161155108624593e-13,3.071756508336802e-13
MTG1,7.402619,0.42566508,1.3352454372019524e-13,3.1152399153560317e-13
SLC25A36,7.39045,0.34181595,1.4633262406180676e-13,3.41278739450574e-13
IMMT,7.387693,0.34346315,1.4939826485294583e-13,3.482983081610889e-13
ZNF451,7.387521,0.42886913,1.495918600771141e-13,3.486194170057017e-13
ELK4,7.386106,0.5509668,1.5119130930130026e-13,3.5221536444547027e-13
TNPO3,7.379289,0.5134224,1.5913681712495724e-13,3.7058689390927545e-13
TPD52,-7.3768587,-0.5983909,1.6206761959858441e-13,3.772711726649628e-13
RNPEP,7.374221,0.6579149,1.6530920758649456e-13,3.846736631421747e-13
TMEM199,7.371609,0.5982468,1.6858032334445534e-13,3.9213932090672597e-13
RPL7L1,7.3711743,0.30533454,1.6913146182572615e-13,3.9327475903664564e-13
KCNAB2,7.3677917,0.33848995,1.7347742748419873e-13,4.032300279064746e-13
CTSD,7.3647532,0.41095144,1.7747476053878218e-13,4.1236782595775857e-13
LARP4B,7.35367,0.54011774,1.9283733553782423e-13,4.4789646858636437e-13
SLC25A1,7.3490014,0.5248934,1.9969319236282958e-13,4.636477728930131e-13
ATP6V0A2,7.339404,0.6341772,2.145472960598266e-13,4.979507901485227e-13
ZBTB17,7.33726,0.88153034,2.1801092813973847e-13,5.05801562275133e-13
DESI2,7.3339014,0.4729418,2.2354780383362318e-13,5.184547914253595e-13
TSSC4,7.333498,0.3894804,2.2422200041035448e-13,5.198252245769028e-13
FBRS,7.3328214,0.42661276,2.2535697602048027e-13,5.222624906586771e-13
HMGXB3,7.3318233,0.5805176,2.2704215339846628e-13,5.259725610095872e-13
SFMBT2,7.330887,0.9475179,2.286347515036512e-13,5.29465485764114e-13
DCTD,7.3294306,0.48111007,2.311326722606015e-13,5.350515606744858e-13
COA1,7.329004,0.5023189,2.318695541533108e-13,5.365583564964082e-13
DHX30,7.327646,0.43691954,2.3423041500336846e-13,5.418206152839224e-13
ACAT2,7.3275113,0.42174938,2.3446560770462613e-13,5.421637116282222e-13
SRRT,7.325346,0.3256632,2.3828277281869873e-13,5.50786216726481e-13
BLOC1S6,7.3208766,0.37671727,2.4635631649234423e-13,5.692372348125585e-13
CTSS,-7.3084903,-0.23360501,2.7016044903733563e-13,6.240086463515957e-13
PPM1D,7.3028393,0.52874655,2.817580762141838e-13,6.505557357205776e-13
NOTCH2,7.3010798,0.69713366,2.854676343528742e-13,6.588770362412309e-13
SUMO3,7.3009872,0.29196003,2.856640797782372e-13,6.59086699407016e-13
PAIP1,7.2989554,0.4055856,2.9001082234821074e-13,6.688682713507698e-13
IQGAP2,7.2987056,0.2540375,2.905492877053794e-13,6.698626171293952e-13
DHX29,7.29222,0.383083,3.0488827627509497e-13,7.026616441037178e-13
HMGCS1,7.2917337,0.46088433,3.0599157328338757e-13,7.049440416617283e-13
MFSD14B,7.2913923,0.7696504,3.067682279494278e-13,7.064725131484793e-13
AKAP8L,7.2902665,0.40157452,3.093428416519449e-13,7.121389431020982e-13
MED21,7.2887497,0.42520127,3.1284494555469634e-13,7.199355845158038e-13
COQ4,7.288292,0.4236121,3.139095861743718e-13,7.221193244800053e-13
CRIPT,7.2864003,0.52001363,3.183461811745506e-13,7.32055459362701e-13
WBP4,7.2828875,0.6920868,3.2675003318288993e-13,7.511038516001532e-13
ZC3H13,7.2823997,0.2832687,3.2793384541226765e-13,7.535475438946843e-13
S100A4,7.281132,0.1341283,3.3103049291831815e-13,7.60383255908437e-13
CLPX,7.2788496,0.49263206,3.3667894700576874e-13,7.730733290150857e-13
SUPT7L,7.2769156,0.42422065,3.4153857843623394e-13,7.839434601031762e-13
ZAP70,7.2755075,0.1730532,3.451206506665426e-13,7.918742576506957e-13
OSBPL3,7.2710657,0.6037106,3.5666210051229013e-13,8.180551890103649e-13
GTF2I,7.2670565,0.3644945,3.6740527991978866e-13,8.423866098381341e-13
GIT2,7.264628,0.34088206,3.740665130182135e-13,8.573445125768162e-13
MRPS18C,7.262728,0.31056598,3.7935909090089986e-13,8.691556851367533e-13
DHX8,7.2626557,0.49236378,3.7956312653935403e-13,8.69304026690682e-13
HEXA,7.2616467,0.40501478,3.824061898661385e-13,8.754941419495856e-13
CNPPD1,7.2614994,0.30904058,3.828230733734764e-13,8.761271730560565e-13
CASP4,7.2599607,0.25190368,3.872024237847422e-13,8.858248998682464e-13
MXD1,7.2570834,0.61911863,3.95526420577768e-13,9.045366034539575e-13
UBE3A,7.2561173,0.24244359,3.9835974044520806e-13,9.106824689078913e-13
GCHFR,7.255068,0.400246,4.014606691239374e-13,9.174353848416307e-13
PNP,-7.254777,-0.36962834,4.023245395148949e-13,9.190730055316467e-13
ZNF821,7.2542157,0.8032726,4.039951496426223e-13,9.225516754188094e-13
NUDT14,7.2514277,0.78233325,4.1240165706715073e-13,9.414040752582616e-13
TATDN2,7.2482147,0.8400338,4.223014019445459e-13,9.636501095195288e-13
GOSR1,7.2475886,0.37871218,4.242569079348274e-13,9.677585388966586e-13
PIK3C2A,7.243312,0.7337526,4.378584088986078e-13,9.984195578868144e-13
RNF220,7.2416425,0.38416713,4.432832358763986e-13,1.0104202611777223e-12
PRELID3B,7.238114,0.32741812,4.549674753742836e-13,1.0366747038374968e-12
SSBP4,7.2379427,0.2746935,4.555421038421662e-13,1.0376052080580144e-12
PHF20L1,7.236885,0.28950715,4.591067709751689e-13,1.0453430710164278e-12
ELOF1,7.2364783,0.42551026,4.604845386908186e-13,1.0480977410537562e-12
RFC1,7.2319255,0.2832769,4.761942440947972e-13,1.0834590876396754e-12
VAPA,7.227495,0.16795081,4.919837595726071e-13,1.118976182030846e-12
IPCEF1,7.2225795,0.313308,5.101052126948503e-13,1.1597692650012972e-12
WBP11,7.2210445,0.25705832,5.158982746567135e-13,1.1725131580963399e-12
DHX38,7.214493,0.5667674,5.413542896176921e-13,1.2299206849304756e-12
NDUFA10,7.213651,0.29328135,5.447117911636119e-13,1.2370983583159033e-12
ZC3H11A,7.2061434,0.48205417,5.755880822201842e-13,1.3067461699294906e-12
HRAS,7.205141,0.727865,5.798371854792862e-13,1.3159141362095364e-12
FASTK,7.2042446,0.41323227,5.836655071195657e-13,1.3241208396703778e-12
USP39,7.20265,0.4831033,5.905349062876293e-13,1.3392181504873162e-12
PPFIA1,7.202573,0.62328714,5.908687926538425e-13,1.3394886069570037e-12
PMM1,7.2008066,0.5020835,5.985734578782343e-13,1.3564622188155629e-12
IMPAD1,7.1944833,0.80796546,6.269764062761562e-13,1.4203120695352055e-12
RC3H2,7.190195,0.46741432,6.469870965270701e-13,1.4651112008074907e-12
HAUS1,7.187977,0.5967509,6.575846216195706e-13,1.4885693230060718e-12
EXOSC9,7.187416,0.46776342,6.602894328644358e-13,1.494150235861836e-12
MRPL44,7.1871915,0.48045072,6.613765340649195e-13,1.4960677597314835e-12
SMC1A,7.185952,0.33878997,6.674037399871525e-13,1.509154616398485e-12
ZBTB8OS,7.1856656,0.34070438,6.688054133120088e-13,1.511776379746558e-12
P4HA1,7.184024,0.53630644,6.768899920122788e-13,1.5294969008503374e-12
PDS5B,7.1819363,0.53892523,6.873102700608004e-13,1.5524804181865564e-12
ZCCHC10,7.176142,0.47143766,7.170605325004397e-13,1.6190936263875702e-12
SLC25A39,7.175665,0.31811774,7.195668861212301e-13,1.6241652572450624e-12
RAF1,7.1723485,0.41000152,7.372207763512592e-13,1.6634110141750574e-12
PNRC1,7.163467,0.06320661,7.86619778705713e-13,1.7742298658844795e-12
APBA2,-7.1579823,-1.2679454,8.187317304107865e-13,1.8459915930251872e-12
RINL,7.1549883,0.5230727,8.367999053593121e-13,1.886048468525629e-12
SOCS4,7.1532483,0.6814796,8.47481126524919e-13,1.909433108535025e-12
TACO1,7.152739,0.68840957,8.506321211808167e-13,1.9158408763224386e-12
YTHDF1,7.148995,0.64041084,8.741559924528287e-13,1.9681123913773824e-12
HINT2,7.1373835,0.38736632,9.512422888924477e-13,2.1408954651921265e-12
HPCAL1,7.123384,0.29041997,1.0530884327253778e-12,2.369259159567081e-12
LTA4H,-7.1197076,-0.35993057,1.0815643266956966e-12,2.4324479145613844e-12
TBRG1,7.1170278,0.1922619,1.1027912768293676e-12,2.4792940773386468e-12
ORAI1,7.115615,0.26025134,1.1141510372418559e-12,2.5039310851373505e-12
LPCAT3,7.1050377,0.5656132,1.2028966151270557e-12,2.7024038066983277e-12
DDX3Y,7.103834,0.19862628,1.2134250135964543e-12,2.725075750217874e-12
HNRNPUL2,-7.096076,-1.092554,1.283489490168565e-12,2.8813877367417315e-12
ICAM3,7.0806737,0.13498789,1.4345553795111967e-12,3.219367178543466e-12
SRP54,7.0802617,0.2758981,1.4388253351065678e-12,3.2277889706686163e-12
BCL10,7.0739465,0.3960917,1.505885523890943e-12,3.377014572261364e-12
TOR3A,7.0727077,0.5519672,1.5193952239806203e-12,3.406086779045636e-12
G3BP1,7.0713696,0.20311701,1.5341212599499105e-12,3.437863836031379e-12
TM9SF3,7.069673,0.34438193,1.5529938007795384e-12,3.4789067877477026e-12
DHRSX,7.0674243,0.6575574,1.5783560641752573e-12,3.5344528871610266e-12
PRKCA,-7.0573688,-0.5603576,1.6968461447386686e-12,3.7984278297396096e-12
EIF5B,7.0565476,0.21951239,1.706902633455086e-12,3.819569499961704e-12
GLRX2,7.0543823,0.834155,1.7336938184053971e-12,3.878130150777091e-12
SRSF1,-7.0538154,-0.31193492,1.7407722660776658e-12,3.8925688687175604e-12
U2SURP,7.0501995,0.18650046,1.7866115033081308e-12,3.9936398252672074e-12
FBXW2,7.050046,0.52268004,1.7885862059403945e-12,3.996622453016112e-12
MYO9B,7.0456553,0.39928252,1.8459095275223046e-12,4.12323599186353e-12
ERAP2,-7.0451756,-0.28861916,1.8522768278616055e-12,4.135978419565037e-12
PDZD8,7.0443473,0.69376457,1.863329724715859e-12,4.159170533602174e-12
PRMT1,7.0396905,0.25994474,1.926671260545423e-12,4.299018711856984e-12
CHCHD10,-7.0357585,-0.21191971,1.981796565155433e-12,4.420440444294159e-12
SMAD4,7.034177,0.52913815,2.004406133933494e-12,4.469274270053211e-12
DGKD,-7.031602,-1.186294,2.0417566437478657e-12,4.550929719153725e-12
RFXANK,7.0254774,0.42829013,2.1333574578724684e-12,4.75340374672691e-12
SF3A1,7.021775,0.17357175,2.1906753657652553e-12,4.879373646588493e-12
TUBA1C,7.0216985,0.19337636,2.1918694218303543e-12,4.880291495413215e-12
ACTR10,7.0190206,0.34596893,2.2342888712678664e-12,4.972966064758471e-12
CARS,7.012616,0.5205492,2.3390252746516363e-12,5.204227001461983e-12
GSK3B,7.0065913,0.3207958,2.4419392389186515e-12,5.431269704237813e-12
OLA1,7.003235,0.2671742,2.5011938776771866e-12,5.5610797971440404e-12
MARS,6.99617,0.44806448,2.6305394992802506e-12,5.846580133549873e-12
NSMCE3,6.994169,0.2179203,2.668355207846009e-12,5.928517213302578e-12
SNRNP35,6.992558,0.4841675,2.699188976819216e-12,5.994889111860757e-12
FAM200B,-6.9923825,-0.44820717,2.702566818054099e-12,6.000255962815949e-12
ETFDH,6.9920254,0.64367527,2.709457811938816e-12,6.013416146625231e-12
PPP6R3,6.9914083,0.34134445,2.7214055036580003e-12,6.037785904134227e-12
DPH3,6.9888926,0.42362827,2.7706423344017915e-12,6.14483966204747e-12
PCNA,6.9881253,0.5178004,2.785836603666579e-12,6.176343248128994e-12
ITFG1,6.987071,0.42581895,2.8068376875323215e-12,6.220693894847024e-12
MAP4K2,-6.9847283,-0.57542235,2.85407835114748e-12,6.323146251157765e-12
ISOC2,6.9732795,0.7854549,3.0963636184918536e-12,6.857489475872129e-12
CLDND1,-6.9679604,-0.19961563,3.2156886951793223e-12,7.119231339699946e-12
THRA,-6.9668183,-1.534573,3.2418898400026167e-12,7.174693082076714e-12
TMEM189,6.9655123,0.6458622,3.2721137459043445e-12,7.239015203186464e-12
SLC25A32,6.965291,0.32987085,3.2772512371503743e-12,7.247811825320866e-12
LETMD1,-6.9613633,-0.34500074,3.3699531547407853e-12,7.450186907097855e-12
VRK3,6.9610324,0.47428057,3.377885787185419e-12,7.465079744272026e-12
NRIP1,6.958897,0.58851427,3.4294633279284255e-12,7.573701567445613e-12
BCL9L,-6.9589043,-0.93222636,3.4292941626477226e-12,7.573701567445613e-12
RPUSD3,6.9536114,0.4907074,3.5605140922172916e-12,7.860335496826359e-12
DUSP6,6.948571,0.87869114,3.690039156242228e-12,8.143399707958891e-12
DYNC1LI2,6.946718,0.4898439,3.738809380189263e-12,8.248112174535594e-12
PIGX,6.9390955,0.70426345,3.946180281373687e-12,8.702512768923386e-12
ANKRD12,6.9384613,0.113837585,3.963940021453044e-12,8.738590488833785e-12
NPLOC4,6.933658,0.77881557,4.100956416340904e-12,9.037453740954655e-12
ARFIP1,6.9314256,0.6872138,4.166207309134901e-12,9.178009112711231e-12
FAM133B,6.9286265,0.25564325,4.2494566330213784e-12,9.358101216191398e-12
MARK2,6.9212527,0.55854994,4.476673401334812e-12,9.854997776977271e-12
FAM102B,6.9137073,0.83123034,4.721491959681909e-12,1.0390279026930463e-11
ITM2C,-6.9076943,-0.6033712,4.925942473939874e-12,1.0836378914296353e-11
MAX,-6.902964,-0.19670497,5.092856320840926e-12,1.1199618146007125e-11
KMT5B,6.90148,0.46916848,5.146336280305393e-12,1.1313238719755533e-11
VHL,6.9006286,0.4227821,5.177289515705219e-12,1.1377276009688828e-11
ATP2B1,-6.895914,-0.26059616,5.3519513980746055e-12,1.1756961870955161e-11
USP14,6.8937817,0.29257697,5.4328463279204356e-12,1.1930469364022321e-11
UBTF,6.8921347,0.3131606,5.4961311395012805e-12,1.206519677862381e-11
MTX2,6.8897896,0.6864964,5.587501924811046e-12,1.226146255722424e-11
COX10,6.8857408,0.6217882,5.748761358580496e-12,1.2610307839917178e-11
WDR61,6.8856974,0.390693,5.750510513123584e-12,1.2610307839917178e-11
CRELD2,6.877205,0.4534316,6.103827367083723e-12,1.3380395714074295e-11
AP1M1,6.87561,0.32781115,6.172529673674799e-12,1.3526249190099867e-11
PARP4,6.872476,0.44609627,6.309693354154963e-12,1.3821971296342971e-11
SYNE1,6.8662057,0.29703328,6.593203404143703e-12,1.4437958752723106e-11
UTS2,6.864202,0.81183684,6.6863926133756285e-12,1.4636891020721607e-11
CNTRL,6.8603144,0.29572523,6.87091749202388e-12,1.503555261841551e-11
PKN1,6.8560066,0.329896,7.0812166625264485e-12,1.549031657582459e-11
PCYOX1L,6.8531747,0.7809427,7.222881698296187e-12,1.579467578103241e-11
ZNF394,6.8530946,0.27291194,7.226931977721871e-12,1.5797997363559437e-11
TUSC2,6.8524327,0.3963762,7.260449459083072e-12,1.5865709059571936e-11
HDDC2,6.8510084,0.37979203,7.333127613994298e-12,1.6018918249540922e-11
NOL8,6.8473644,0.43678293,7.52228607492304e-12,1.6426377674455808e-11
PDE6D,6.845727,0.4936974,7.60885995445236e-12,1.660961699046421e-11
EIF2A,-6.8453064,-0.23926459,7.631236551595882e-12,1.6652638922555907e-11
TMEM222,6.8426957,0.48957494,7.771667334045186e-12,1.6953154782165678e-11
SPATA13,6.8407316,0.3450741,7.878968319816123e-12,1.7181216381541726e-11
HIPK1,6.8376546,0.415804,8.050016913915434e-12,1.754808088010696e-11
PGD,6.835682,0.5052816,8.161585381220124e-12,1.778507484783338e-11
RGS19,-6.828015,-0.31599194,8.609772809116283e-12,1.875518048924772e-11
WAC,6.8248453,0.266583,8.802000844352122e-12,1.9167232124773757e-11
THOC3,-6.8229456,-0.33477488,8.91925842353829e-12,1.9415797635613e-11
EXOSC1,6.822363,0.34097886,8.955514875811104e-12,1.948792480472005e-11
SUPT5H,6.821851,0.25575525,8.987507286466097e-12,1.9550726028175292e-11
MAPK6,6.81796,0.63978106,9.234250347085933e-12,2.008047261887223e-11
SRP19,6.814034,0.2309436,9.489936745584476e-12,2.0629291267569737e-11
CMPK1,-6.8112965,-0.20964721,9.672308721799568e-12,2.101841181502476e-11
FAF1,6.809657,0.4504253,9.783166270613116e-12,2.1251911136406703e-11
SUDS3,6.809588,0.3882188,9.787882220496629e-12,2.1254757459331756e-11
CDC42EP3,-6.8069916,-0.23971047,9.96607294075534e-12,2.1634177816784026e-11
RIC1,6.8009415,0.48464268,1.0393758817803761e-11,2.255474575170837e-11
BRWD1,6.793137,0.30838102,1.0972103796329357e-11,2.380149454045586e-11
TP53I13,6.7897887,0.41721836,1.1229775327147736e-11,2.4351990207341564e-11
AAMP,6.784954,0.32343146,1.1612327814985565e-11,2.5172816218591494e-11
EHD4,6.7798114,0.5263631,1.2033295228214284e-11,2.6076317888640745e-11
TNKS2,6.77343,0.24745327,1.2576451216551458e-11,2.724388477698634e-11
AUH,6.7731404,0.7739467,1.2601643779672205e-11,2.7288986408374128e-11
PRKCSH,6.7716703,0.27422455,1.273039621362231e-11,2.7558238907116488e-11
LSM12,6.7706094,0.37571022,1.2824128508508659e-11,2.775152081192876e-11
WRAP73,6.7661576,0.60729504,1.3224746282681398e-11,2.860854126523903e-11
PGLS,6.7576036,0.21009535,1.4029280450541873e-11,3.033844050306023e-11
VPS37A,6.7566442,0.55627275,1.4122458945743209e-11,3.0529361371798876e-11
CYB5R4,6.7553973,0.52878916,1.4244425569249977e-11,3.07823614881195e-11
UBASH3B,6.751094,0.6733113,1.46734744679646e-11,3.169856495485187e-11
PPM1K,-6.7480984,-0.24095736,1.4979527854171776e-11,3.234852364632735e-11
HOOK2,6.744814,0.32013324,1.5322334536229385e-11,3.307737455572729e-11
DEAF1,6.7346964,0.7449605,1.6427256812478893e-11,3.5450383736749925e-11
SRP68,6.7277856,0.38573918,1.7226456631258223e-11,3.716222462346442e-11
PPP2R5E,6.727476,0.33796173,1.7263113197418063e-11,3.72284345076317e-11
NELFCD,6.723587,0.39925957,1.7730448507314703e-11,3.8223049787271527e-11
AAGAB,6.723077,0.49493155,1.779268428171656e-11,3.834397189302246e-11
BTBD1,6.7209864,0.4981602,1.8049826247042264e-11,3.8884696447287113e-11
DDX46,6.711571,0.1876209,1.9253983122241177e-11,4.146449574392933e-11
FAM168B,6.699621,0.5556008,2.0896037846049323e-11,4.49852266978937e-11
XPA,-6.691592,-0.4502371,2.207551512830333e-11,4.750803100542796e-11
PPP2R3C,6.69093,0.37889272,2.2175708363538446e-11,4.770720299787778e-11
GNAQ,-6.690628,-1.492182,2.222150944326132e-11,4.77892627275651e-11
COPA,6.6885114,0.26919284,2.254519390576847e-11,4.846867212053084e-11
CREBZF,6.6863465,0.38156134,2.288108818292532e-11,4.917385377053613e-11
CCDC137,6.686118,0.45633078,2.291679441516374e-11,4.9217827144827943e-11
AAK1,-6.686115,-0.17540623,2.2917321852727127e-11,4.9217827144827943e-11
STIM1,6.6856465,0.4213081,2.2990751423086333e-11,4.9358541324899144e-11
CCNK,6.6833262,0.2773809,2.3357854873264314e-11,5.0129426500702406e-11
NF2,6.6741977,0.82617223,2.4858830158606947e-11,5.3332402550658634e-11
FHL1,-6.6740675,-1.152963,2.4880936099349797e-11,5.336148529073611e-11
AP3B1,6.671241,0.31920415,2.536496916195347e-11,5.438089060108265e-11
DLST,6.6697044,0.4226321,2.563188074249033e-11,5.493426089075623e-11
CASP8AP2,-6.668051,-0.52870494,2.5922300421941424e-11,5.5537616523630767e-11
SESN2,6.666433,0.6902729,2.6209578667671967e-11,5.6133829946788174e-11
UBE2F,-6.664337,-0.6678333,2.6586253032238302e-11,5.6921030934545195e-11
NCOR2,6.657586,0.6003633,2.7836176733932652e-11,5.95766731812324e-11
MCUR1,6.653492,0.56052876,2.862193467505073e-11,6.12373994881699e-11
PRPF31,6.652138,0.3340644,2.8886565641181e-11,6.178240444366368e-11
SERINC5,-6.649947,-0.24798922,2.9319785373425563e-11,6.268748904266836e-11
BCAS2,6.6486754,0.13472971,2.957420610758666e-11,6.320980147857819e-11
PLEKHJ1,6.642516,0.31084648,3.0837305514690455e-11,6.588689617157929e-11
CALU,6.641763,0.55789644,3.0995295559358123e-11,6.620179315056607e-11
UBA6,6.640223,0.51456255,3.132088775198554e-11,6.687432790288805e-11
MAML1,6.6391835,0.5576371,3.154258838515193e-11,6.732465598896483e-11
MACF1,6.638964,0.21454257,3.15895639479065e-11,6.740186960645624e-11
CMIP,6.638045,0.84631646,3.1787087003570945e-11,6.78001401193733e-11
GTF3C1,6.6340775,0.5332429,3.265379720762305e-11,6.962499090289561e-11
ING3,6.630461,0.49568775,3.346397518090462e-11,7.132809737159349e-11
RTCB,6.62905,0.33338264,3.378547929212481e-11,7.19887935343636e-11
ZMAT1,-6.6274176,-1.3048291,3.4161061101901026e-11,7.276422605357143e-11
PARP10,6.6266246,0.45651639,3.434500261035871e-11,7.313106833546527e-11
LPIN1,6.6248283,0.32644346,3.476515319083236e-11,7.40004505675255e-11
KAT2B,6.6241813,0.5961539,3.491784203234776e-11,7.430012005587534e-11
TMEM11,6.621673,0.48681074,3.5515624284979946e-11,7.554635690612128e-11
GLIPR2,-6.6174746,-0.36510372,3.6538668667405e-11,7.769602424302372e-11
C18orf32,6.6118116,0.23109297,3.7964469257969165e-11,8.070035852826484e-11
ASMTL,6.609555,0.5361043,3.8547724148206335e-11,8.191227320699889e-11
PSME3,6.606004,0.3978998,3.948321832843724e-11,8.387160162960408e-11
GAK,6.6035028,0.5134214,4.015543524021219e-11,8.527052444170272e-11
IARS,6.6032257,0.4060336,4.0230593888915563e-11,8.540106682337484e-11
NUBP1,6.602791,0.56663984,4.0348876941012386e-11,8.562303331821091e-11
DAPK3,6.5988607,0.76418525,4.1432982823928405e-11,8.789369333927164e-11
TPD52L2,6.59849,0.464606,4.153658426274402e-11,8.808352782323664e-11
IFFO2,6.5982866,0.5933532,4.1593707906285506e-11,8.817470483801897e-11
MAGOH,6.5976467,0.17721605,4.1773513101144873e-11,8.852580484354674e-11
HNRNPUL1,6.5953135,0.16262159,4.2435846536042935e-11,8.989888602560895e-11
DENND1C,6.594556,0.28167337,4.265302171229116e-11,9.031355819408094e-11
IL18R1,6.59453,0.46898267,4.2660530292605455e-11,9.031355819408094e-11
FRG1,6.5907865,0.28799424,4.375027416804268e-11,9.25891695770615e-11
CHD4,6.589743,0.28871664,4.40588731825936e-11,9.321065340087005e-11
NCOA7,6.5860934,0.38457978,4.515502023252421e-11,9.549728270795784e-11
NIT1,6.5825787,0.61801344,4.623585723516542e-11,9.774999492028028e-11
ZFX,6.580846,0.4658166,4.677801212003741e-11,9.886270695602894e-11
TRIM28,6.580582,0.29260778,4.686102905166126e-11,9.900463179127214e-11
FEM1C,6.573221,0.81019807,4.923816536731796e-11,1.0399167176224413e-10
POLR2J3,-6.571419,-0.5766181,4.9838151512594906e-11,1.0522324208054967e-10
AAR2,6.5702147,0.6288034,5.024266870981536e-11,1.0604142557252543e-10
RBM6,6.5694823,0.25955093,5.049054369504489e-11,1.0652856091980228e-10
POLR3K,6.5681276,0.52658176,5.095183135696129e-11,1.0746548817127253e-10
TRIM13,6.567311,0.62763953,5.1232052134101425e-11,1.080200126246375e-10
DIS3,6.566527,0.43366617,5.150236220410427e-11,1.0855327339271016e-10
CYB561,-6.566215,-1.1664371,5.161021979591267e-11,1.0874388310138115e-10
FAM192A,6.5604205,0.41792783,5.3656193027804524e-11,1.1301663877371855e-10
AGK,6.5594177,0.6284742,5.401836860504646e-11,1.1374110609449898e-10
NCOA2,6.5592704,0.42470595,5.407175151032035e-11,1.1381511000873838e-10
SSR3,6.552056,0.20103548,5.675026973544437e-11,1.1941282313516802e-10
VAMP8,6.549238,0.14308278,5.783131700122507e-11,1.2164652827928738e-10
MOGS,6.54555,0.47572583,5.927694956768006e-11,1.2464536464012508e-10
C19orf25,6.5445857,0.34694454,5.966053598284841e-11,1.2540970194306397e-10
PIP5K1A,6.543801,0.69219536,5.997462478453521e-11,1.2602748595295766e-10
TAF2,6.543491,0.5461216,6.009906307086998e-11,1.2624646672006043e-10
ATP6AP2,6.543162,0.20207928,6.023156076224419e-11,1.2648222433282838e-10
EIF2S2,6.542802,0.17706458,6.037689818228412e-11,1.2674477684346962e-10
AKIP1,6.5421853,0.6442536,6.062638040838612e-11,1.2722570280051706e-10
MTRF1L,6.5353475,0.7012811,6.346200597054392e-11,1.331315560545091e-10
NEDD8,6.5323396,0.15031835,6.475008642229034e-11,1.3578806766179906e-10
PLK2,6.5310307,0.90030193,6.531865884563535e-11,1.369344137909339e-10
VPS51,-6.5291696,-0.23420848,6.613532703734427e-11,1.3859992479518656e-10
YIPF5,6.5280824,0.21559338,6.661702985899086e-11,1.395625657435253e-10
SP3,6.526734,0.29982674,6.721931361346969e-11,1.407770927052565e-10
UBQLN1,6.5244274,0.224016,6.826175481725424e-11,1.4291231526819312e-10
PRKRIP1,6.5083165,0.40442318,7.599757192246508e-11,1.5905460978138986e-10
UBXN7,6.5056777,0.5036407,7.7343875889087e-11,1.6181801187522358e-10
DNLZ,6.500019,0.6189667,8.030987485425642e-11,1.6796713437178763e-10
CLN3,-6.4966307,-0.7266811,8.213869138263882e-11,1.7173453029113865e-10
FTH1,6.4939837,0.008062881,8.359572843863239e-11,1.7472235136821993e-10
KIF3B,6.4914875,0.7752663,8.499308390377187e-11,1.7758347393486451e-10
TCP11L2,-6.48814,-0.6587762,8.690244799873415e-11,1.8151210775103743e-10
CAST,-6.4847746,-0.1481393,8.886453024830908e-11,1.8554818778176546e-10
VAMP7,6.4835443,0.5640344,8.959242618422405e-11,1.870054621457332e-10
DCAF13,6.4826827,0.4460051,9.010588664161448e-11,1.8801432247753794e-10
GID8,6.4805193,0.35152674,9.140759401168792e-11,1.906667093004493e-10
NDUFA9,6.4794908,0.33276707,9.203270278189311e-11,1.9190648114326592e-10
CHURC1,-6.478224,-0.1445819,9.280875163599684e-11,1.9346005977296467e-10
HMGXB4,6.4742627,0.4988296,9.52760532391789e-11,1.9853684416217546e-10
CHFR,6.468922,0.5583118,9.870443818112934e-11,2.0561228260628442e-10
C12orf65,-6.466604,-0.4063285,1.0022980280570441e-10,2.0872011989002377e-10
APP,-6.4660034,-0.5278887,1.0062873327393617e-10,2.0948096209560896e-10
GOLGA2,6.4655333,0.4768156,1.0094220061778915e-10,2.1006344583381862e-10
DCAF5,6.46543,0.33098692,1.0101145802459296e-10,2.1013750317716156e-10
CUEDC2,6.4643536,0.37161997,1.0173288497567726e-10,2.1156778911469568e-10
MLX,6.4637656,0.34251368,1.0212915759279016e-10,2.1232114341659007e-10
RANBP3,6.4633703,0.4976568,1.0239630650886885e-10,2.128056439966202e-10
ARHGAP10,6.449769,0.75601375,1.1202067796146355e-10,2.3273004366095007e-10
NUDT16L1,6.4487624,0.2951099,1.1276715350731158e-10,2.342029301294947e-10
MAZ,6.446591,0.34572685,1.1439402265772927e-10,2.375026930827972e-10
GET4,6.4460526,0.43999586,1.1480096279575599e-10,2.3826831021227576e-10
ZNF217,6.44103,0.38242576,1.1866557734115243e-10,2.4620740298741104e-10
POLR2C,6.4394526,0.25170657,1.1990495394800495e-10,2.486961839778993e-10
CUL9,6.4336987,0.78723717,1.2453550925896265e-10,2.5821465557647373e-10
ZDHHC20,6.4312305,0.5058321,1.2657500250373894e-10,2.6235622405374787e-10
EIF4A3,6.430782,0.05576629,1.2694924671609662e-10,2.630445712998536e-10
CCDC85B,-6.4297314,-0.16166657,1.2782953967925028e-10,2.6478066947832756e-10
RAPGEF6,-6.426319,-0.316236,1.307306712807932e-10,2.7070010599317535e-10
SAYSD1,6.4256544,0.7204257,1.3130329824418442e-10,2.7179564986466166e-10
CEP85L,6.424623,0.35712653,1.3219675931567155e-10,2.7355436833193175e-10
SP110,6.4235225,0.20194598,1.3315660649471095e-10,2.75449247972652e-10
POLDIP2,6.42278,0.44848752,1.3380786602906177e-10,2.767047355491632e-10
ADNP,6.4155235,0.4772445,1.4033969774361697e-10,2.901159501881131e-10
ARFGAP2,6.411475,0.340201,1.4411836045656722e-10,2.9782870450643577e-10
DPH5,-6.410766,-1.1074001,1.4479019447211545e-10,2.9911804160889525e-10
SLC25A13,6.4029036,0.7997416,1.524497357114801e-10,3.1483745882705073e-10
CLEC2B,-6.3970995,-0.08296574,1.5835614557934425e-10,3.269271268808096e-10
HYOU1,6.3932033,0.5444265,1.6244592884697284e-10,3.352596038141394e-10
GLA,6.389077,0.32480705,1.668897037697812e-10,3.443169061908114e-10
FAM120A,6.370711,0.3878135,1.8815399081528064e-10,3.8805983366760295e-10
PHIP,6.369011,0.21075691,1.9025093537427704e-10,3.922550669543651e-10
TOM1,6.363676,0.3528946,1.9698139085651692e-10,4.0599764211873254e-10
NDUFAF4,-6.3581977,-0.56647956,2.0413446584216166e-10,4.206019152594688e-10
HELZ,6.355941,0.30906138,2.0715490115066633e-10,4.266844020070325e-10
NTMT1,6.355495,0.3745906,2.0775676994155498e-10,4.277829103283552e-10
UBAC1,6.354744,0.6974827,2.0877407534566748e-10,4.297358193378334e-10
CNOT1,6.349461,0.31160334,2.160703519940483e-10,4.4460767121492105e-10
PIKFYVE,6.3489976,0.49247122,2.1672231179225418e-10,4.458022240921089e-10
CCDC88B,6.3454695,0.56604093,2.2174838464109512e-10,4.559906650889867e-10
KIF2A,-6.3442016,-0.17109534,2.23581747731162e-10,4.5960925151191767e-10
PPP1R14B,6.341821,0.5205312,2.2706492273010368e-10,4.666157993936704e-10
CLK3,6.3412595,0.34757334,2.2789436797794182e-10,4.681661456716046e-10
NKIRAS2,6.337525,0.6762066,2.334857274037669e-10,4.794947103412009e-10
MVD,6.335083,0.64787704,2.3721326952063156e-10,4.86989478644165e-10
XIAP,6.3343725,0.44174865,2.383087982862555e-10,4.890776751412432e-10
NELFB,6.330234,0.73110205,2.4478974465061265e-10,5.022132795412471e-10
RBM15,6.3214335,0.6813332,2.5914788041255746e-10,5.314958664655837e-10
CHD8,6.319072,0.37522268,2.6313934111474317e-10,5.395048054852537e-10
TMED10,6.314367,0.17114723,2.712697303558979e-10,5.559915885553887e-10
HAX1,-6.31353,-0.20192558,2.7274142481954607e-10,5.588244360797068e-10
UBE2J2,6.3114815,0.33966348,2.7637701198339113e-10,5.660876047877729e-10
ANKLE2,6.307361,0.35354692,2.8383295975147616e-10,5.811684717221007e-10
HABP4,6.302076,0.6930083,2.9368544464033615e-10,6.011449196458963e-10
SMARCA4,6.2867785,0.34949464,3.2412168903941604e-10,6.632273643590149e-10
ARFGAP3,6.282264,0.32636902,3.3367753270730133e-10,6.825570244596093e-10
PSMB4,6.279609,0.22845745,3.394252460672141e-10,6.93924702674321e-10
DDX6,6.2795944,0.14693332,3.39457157068531e-10,6.93924702674321e-10
ATRAID,6.270525,0.19720995,3.5983287732763757e-10,7.353362761629948e-10
DGCR6L,-6.2687535,-0.2643229,3.639499607335612e-10,7.435062863954682e-10
ZNF688,6.2669005,0.52509326,3.6830498092552196e-10,7.521568671322587e-10
CWC25,6.262141,0.2712277,3.7972656891117783e-10,7.752284974074782e-10
ATG3,6.260823,0.25537038,3.8295146150639314e-10,7.815565962267495e-10
C6orf62,6.2552485,0.36455366,3.9688307653843504e-10,8.097245114993047e-10
STRAP,6.254481,0.16045496,3.9884048044165495e-10,8.134521040641727e-10
PPP3R1,6.2532477,0.38580558,4.0200389829797995e-10,8.196361742168223e-10
DHX9,6.2511334,0.25496638,4.0748411678163036e-10,8.305383320816966e-10
FBXW7,6.2473207,0.39346224,4.1755316708132234e-10,8.507833221529653e-10
PTMA,6.240736,0.027756032,4.3551654277097766e-10,8.870948901545926e-10
KMT2B,6.239488,0.5822377,4.390046016438721e-10,8.939079017485827e-10
MRPL20,6.238465,0.18632193,4.418854959706172e-10,8.994805545833731e-10
U2AF2,6.236451,0.24552493,4.476091334018909e-10,9.108342359182266e-10
CHTF8,6.2354574,0.37494004,4.5046026197463484e-10,9.163371887169805e-10
CDK9,6.2354007,0.4394979,4.506233333205815e-10,9.16370225889133e-10
DOHH,6.2345643,0.6769754,4.53037441789315e-10,9.209793727059007e-10
HAUS3,6.232139,0.3404983,4.6010805578807166e-10,9.350486408900537e-10
YTHDC1,6.2260036,0.16230382,4.784823490695815e-10,9.720730275205919e-10
TUBA1A,-6.2252154,-0.16358791,4.808945609113597e-10,9.766556962732822e-10
TMUB1,6.2250133,0.24867131,4.815152812914241e-10,9.775982012165836e-10
KLC1,6.222866,0.37281823,4.88154507380687e-10,9.907552131911765e-10
UBE2Q1,6.2222333,0.610727,4.901270308464667e-10,9.944352404137837e-10
HIST1H1E,-6.2203846,-0.1932964,4.959378423686824e-10,1.0058979766730408e-09
POLR2D,6.2146497,0.46742535,5.143927584780596e-10,1.0429906451142204e-09
SNRNP200,6.213203,0.224316,5.191537795507499e-10,1.0523022858643164e-09
DENND2D,-6.2124248,-0.17510664,5.217311869606356e-10,1.057183226565366e-09
CRY1,6.2120404,0.34771362,5.230089321445831e-10,1.0594283497287708e-09
DHX15,6.2114463,0.28551915,5.249916598445724e-10,1.0630995941239377e-09
SRSF2,6.208143,0.09070925,5.361421130027338e-10,1.0853269306682004e-09
MRPL55,6.204781,0.33645418,5.477303726610716e-10,1.108425828721708e-09
BCL2A1,-6.1987143,-0.5100924,5.692629565724259e-10,1.1516272648196142e-09
DENND4A,-6.1961904,-0.46294382,5.784608177990143e-10,1.1698554646414932e-09
SHOC2,6.196074,0.27404606,5.788897341952014e-10,1.1703436446751706e-09
BCL7B,6.1945105,0.25535968,5.846649893395401e-10,1.1816367223018362e-09
POM121,6.1901784,0.34838945,6.009618868793553e-10,1.2141803612865188e-09
ABHD16A,6.1892276,0.47894472,6.045976758665021e-10,1.2211307751077152e-09
RCOR1,6.1883774,0.45878774,6.078663377040132e-10,1.2273354298320111e-09
DDB1,6.187461,0.30681998,6.114095873014995e-10,1.2340903086509246e-09
ZC3H18,6.185898,0.36714128,6.175001585651356e-10,1.2459807596524445e-09
M6PR,-6.185613,-0.17827137,6.186152889512004e-10,1.247827413815269e-09
TP53BP2,6.1854496,0.44611645,6.192570972362757e-10,1.2487184309698213e-09
ATAD2B,6.1816063,0.43884772,6.345253787411702e-10,1.2790933103112542e-09
ZNF592,6.179781,0.6594211,6.419062856167126e-10,1.2935541261007115e-09
DNASE2,6.1795964,0.5256964,6.426560140143742e-10,1.2946469281677565e-09
LRRC41,6.1779947,0.48755234,6.492079612009743e-10,1.307423970911675e-09
CLK4,6.177612,0.32694173,6.507839341523222e-10,1.3101750106595622e-09
ASB3,6.16814,0.55558044,6.909793076887963e-10,1.3906487775832885e-09
PPHLN1,6.1659555,0.2230215,7.005879312079056e-10,1.409532327101399e-09
DCTN4,6.1630774,0.31062824,7.134469027398928e-10,1.4349410634868421e-09
TOPBP1,6.1623774,0.48386118,7.166075827925134e-10,1.4408337384690967e-09
BTBD6,6.1619725,0.6794446,7.184431357031786e-10,1.444059133630769e-09
SMG9,6.1517158,0.70776796,7.664916252076484e-10,1.5401398045463405e-09
CUTA,-6.149437,-0.11102068,7.775850736721898e-10,1.5619274041802821e-09
TNRC6C,-6.1489964,-0.70278376,7.797473569392395e-10,1.565766812952958e-09
SGTA,6.146381,0.52077234,7.927081852102771e-10,1.5912807281754067e-09
ACAP2,6.145206,0.16969994,7.985972635909876e-10,1.6025869845888597e-09
ACLY,6.1431746,0.48431307,8.088829664006436e-10,1.6227060730653863e-09
CHID1,6.1381783,0.52425104,8.347314272154102e-10,1.67402276261291e-09
PLEKHM2,6.1354957,0.73450416,8.489405721765148e-10,1.7019717670907898e-09
DRG1,6.134557,0.40507782,8.539682924362253e-10,1.7115016419699685e-09
TYK2,6.1329923,0.63541436,8.624134220071692e-10,1.7278722846699015e-09
SLC39A10,-6.131676,-0.6363156,8.695795255254519e-10,1.7416706735572354e-09
R3HCC1L,6.1259403,0.6786296,9.014949663433638e-10,1.8050144642120415e-09
NFE2L3,6.1242685,0.72491145,9.110117054113588e-10,1.8234843019474951e-09
KIF3A,6.1226053,0.5054889,9.205742941209606e-10,1.8420340396309444e-09
UNC13D,6.121843,0.45621732,9.249911294809352e-10,1.8502787304777296e-09
NDUFB1,6.1193533,0.19680299,9.395590740397359e-10,1.8788171038391514e-09
RAB18,6.11741,0.26262796,9.51083079287211e-10,1.9012522414578747e-09
ZMIZ2,6.117117,0.7022685,9.528333323803446e-10,1.9041411551026997e-09
SEC61A1,6.1090684,0.29939365,1.0021444249919813e-09,2.0020433279049153e-09
HIST1H2BK,6.1088133,0.69295025,1.0037478263420467e-09,2.004604858944228e-09
IFNAR1,-6.105602,-0.35856667,1.024141742704277e-09,2.0446796596984622e-09
ZFP91,6.10347,0.519007,1.0379017177805933e-09,2.0714885259573654e-09
ZMPSTE24,6.101173,0.5446087,1.0529292636685477e-09,2.1008093141161785e-09
WDR59,6.095867,0.658318,1.0884589166275862e-09,2.1710041862169274e-09
ADORA2A,6.095364,0.63148177,1.0918848315397696e-09,2.177141608191598e-09
HERC5,6.0926633,0.5663243,1.1104742136054823e-09,2.2135003408214037e-09
ATP1B1,6.0900135,0.74388003,1.1290110448256113e-09,2.249731140088327e-09
PDIA4,6.086272,0.30354807,1.1557018500909702e-09,2.3021816937177607e-09
GLMP,6.074022,0.59089494,1.2474580523161865e-09,2.4841690186679384e-09
APEH,6.0732117,0.3433469,1.2537703024684004e-09,2.495942729730554e-09
YRDC,6.0722976,0.5459124,1.2609313029610395e-09,2.5093980426593902e-09
TRIM33,6.061014,0.4645077,1.35266106769503e-09,2.6910926756406382e-09
AP1G2,-6.0604463,-0.3577623,1.3574455762048174e-09,2.699750746046611e-09
KPNA1,6.055591,0.4052052,1.3990287448425813e-09,2.781566867334358e-09
IK,6.0544276,0.15889466,1.4091784352218379e-09,2.8008543357386908e-09
TECR,-6.0543246,-0.12811619,1.4100806026866584e-09,2.8017551866817686e-09
STK38L,6.0441785,0.70133305,1.5017328544055511e-09,2.9828629086710753e-09
POLG,6.04413,0.5366549,1.502185246267135e-09,2.9828629086710753e-09
PLGRKT,6.0422583,0.38594192,1.519720158537644e-09,3.016721854145495e-09
VPS41,6.0396643,0.5087566,1.5443530591942195e-09,3.0646446557809615e-09
CNST,6.038005,0.22181664,1.560312567515222e-09,3.095330811780833e-09
RRN3,6.0348086,0.34935376,1.5915125306947667e-09,3.156221704501442e-09
HERC1,6.0304666,0.2673736,1.6348718139919666e-09,3.2411801115387115e-09
BCL2,-6.0291696,-0.20928496,1.64804176696284e-09,3.2662523555462322e-09
NR4A1,6.027975,0.029556192,1.6602669788984625e-09,3.2894368937477156e-09
GMFB,6.026285,0.47777647,1.6777098557095184e-09,3.3229410376017468e-09
AP3M2,-6.023083,-0.34158647,1.7112526320337048e-09,3.3883019278306954e-09
ACO2,6.018438,0.3552498,1.7610817989291597e-09,3.485858391093208e-09
CKAP5,6.0169635,0.5312944,1.7771925626118935e-09,3.516632461401657e-09
RNF146,6.015193,0.676893,1.7967243626168652e-09,3.5541542780005885e-09
CANT1,6.0133505,0.61503863,1.8172729438800962e-09,3.5936630046754377e-09
CRADD,6.011359,0.77419513,1.8397427064446844e-09,3.63694464077329e-09
VEGFB,6.00497,0.64208627,1.9136736223939253e-09,3.781899011197114e-09
NMI,6.0041194,0.38349283,1.9237307870008465e-09,3.8005710166737205e-09
FAM207A,5.995899,0.5410051,2.023622314808526e-09,3.996654071746839e-09
GLB1,5.9945593,0.45355937,2.0403824785254077e-09,4.028480559467595e-09
ZMYND8,5.9897156,0.4678866,2.1020844237325943e-09,4.148990793331791e-09
MSRA,5.98548,0.633217,2.1575256453906894e-09,4.257071625951089e-09
HDAC8,5.984115,0.7252206,2.1756933816429417e-09,4.2915620716920355e-09
TMC8,-5.9797235,-0.20343512,2.235167598553245e-09,4.4060900134462415e-09
AKAP7,-5.9797497,-0.9980962,2.2348052353814134e-09,4.4060900134462415e-09
ZC3HAV1,5.974584,0.13207656,2.3067805070503564e-09,4.545821643353734e-09
DNAJC19,-5.9717264,-0.25638777,2.347561371101829e-09,4.6247255419970055e-09
WDR18,5.968007,0.49501902,2.401688167193276e-09,4.729863001405249e-09
B4GALT3,5.964429,0.3599111,2.4549119158508898e-09,4.83315623559161e-09
POP7,5.954772,0.51127523,2.604349161180691e-09,5.12574680382488e-09
CDK5RAP3,5.9547114,0.22645468,2.6053105481650207e-09,5.126022424684077e-09
GLRX,5.952918,0.34466535,2.6340326227992234e-09,5.1809005984525535e-09
MRPS31,5.9517446,0.28682476,2.6529938460702857e-09,5.216551541690186e-09
PLA2G12A,-5.950475,-1.1798995,2.6736516866247367e-09,5.255515016133853e-09
KTN1,5.949982,0.1473569,2.6817141431950237e-09,5.269703390327502e-09
RAD23A,5.9476013,0.15569028,2.7210014398285782e-09,5.345221903043802e-09
FGFR1OP,5.947479,0.5700943,2.72303992209884e-09,5.347543157274657e-09
SLC25A38,5.936965,0.28071257,2.9034692582682135e-09,5.700079157235584e-09
EXOC7,5.934928,0.41548565,2.939748824510661e-09,5.769488180431143e-09
ZNF276,-5.9330373,-0.559449,2.973813083466278e-09,5.8345072159424834e-09
POP4,5.932544,0.38642427,2.98275720763981e-09,5.850216132269031e-09
CDK11B,5.9282827,0.323207,3.0611938570964803e-09,6.000286074792442e-09
ENO2,-5.9282894,-0.5817927,3.061070598484217e-09,6.000286074792442e-09
TMC6,5.926345,0.18032855,3.0975135774791913e-09,6.0695705610824595e-09
ATXN2,5.9234223,0.42684883,3.1531002376588733e-09,6.176553227629952e-09
ATG13,5.922033,0.4895983,3.179857010136431e-09,6.227012111785838e-09
SELPLG,-5.9219375,-0.12518944,3.1817036851832756e-09,6.228673995993984e-09
DTX2,5.9217005,0.60965616,3.1862955543649017e-09,6.235707292189198e-09
RNF126,-5.9204535,-0.2540391,3.210545727221037e-09,6.281196201751252e-09
C14orf119,5.915792,0.26964697,3.3028199915001794e-09,6.459699018161273e-09
WDR36,5.913204,0.4305824,3.3551543744449954e-09,6.559999514696496e-09
AP1S2,-5.909312,-0.2994872,3.4354029643884023e-09,6.714797964531167e-09
CHMP1B,-5.908729,-0.3713635,3.447568607842232e-09,6.736467026156346e-09
KDM5D,5.906622,0.588763,3.491938423564088e-09,6.821029014542557e-09
URI1,5.90587,0.21060748,3.5079079715885987e-09,6.850079365045196e-09
GOT2,5.903717,0.46296185,3.5540129683711085e-09,6.9379402363478545e-09
CERS2,5.903405,0.36660048,3.560739490988937e-09,6.948897799644139e-09
VAV1,5.8971553,0.38326663,3.698217339503938e-09,7.214934171879986e-09
PTRHD1,5.8948855,0.28638804,3.7494083196364625e-09,7.312517913390988e-09
CDK16,5.8909197,0.46143642,3.840523887974111e-09,7.487881782207568e-09
RUVBL2,5.887514,0.45223647,3.920471820549032e-09,7.641369341675985e-09
NDUFS2,5.8873706,0.23900819,3.923881556613532e-09,7.645627472627242e-09
AP1B1,5.8847246,0.52521694,3.987167984035573e-09,7.766515414596133e-09
C11orf49,5.8836436,0.62366205,4.013309531387341e-09,7.814996812913697e-09
ELL,5.8829927,0.47378144,4.029131695973644e-09,7.843359611531975e-09
NR1D2,-5.8818936,-0.30927363,4.05599215204536e-09,7.893185849989113e-09
ATG16L2,-5.8769917,-0.6516066,4.177894490127691e-09,8.12788014740864e-09
ABHD5,5.8752074,0.4027742,4.223147198060166e-09,8.213356703986756e-09
PTGER4,5.874339,0.14759324,4.245336789894608e-09,8.253939846022509e-09
SLC25A33,5.8592353,0.6213224,4.6500381256336746e-09,9.037959496131973e-09
ALG5,5.857846,0.39853242,4.689099463550474e-09,9.111042886680731e-09
IKBIP,5.8574605,0.6125448,4.6999855244011666e-09,9.129352523432207e-09
CDK12,5.8532405,0.27052775,4.8208626074891905e-09,9.361233208879911e-09
UCHL5,5.8526535,0.31448638,4.8379116116075435e-09,9.391417221786214e-09
COA4,5.8521233,0.30355623,4.853362794972614e-09,9.418481717482615e-09
GFER,5.8505516,0.4801407,4.8994515266191094e-09,9.504966421395667e-09
HGS,5.8451996,0.39330333,5.05960559663907e-09,9.81261607477453e-09
CCDC43,5.8379,0.58800495,5.286274133438769e-09,1.0249032888099209e-08
SMARCD1,5.8330936,0.39579055,5.440905352579154e-09,1.054555599548028e-08
RIT1,5.832636,0.5239496,5.455847176378648e-09,1.0571233228121433e-08
C9orf78,-5.827727,-0.12853467,5.618738758575227e-09,1.0883472561225322e-08
KCTD5,5.8265076,0.6892156,5.659923862960322e-09,1.0959846363243987e-08
OPA1,5.8243656,0.3897085,5.732989291769986e-09,1.1097886529136628e-08
PPP2R5D,5.817485,0.58515286,5.973970395378806e-09,1.1560790461258645e-08
TNRC6A,5.814771,0.39797768,6.071694687556448e-09,1.1746263653143148e-08
RIPK2,5.812939,0.60926825,6.138533941522748e-09,1.1871890402554529e-08
ALG12,5.808482,0.6548378,6.304175781660425e-09,1.2188463771171843e-08
JMJD1C,5.806505,0.13659029,6.3790361895717385e-09,1.2329379021095452e-08
ISY1,5.803694,0.3130663,6.4869768717325846e-09,1.2534124661449865e-08
STAT2,5.801305,0.47609416,6.5800872371330035e-09,1.271009732186539e-08
HMGN3,5.800747,0.20210609,6.6020219737306625e-09,1.2748520772912459e-08
AKAP9,5.7922177,0.16519631,6.94629747281849e-09,1.3409168737352365e-08
UBQLN2,-5.7854805,-0.33242688,7.230538874790538e-09,1.395355383969318e-08
SCO1,5.7844315,0.56259096,7.2758077220546196e-09,1.4036573722826238e-08
CRLF3,-5.7803183,-0.242179,7.455944628929265e-09,1.4379650936077732e-08
TICAM1,5.7794676,0.64031595,7.49373789748519e-09,1.4448074827990447e-08
ATP2C1,5.779214,0.56951886,7.505044142859564e-09,1.4465404723775954e-08
FAM184A,5.7560425,0.6569099,8.610866972038532e-09,1.6591670507098636e-08
STK25,5.7538066,0.37334558,8.725587262213997e-09,1.6807527809715295e-08
HADH,5.7527857,0.49090382,8.778468019085649e-09,1.6904171214783562e-08
NMT1,5.752659,0.38748538,8.785076440631345e-09,1.691167861381253e-08
NAPG,5.749862,0.4053227,8.931617964244341e-09,1.718847601444617e-08
PCF11,-5.747493,-0.30359972,9.057639981943165e-09,1.7425626118158846e-08
AGL,5.7458053,0.50729114,9.14845227721978e-09,1.7594912376619e-08
SEPHS2,5.743819,0.29760313,9.256449234419827e-09,1.7797134834261904e-08
NR4A2,5.7391744,0.03791677,9.513925976854608e-09,1.8286545125207763e-08
THUMPD2,5.7382774,0.6914901,9.564426440516497e-09,1.837795117465008e-08
RSPRY1,5.736659,0.4936392,9.65625017840795e-09,1.8548678782223455e-08
RFC2,5.736204,0.68283516,9.68220036551269e-09,1.859280384035837e-08
NUCB2,-5.736047,-0.20964347,9.691191494167959e-09,1.8604345159982233e-08
NPIPB5,5.7358537,0.7026943,9.702252500759837e-09,1.8619851739619355e-08
RALB,5.732952,0.6393955,9.869762773027255e-09,1.8935502448958837e-08
FAM214A,5.732507,0.3928762,9.89567063945669e-09,1.8979373220912476e-08
REV3L,5.7318234,0.329307,9.935670740061386e-09,1.9050236893616928e-08
FXYD1,-5.7306976,-1.0240991,1.0001852406886022e-08,1.9171241053862303e-08
C12orf49,5.7303042,0.67288065,1.0025061918348034e-08,1.9209828502428643e-08
RAP2B,5.7291784,0.3687634,1.0091809680454699e-08,1.933179380470159e-08
SNRPE,5.7291245,0.22557661,1.0095027542085197e-08,1.9332024206859073e-08
UBA5,5.7290587,0.4435103,1.0098953480226664e-08,1.9333610021501416e-08
GMCL1,5.726268,0.3916748,1.0266404901831152e-08,1.9648154858119663e-08
ZNF720,5.7251325,0.5601767,1.033531644440275e-08,1.977397606668227e-08
WRNIP1,5.7243853,0.56002146,1.0380900043297365e-08,1.9855101799025082e-08
NDUFV1,5.7239866,0.18871604,1.0405281494546858e-08,1.9895637808660216e-08
TMEM106C,5.7204475,0.461357,1.062437004904381e-08,2.0308328782873637e-08
TSC22D4,5.720286,0.18859734,1.0634508361859226e-08,2.032148398235255e-08
MAP1S,5.71878,0.68451947,1.072915542738026e-08,2.049606948952562e-08
AP3M1,5.7162075,0.4827063,1.089277380522223e-08,2.080226478530965e-08
MZT1,5.7144747,0.3237451,1.100433827585754e-08,2.1008894212183208e-08
TFE3,5.714325,0.66308016,1.1014029456756165e-08,2.102096570018814e-08
VCL,-5.7115135,-1.1132317,1.1197594233440778e-08,2.1364777013422165e-08
NUBP2,5.7106986,0.30374625,1.1251330304566663e-08,2.1460743407946377e-08
CYFIP2,-5.710049,-0.16266362,1.129434520564193e-08,2.153620789135695e-08
BBS2,-5.7097774,-1.1789201,1.1312406669238757e-08,2.1564059261673514e-08
IRF2,5.7090015,0.23349239,1.1364070838210753e-08,2.1655928580541465e-08
DYNC1I2,5.700389,0.38659173,1.1953444455978377e-08,2.2772114423003983e-08
FTSJ3,5.699086,0.48537654,1.2045126262631841e-08,2.2939772049156335e-08
RNF130,-5.6990004,-1.1583464,1.2051192551604933e-08,2.2944323585895787e-08
SAFB2,5.698887,0.18129306,1.2059216039144996e-08,2.295259752982736e-08
KDM6A,5.6964803,0.3246172,1.2230592544570868e-08,2.327168538739841e-08
TSEN15,5.6951013,0.37230024,1.2329884269205685e-08,2.3453461665380273e-08
ABHD18,5.692192,0.42524096,1.2541855042065541e-08,2.384939589199605e-08
PIK3C3,5.687083,0.37492624,1.2922781434005917e-08,2.456627442267162e-08
FAM162A,-5.6870112,-0.22429231,1.292819292564282e-08,2.4569077968616577e-08
COX6C,5.686545,0.08437342,1.2963533188556644e-08,2.4628739917741863e-08
RAP1GDS1,5.6832747,0.2983666,1.3213982999499886e-08,2.5096916585477418e-08
CAPG,-5.6668262,-0.2066977,1.4546688349430382e-08,2.7619678122541836e-08
TMEM30A,5.6643257,0.3415808,1.4760367976267599e-08,2.8016866344247592e-08
HACD3,5.6530194,0.40640262,1.5765362725848594e-08,2.991536295896049e-08
CYTH2,5.6522074,0.3956188,1.584003559672214e-08,3.0047921628918804e-08
CREB1,5.6511855,0.28620264,1.5934497432848952e-08,3.0217927219207024e-08
WWP1,-5.6474843,-0.38901666,1.6281268090493544e-08,3.086615861262765e-08
SUCO,5.6438866,0.3400886,1.662538133010638e-08,3.150895987889278e-08
C1orf35,5.641621,0.37185127,1.6845661305994055e-08,3.191674930501181e-08
ZNF32,-5.638946,-0.59025705,1.710943368047939e-08,3.240666937780633e-08
FAM76B,5.6356387,0.39725247,1.744105115968805e-08,3.302475736881466e-08
AP4B1,5.6312814,0.55670893,1.788754866272999e-08,3.3859930604821915e-08
STAMBPL1,5.627485,0.40043572,1.8285606404924586e-08,3.460293195061684e-08
TSPAN31,5.6269994,0.5984962,1.8337159470311e-08,3.4689970371085464e-08
SMARCC2,5.623936,0.22733499,1.8665464130592676e-08,3.5300352011826934e-08
EDEM1,5.6225796,0.45487794,1.881270811542101e-08,3.5568043425732366e-08
TAF12,5.6174674,0.35060024,1.9377687499371966e-08,3.662512043718366e-08
GLE1,5.6157284,0.6777454,1.957359573344562e-08,3.698419950724617e-08
SART3,5.613772,0.39616752,1.979629073436518e-08,3.739365934418072e-08
SEC24A,5.6121016,0.62854636,1.998842964386631e-08,3.7745170773788095e-08
PSMD5,5.6118784,0.47207028,2.0014187488956714e-08,3.778237874125192e-08
MUS81,5.6115427,0.55050033,2.0053101952129768e-08,3.7844393493571784e-08
ZNF791,5.6104956,0.43412483,2.0174799407385653e-08,3.806255232814204e-08
KDM5C,5.6027446,0.4276036,2.1098421870741664e-08,3.979306464046501e-08
DHPS,5.585782,0.23052597,2.326506103242037e-08,4.386623743303188e-08
DCP1A,5.5844703,0.28371105,2.3441391014753825e-08,4.4185358297516944e-08
CDK7,5.583429,0.68867964,2.3582206543436217e-08,4.443736444371541e-08
DDX23,5.579461,0.39691815,2.4126483695236962e-08,4.54492558834814e-08
ZKSCAN1,5.5782037,0.33463538,2.4301532013465082e-08,4.5765196528677e-08
NR4A3,5.5775766,0.3078049,2.438926686929934e-08,4.5916565469471244e-08
DARS,5.5758266,0.19153762,2.4635687838868108e-08,4.6366504162357014e-08
DDX21,-5.5727105,-0.15578203,2.508063314821609e-08,4.7189698968349894e-08
C18orf25,5.572087,0.43306237,2.517060941096547e-08,4.734471770157791e-08
SYMPK,5.571906,0.5389566,2.5196719998533916e-08,4.73795509222206e-08
GLYR1,5.5681796,0.38189676,2.5741440350754173e-08,4.838925579188458e-08
PNKD,5.563986,0.24211898,2.636811599501108e-08,4.9552367336604687e-08
ELF2,5.559773,0.24653351,2.70125848071343e-08,5.07482064362809e-08
THEMIS,5.5589685,0.29417157,2.7137371867325785e-08,5.096729997712315e-08
NIPBL,5.5573,0.16806006,2.739797085643518e-08,5.1441256352289995e-08
DPP9,5.551671,0.5358233,2.8295135888876262e-08,5.310975731803812e-08
SUGP2,5.5441027,0.55241424,2.95465257834046e-08,5.544193247571501e-08
KLF13,5.5421896,0.25590286,2.987128770117617e-08,5.6034477470105344e-08
RBM22,5.540648,0.20533843,3.013543972544759e-08,5.651300460532404e-08
TTC33,5.5402045,0.67441845,3.02118347254855e-08,5.6639249180461096e-08
CRKL,5.5383797,0.49135575,3.0528311655924524e-08,5.7215373286674155e-08
PEBP1,5.5374274,0.10906652,3.069465341946518e-08,5.7509856496812416e-08
WDR48,5.5358877,0.38236642,3.096558259593221e-08,5.800006031849127e-08
NANS,5.535591,0.29535046,3.10180405708511e-08,5.808088544934945e-08
YKT6,5.532415,0.54032457,3.15851489187132e-08,5.9125049310644596e-08
UBLCP1,5.5314717,0.28641394,3.1755494909357454e-08,5.942610006875558e-08
PTS,5.5306935,0.5025111,3.1896705576985006e-08,5.967246388068447e-08
ZNF831,5.5252914,0.39789718,3.2893876037029e-08,6.151953261824932e-08
KAT7,5.5248027,0.3341139,3.298564668139632e-08,6.167268452324578e-08
TWF1,5.5195413,0.35467237,3.3988545054162765e-08,6.352078647896237e-08
MRPL49,5.5195107,0.40018514,3.3994460317214276e-08,6.352078647896237e-08
ABI2,5.5191236,0.61560553,3.406948163392374e-08,6.364191406085545e-08
DRG2,5.5165496,0.39058524,3.4572017926579554e-08,6.456132970669749e-08
PDPK1,5.515425,0.4627232,3.4793744553301434e-08,6.495595565574461e-08
ARHGAP4,-5.5150576,-0.17753427,3.486659264126477e-08,6.507248943604468e-08
GTF2A1,5.5145164,0.48821974,3.497407327320713e-08,6.525356989479393e-08
SLC30A9,5.5107913,0.35881633,3.5722446202670537e-08,6.662994224473008e-08
SRSF8,-5.5099,-0.21609811,3.590369482573163e-08,6.694800101804335e-08
SNRNP27,5.50596,0.35992172,3.671620579334603e-08,6.844260464643746e-08
GRN,5.500903,0.469198,3.778505259480276e-08,7.041400813501464e-08
SSH2,-5.5005164,-0.20700209,3.786807432756476e-08,7.054765727711393e-08
TCTN3,5.4985485,0.4393411,3.829297683830941e-08,7.131795537090093e-08
REV1,5.4932256,0.40274417,3.946580164712302e-08,7.34803305727013e-08
DNAJB2,5.492473,0.3652347,3.963441106024399e-08,7.377225154398532e-08
ERF,5.492301,0.43563753,3.967309672806722e-08,7.382224110908395e-08
MKKS,5.487057,0.47022697,4.086849245851256e-08,7.602392293102143e-08
PTDSS1,5.4861207,0.22409174,4.108558092455994e-08,7.64049793057743e-08
MAP3K1,5.4857683,0.30719364,4.116757012392683e-08,7.653464555955536e-08
GATAD2B,5.4855285,0.32620025,4.122350964863604e-08,7.661582004679497e-08
PARN,5.484514,0.38995242,4.1460747282667096e-08,7.703379690119839e-08
INIP,5.480692,0.4456078,4.236657749268868e-08,7.869339587258037e-08
SUSD3,5.4778843,0.21425982,4.304409180345909e-08,7.992805026640529e-08
NELFE,5.47522,0.26090467,4.369680149302496e-08,8.111592448482117e-08
CCDC59,5.475147,0.1787122,4.371494410786128e-08,8.112547314218324e-08
RNF14,5.474484,0.5862377,4.387881753825219e-08,8.140538057557429e-08
POLR1E,5.4743733,0.4273893,4.3906264200467606e-08,8.143209357358642e-08
PTPN18,5.4713855,0.33441526,4.465310639621917e-08,8.279264320225902e-08
MYO1G,-5.4665995,-0.2276592,4.5875164785896536e-08,8.50332353515831e-08
CCDC186,5.464272,0.26141673,4.6481005089399526e-08,8.613062730491165e-08
HECA,5.4629903,0.1857643,4.6817996560851644e-08,8.672933111792078e-08
SNAP29,5.4609804,0.40662104,4.735123894417552e-08,8.769112232955472e-08
DCAF12,5.4607477,0.505629,4.741338287997786e-08,8.778016094747607e-08
NT5C3A,5.460617,0.2662661,4.744830672988663e-08,8.779541857065882e-08
GPATCH2L,5.4606113,0.46841905,4.7449759147385385e-08,8.779541857065882e-08
ADAM17,5.4584026,0.5804093,4.804368759539674e-08,8.8868006604289e-08
RPAP2,5.453205,0.34022346,4.9469934230418834e-08,9.147906949097598e-08
RNF111,5.4492545,0.3847814,5.058136820639891e-08,9.350661107113021e-08
NIP7,5.4448237,0.36877167,5.1856773336017556e-08,9.583598530947158e-08
RNF6,5.4419627,0.36642897,5.2696773639922316e-08,9.735955129862498e-08
BIRC2,5.438471,0.23259746,5.373974304554853e-08,9.925709865263935e-08
IMPA1,5.4335084,0.43879944,5.525666086797131e-08,1.0202864511154111e-07
EFTUD2,5.4325514,0.42211872,5.555395122027757e-08,1.025472373752595e-07
PRPF39,5.425657,0.41830048,5.774177035756831e-08,1.0655422495611586e-07
ARNT,5.424036,0.6458042,5.8268062893192725e-08,1.0749363893479627e-07
FAM13B,5.423769,0.2584123,5.835524525839727e-08,1.0761593336344144e-07
RRP1B,-5.4237275,-0.29333282,5.836884064016172e-08,1.0761593336344144e-07
CALHM2,5.4206643,0.5273707,5.937800384471252e-08,1.094442179547699e-07
WDR20,5.4188943,0.46286783,5.996874395584765e-08,1.10500422506184e-07
AMZ2,5.4151115,0.26611623,6.125057591954554e-08,1.1282905676324785e-07
TMEM131,5.413786,0.45835415,6.17059741014566e-08,1.1363440081652128e-07
CSNK1G1,5.4109397,0.5818841,6.269485608705229e-08,1.1542141499684169e-07
SNRPA1,5.410014,0.20627494,6.301982794203951e-08,1.159854751360273e-07
ANAPC5,5.4038663,0.16722944,6.521960902047814e-08,1.1999869690353894e-07
TSN,5.403698,0.31457657,6.528088818070861e-08,1.2007604572231137e-07
CSGALNACT2,5.4005833,0.36543256,6.642451712406136e-08,1.2214360971457483e-07
MAP2K4,5.3981137,0.39467224,6.734524594927345e-08,1.2380020028554216e-07
HOOK3,5.395383,0.2850467,6.837763071325627e-08,1.2566101097804251e-07
BTBD10,5.3949976,0.5392954,6.852444468762879e-08,1.2589374721680638e-07
LEO1,5.3926654,0.39386874,6.942022689966503e-08,1.2750195293726e-07
MTHFS,5.3870087,0.3218791,7.163990760041947e-08,1.3154005982177636e-07
ACBD5,5.38412,0.58005774,7.27999349761181e-08,1.3363070417233915e-07
PTPRE,5.3824925,0.41115272,7.346147613349242e-08,1.3480537269894922e-07
CREB3,5.380605,0.47141963,7.42358106474071e-08,1.3618627109067247e-07
FCGRT,-5.3778377,-0.83681595,7.538578865106304e-08,1.3825527680613707e-07
SMYD3,5.37643,0.46472433,7.597722204168235e-08,1.3929901373740878e-07
ELMO2,5.366732,0.5633628,8.017610039260059e-08,1.4695419751842004e-07
RBBP7,5.361213,0.23517069,8.266494111898276e-08,1.5142953929665417e-07
WDR82,5.36121,0.23797767,8.266630994771683e-08,1.5142953929665417e-07
KPNA6,5.355774,0.46748233,8.519091796613644e-08,1.5600836825899574e-07
ITCH,5.3552403,0.35962644,8.54428676618841e-08,1.5642385951241382e-07
EXOC5,5.351652,0.43091232,8.71548829631697e-08,1.5951132685429387e-07
METAP2,5.350014,0.20167775,8.794737198617191e-08,1.6091455542823186e-07
NDUFA3,5.349068,0.13971554,8.840833252546922e-08,1.6167735559435449e-07
MRTO4,5.349052,0.5104921,8.841608951186219e-08,1.6167735559435449e-07
TRDMT1,-5.344981,-0.70795524,9.042646154445673e-08,1.6530508098973477e-07
GABARAPL1,5.344596,0.26917157,9.061899313810679e-08,1.656085318228183e-07
BRMS1,5.3422375,0.28465846,9.18063563799297e-08,1.677114112149603e-07
SDHD,5.3422036,0.1831371,9.182340844760765e-08,1.677114112149603e-07
TAF4B,-5.3411274,-1.1046011,9.237028863274021e-08,1.686609044344446e-07
BLMH,5.3404374,0.4876554,9.272249778458258e-08,1.6925449215372324e-07
DIP2A,5.340305,0.32332477,9.279034852402684e-08,1.693288202159215e-07
MIF4GD,5.3360686,0.3659247,9.498335956932558e-08,1.732800780684481e-07
ALG3,5.329848,0.40884838,9.829510053172353e-08,1.7926935196332162e-07
DNAJC2,5.3293014,0.23454395,9.859129424137989e-08,1.797570164652211e-07
PLCL1,-5.329136,-0.6731412,9.86811697262793e-08,1.7986833535680755e-07
CPNE1,5.3275595,0.18028252,9.954120176847282e-08,1.8138296065315003e-07
MSMO1,5.326645,0.568241,1.0004337850290176e-07,1.8224481180286336e-07
USP37,5.3258123,0.45109102,1.0050297035645519e-07,1.830286075268856e-07
EML3,5.322807,0.3940221,1.0217835515924904e-07,1.8602541264552898e-07
ARID2,5.3220634,0.39622194,1.0259690334657725e-07,1.8673294656925887e-07
BRAP,5.314471,0.48079816,1.0696769004224531e-07,1.9463129841214375e-07
GRPEL1,5.3108563,0.20350526,1.0911134416930895e-07,1.9847388486174793e-07
CDC40,5.308836,0.21910664,1.1032754277601131e-07,2.0062767903994363e-07
DTX3L,5.307099,0.40643173,1.1138389408576005e-07,2.0248962510609625e-07
HACD2,5.3061824,0.52611685,1.1194502469450579e-07,2.034504656722221e-07
ZNF593,5.3039556,0.3662845,1.1331982237479198e-07,2.058890863001679e-07
ASH1L,5.3033214,0.18810527,1.1371460827987957e-07,2.065462369833319e-07
TVP23B,5.299568,0.35553044,1.160768453944206e-07,2.107755577848644e-07
SCYL2,5.2982645,0.45364803,1.1690857550440908e-07,2.1222408950640403e-07
TP53RK,5.297932,0.58706903,1.171213240560153e-07,2.1254846857621154e-07
FADD,5.2971354,0.493827,1.1763336336756443e-07,2.1341564557470044e-07
CBX1,5.289005,0.36563262,1.2298375016888982e-07,2.230577113641504e-07
AFF1,5.285846,0.317905,1.2512498444610864e-07,2.268753712748879e-07
MIA2,5.281963,0.30101594,1.278071256649813e-07,2.316590560343389e-07
DPAGT1,5.2819195,0.63373035,1.278374922259675e-07,2.316590560343389e-07
CCDC9,5.279403,0.6066458,1.296052343412183e-07,2.3479427214036094e-07
TMEM230,5.2703686,0.1658819,1.3615019614522995e-07,2.46579621051184e-07
NDUFS4,5.269594,0.27607477,1.3672569540315656e-07,2.4755006237629823e-07
DCTPP1,5.26803,0.42138436,1.3789546584334573e-07,2.495955923225988e-07
ODC1,5.2630157,0.12738468,1.4171148957741616e-07,2.5642835791610737e-07
RNASEH1,5.2628393,0.38318223,1.4184751860531347e-07,2.566001053958729e-07
GPX4,5.2608743,0.10735617,1.4337203769339334e-07,2.592827839016134e-07
GRK6,-5.2586837,-0.22539023,1.4509020607374347e-07,2.6231401393575697e-07
FNDC3A,5.2580533,0.2981018,1.4558821586863775e-07,2.631381567437498e-07
FAM91A1,5.2577815,0.5888053,1.4580351373459105e-07,2.634509928250095e-07
RNF214,-5.2561984,-0.46217144,1.4706373377400315e-07,2.656511613555872e-07
ESCO1,5.248467,0.31437823,1.5337006222648307e-07,2.7696254582045166e-07
NABP1,5.241921,0.18624261,1.5891365147594587e-07,2.868619250412013e-07
CEP170,5.2418857,0.5560143,1.5894384502362988e-07,2.868619250412013e-07
MT-ATP8,5.240664,0.06861313,1.5999992044078422e-07,2.8868444737523395e-07
TRIM59,5.2398534,0.5850175,1.607042642569125e-07,2.898714778113846e-07
ST13,5.2393217,0.09949314,1.6116772975471986e-07,2.906234618316113e-07
IVD,5.2371335,0.562474,1.6308953534778135e-07,2.9400398327715295e-07
ANXA11,5.235909,0.10829293,1.6417485310446722e-07,2.958750384709731e-07
DHX16,5.235162,0.4916916,1.6484059530679944e-07,2.969890748584686e-07
TBC1D17,5.2312403,0.4526323,1.6837669069555846e-07,3.032724174981184e-07
NKG7,5.2295446,0.54436487,1.6992816651746223e-07,3.0597855950244714e-07
EIF1AY,5.228394,0.36828554,1.7098900367758454e-07,3.0779993422319156e-07
NDUFB11,5.225115,0.08749516,1.7404714977752927e-07,3.132146083510843e-07
DTX3,5.2246747,0.63471264,1.7446156912206432e-07,3.138698912916701e-07
SEC23IP,5.2238817,0.49717012,1.7521050351772916e-07,3.151264416294374e-07
SEC23B,5.2183905,0.32797402,1.8048485890475605e-07,3.245191600186063e-07
PIGB,5.2149677,0.568248,1.838494074036773e-07,3.304735459695709e-07
TCEAL4,-5.21352,-0.7809791,1.8529030598112976e-07,3.329676935295798e-07
PSMD10,5.212852,0.45659083,1.859593079094935e-07,3.340737019755754e-07
PARVG,5.2106757,0.27329183,1.881539475501811e-07,3.3791907529803747e-07
TRIM11,5.2099395,0.47711328,1.889022354756983e-07,3.391653773313674e-07
FAM136A,5.2093587,0.34881648,1.8949425500311368e-07,3.4013047036940825e-07
UNG,5.2043953,0.56152743,1.9462917184075355e-07,3.492468836854925e-07
SYNJ2,5.2034225,0.52652436,1.9565153158677133e-07,3.509805141227479e-07
CBL,5.2013893,0.4271087,1.9780450913619994e-07,3.547407877928229e-07
TPGS2,5.2012625,0.30707562,1.979395221665153e-07,3.548809416378115e-07
SNRK,-5.2004247,-0.24318019,1.9883352060944724e-07,3.563813906156118e-07
NGDN,5.198043,0.18070957,2.0139759295352266e-07,3.60873493431793e-07
IQCB1,5.1950107,0.41399932,2.0470820992156973e-07,3.66700326670642e-07
PRKCB,5.194482,0.24619249,2.0529095580781024e-07,3.676386958957084e-07
CLINT1,5.1917334,0.21275967,2.0834542788572286e-07,3.7300166822570176e-07
WDFY2,5.190217,0.49806032,2.100489574758116e-07,3.759436603402754e-07
GTPBP4,5.18426,0.30733764,2.16874199787498e-07,3.8804813098445386e-07
CRTC2,5.1766615,0.38785657,2.2589134410558636e-07,4.04066459891936e-07
PPM1A,5.1762614,0.43703127,2.2637614606987677e-07,4.048176296911464e-07
JMJD8,5.173336,0.5325107,2.299509690982025e-07,4.110925230999375e-07
USP38,5.1731668,0.4094063,2.3015939760208605e-07,4.113473082573365e-07
PCBP1,-5.1664414,-0.11586516,2.3859282197538235e-07,4.262976816342288e-07
CEP68,-5.1626406,-0.67955375,2.4349017167515107e-07,4.3492334328123e-07
LPCAT4,5.1604624,0.3554265,2.463409000243643e-07,4.3988942977169037e-07
COPG1,5.1603928,0.3345629,2.4643232227258613e-07,4.399268087251745e-07
MRPS15,5.1576686,0.22978793,2.500434303336996e-07,4.4624565304907616e-07
ATE1,5.1547256,0.43001047,2.540025306629402e-07,4.531817592531189e-07
NAA30,5.1504183,0.55673367,2.5990629682388503e-07,4.635825088533485e-07
IMMP2L,-5.150151,-0.9422777,2.6027736312694384e-07,4.6411172093578753e-07
FN3KRP,5.145792,0.4763057,2.663944580264685e-07,4.748836939569237e-07
TPRA1,5.1412153,0.5199322,2.7296711869525424e-07,4.864348532752406e-07
NUP54,5.141172,0.34155372,2.730301700085191e-07,4.864348532752406e-07
RIOK1,5.1362896,0.35442105,2.802157227933458e-07,4.990942711053857e-07
NF1,5.1310015,0.56684864,2.882043404669946e-07,5.131764019556386e-07
POP5,5.1281295,0.23397698,2.9263521471695024e-07,5.209173916282049e-07
FAM126A,5.1271877,0.58912134,2.941022882035674e-07,5.233796352091429e-07
POC5,5.1250362,0.62338966,2.9748027438639105e-07,5.292401346765868e-07
MYNN,5.124446,0.41044706,2.9841386627089525e-07,5.307497689930628e-07
NUP37,5.122954,0.5840324,3.007857162395259e-07,5.348158561398522e-07
SAMM50,5.121754,0.30482593,3.027061537070301e-07,5.380772159742452e-07
HARS,5.1158514,0.2766829,3.1232860102593684e-07,5.550235760258747e-07
UBA3,5.115207,0.24805254,3.133965186445229e-07,5.567627876061677e-07
ATG2A,5.114503,0.58575606,3.145682523596153e-07,5.586853907160953e-07
HMGCR,5.113585,0.57997864,3.1610178733690413e-07,5.612492901193793e-07
CTR9,5.1103983,0.20782065,3.214805415535128e-07,5.706371046175977e-07
COPS7A,5.110175,0.48358953,3.2186009931069744e-07,5.711483877731199e-07
MED13,5.1095347,0.48172164,3.229528393483724e-07,5.729245794125049e-07
VTI1A,5.108273,0.32144928,3.251168261173587e-07,5.765996339296492e-07
FAM160B2,5.1053605,0.60380507,3.3016485111572e-07,5.853229079657427e-07
RABIF,5.105327,0.3123931,3.302230346014069e-07,5.853229079657427e-07
GTF2H1,5.1018972,0.31751248,3.3626550194904845e-07,5.95863997065307e-07
EGR1,-5.100986,-0.6662524,3.378889155015573e-07,5.985707413128638e-07
TYW3,5.0970054,0.36288872,3.450682962078948e-07,6.111155609062064e-07
C1orf131,5.0968094,0.34003413,3.454259139010723e-07,6.115753556472602e-07
PFDN4,5.096039,0.27851152,3.468342024352547e-07,6.13894571014868e-07
C7orf50,5.093487,0.27971286,3.5153722162724273e-07,6.220424724059035e-07
COPS3,5.0908933,0.23397936,3.563805426086393e-07,6.30433947398106e-07
VPS39,5.090658,0.40872288,3.568223163977918e-07,6.310365759814732e-07
GBP1,5.089591,0.31628215,3.5883645535789154e-07,6.344187869372808e-07
RNF216,-5.088184,-0.2559799,3.61509184709272e-07,6.389631327585859e-07
PFDN1,5.0824046,0.25374684,3.726869037669295e-07,6.585331161974538e-07
RING1,5.0772715,0.30620733,3.8289394432134235e-07,6.763773298923004e-07
GNPTG,5.0738153,0.2358312,3.8991731889924697e-07,6.885891305178835e-07
MINK1,-5.073372,-0.45357987,3.908277999544822e-07,6.900017820412796e-07
CWC15,5.07316,0.19468108,3.9126279691346103e-07,6.905744105025199e-07
TSEN54,5.0715666,0.29615152,3.945543931331557e-07,6.961871550873692e-07
PPP1R15B,5.070313,0.24426793,3.9716240972215546e-07,7.005908985517163e-07
RAB3GAP2,5.0684204,0.3775043,4.0113032237741236e-07,7.073903198523398e-07
BTF3L4,5.0678434,0.21347018,4.023479597051418e-07,7.093371798078503e-07
UNC50,5.0669494,0.4051171,4.042419507282269e-07,7.124750111535905e-07
CCM2,5.0646276,0.193543,4.091992197189814e-07,7.21008563033925e-07
PRKCQ,5.063787,0.25339004,4.110087237786929e-07,7.239925049683383e-07
CIR1,5.0605197,0.1854497,4.1811486997102974e-07,7.363021736707665e-07
GOPC,5.059344,0.24929054,4.2070121174247933e-07,7.406477468222323e-07
NUP50,5.0578227,0.23779562,4.240699452673494e-07,7.463678873134595e-07
ST3GAL5,5.055909,0.60762775,4.2834557852147493e-07,7.536805062172328e-07
MPHOSPH9,5.0544825,0.54100466,4.315599451056842e-07,7.59122214601064e-07
EPHX2,-5.053803,-0.38824517,4.3309894937586127e-07,7.616146923231191e-07
TGFB1,-5.0518928,-0.109226,4.3745357719897153e-07,7.690557113517694e-07
DEDD,5.050319,0.39000112,4.4107192032028936e-07,7.751984947110465e-07
NCSTN,5.0480475,0.46030813,4.4634764809581495e-07,7.84249907591774e-07
MLLT3,-5.047212,-0.2614725,4.4830371747866244e-07,7.874651001363164e-07
GPN2,5.046947,0.6442984,4.4892581623729485e-07,7.883359648668985e-07
SLC4A1AP,5.0448174,0.34877256,4.539542747296078e-07,7.969419489697559e-07
TMED7,-5.04183,-1.0270636,4.611006302574127e-07,8.092601331373769e-07
GSKIP,5.0358386,0.4543795,4.757607817045525e-07,8.347548604492866e-07
FRS2,5.03495,0.6355508,4.779742888604975e-07,8.384029052215754e-07
ZPR1,5.034722,0.2550515,4.785436578419219e-07,8.391657680785148e-07
QRICH1,5.033163,0.2520461,4.824528803064104e-07,8.457832657281761e-07
ETV3,-5.0328145,-0.51337856,4.833305151341706e-07,8.470838935558435e-07
VPS72,5.0276985,0.3245621,4.96401243238365e-07,8.697473776110712e-07
HSF1,5.023896,0.22465137,5.063356430974915e-07,8.869045042299873e-07
MICAL1,5.0233946,0.30720899,5.076604591925717e-07,8.889755684121325e-07
PRKD2,5.022287,0.31397533,5.105977416417912e-07,8.938683045123196e-07
MARCH6,5.0211787,0.25375456,5.135528736946682e-07,8.987895358184028e-07
RAB5B,5.020819,0.33986259,5.145161493541527e-07,9.002229571402486e-07
CEP120,5.0200934,0.3243266,5.164636728152284e-07,9.033771810649777e-07
EAPP,5.013123,0.1702817,5.355360704202158e-07,9.36475375593322e-07
LCMT1,5.0127187,0.27449292,5.366636378034309e-07,9.381842474877346e-07
GOLGA5,5.011379,0.48089093,5.404139837900561e-07,9.443258792221916e-07
GTPBP1,5.0113554,0.49673697,5.404794168533358e-07,9.443258792221916e-07
POLR2A,5.00659,0.13258542,5.54027972145964e-07,9.677270008852398e-07
OGFR,5.005796,0.24970192,5.563164519555191e-07,9.714524277152753e-07
KIF22,5.0056095,0.32046774,5.568551017274425e-07,9.721210321345366e-07
DDX60,5.003184,0.5198449,5.639111117738274e-07,9.841636601175772e-07
DCAF6,4.9991584,0.41164574,5.75810467318624e-07,1.0046500213965704e-06
GAPVD1,4.991073,0.33807066,6.004482210308603e-07,1.0473441440619337e-06
WDR11,4.9873557,0.5691491,6.121128363549377e-07,1.0673920680891775e-06
MRPS5,4.9871097,0.24303928,6.128931277759059e-07,1.068454192862969e-06
UHMK1,4.986864,0.19502039,6.13671435547735e-07,1.069512267314553e-06
NCOA5,4.986377,0.55069655,6.152205867170519e-07,1.071912808961787e-06
TMEM245,4.9842196,0.35404888,6.221240807267083e-07,1.0834509758268179e-06
PITPNC1,-4.984199,-0.18550758,6.221900812951955e-07,1.0834509758268179e-06
ATG14,4.983337,0.42158246,6.249701130241714e-07,1.0879884171224139e-06
CD46,4.982294,0.15739618,6.283489647887497e-07,1.0935655017419372e-06
MANF,4.979759,0.257222,6.366349974313874e-07,1.1076774516223274e-06
ZNF330,4.9792557,0.31276798,6.382933201267742e-07,1.11025323603991e-06
EPC2,-4.9781995,-0.6386172,6.417851282802415e-07,1.1160158778481435e-06
MT-CO1,-4.9755664,-0.058117725,6.505708308708747e-07,1.130978427706164e-06
PHF20,-4.9751396,-0.17358546,6.52006731831823e-07,1.1331590123537756e-06
ARID1A,4.9695783,0.28631872,6.709865799234958e-07,1.1658059638353327e-06
EFR3A,4.969473,0.24529313,6.713518080474581e-07,1.1658059638353327e-06
FLOT2,-4.969514,-0.2340925,6.712089015830853e-07,1.1658059638353327e-06
CFAP97,-4.968916,-0.23463146,6.732823086606491e-07,1.168833070473188e-06
LACTB,4.967847,0.49686432,6.770040992709615e-07,1.1749673480395078e-06
CSTF2,4.9667525,0.58292764,6.808342508525095e-07,1.1812862272923303e-06
POLB,4.9661784,0.45905074,6.828509066394168e-07,1.184455950065759e-06
RICTOR,4.963778,0.26524913,6.913492971910454e-07,1.1988638410028658e-06
PAFAH1B2,4.9629645,0.46841165,6.942525215859289e-07,1.203563885338273e-06
RNF138,-4.9573665,-0.23099157,7.145504014360605e-07,1.2384085130137333e-06
CYSLTR1,4.952565,0.559388,7.324150692489014e-07,1.2690178920550787e-06
EIF2B2,4.944649,0.4672683,7.628106285586296e-07,1.3213158847722473e-06
UVRAG,4.9415956,0.25707093,7.748577496581012e-07,1.341811103112156e-06
LRCH1,4.9410043,0.5631885,7.772122528138581e-07,1.3455150262999413e-06
MCRS1,4.939348,0.34173247,7.838409392806098e-07,1.3563085420254187e-06
TM9SF1,4.939338,0.47596624,7.838815752420582e-07,1.3563085420254187e-06
ANP32B,-4.9370303,-0.081739984,7.932113870548547e-07,1.3720710273307505e-06
APTX,4.935752,0.35282138,7.984249197176003e-07,1.3807065458458142e-06
COMMD10,4.935687,0.33694652,7.986910639689548e-07,1.3807841911995143e-06
EIF1AD,4.9348836,0.49280208,8.019852747078692e-07,1.3860952920110252e-06
SNAI3,-4.934121,-0.77860886,8.051252433570722e-07,1.3911369445712868e-06
TNKS,4.933431,0.41689262,8.079748818528806e-07,1.3956742977148707e-06
FKBP2,4.933203,0.22070116,8.089188899792793e-07,1.396918315539757e-06
ATP6V1C1,4.9326625,0.46263278,8.111631563069911e-07,1.4004064338898842e-06
TYW1,4.9323044,0.3984729,8.126505098889931e-07,1.4025862367857317e-06
PIH1D1,4.929219,0.22284901,8.255917192027175e-07,1.4245280396859718e-06
C19orf12,4.928356,0.45116898,8.292434658267291e-07,1.4302626871974495e-06
PIGS,4.9283257,0.43091658,8.293736043851257e-07,1.4302626871974495e-06
STT3B,4.9275537,0.17278413,8.326562590628937e-07,1.43552699248937e-06
RNFT1,4.92705,0.39713565,8.348032482917671e-07,1.4388310059621426e-06
MGRN1,4.924965,0.45850983,8.437552151488463e-07,1.4538587238387492e-06
TANGO2,4.92371,0.57731676,8.491862398009576e-07,1.4628129513104544e-06
SIVA1,4.920905,0.15533052,8.614494868562355e-07,1.4835282139817233e-06
SLC41A3,4.917073,0.44618583,8.784791134340666e-07,1.512438109501244e-06
ACOT8,4.9168315,0.43374935,8.795622948891853e-07,1.5138853509110329e-06
CCDC107,4.9161615,0.18647869,8.825754380596264e-07,1.5186526906341684e-06
CHKB,4.9155955,0.41697997,8.851288434361592e-07,1.522626546826094e-06
NBAS,4.912272,0.37432423,9.002709324598902e-07,1.5482476961923875e-06
DTD1,4.911953,0.34133813,9.017376104335859e-07,1.5503428172771375e-06
PIK3CG,4.90886,0.51829827,9.160731814232737e-07,1.574555969502245e-06
POGLUT1,4.9087768,0.50578755,9.164624084854624e-07,1.5747912696469635e-06
NDUFS1,4.9079757,0.37857842,9.202120782003433e-07,1.5807992237953049e-06
TMEM154,4.9071064,0.3364865,9.242989251300793e-07,1.5873829366364404e-06
POLK,4.9031467,0.37038696,9.431336786206336e-07,1.6192839857692916e-06
CWC22,4.897178,0.26812118,9.722279655506683e-07,1.668777429318405e-06
DDX42,4.894201,0.2861515,9.870594896621925e-07,1.693769116024675e-06
SCAF11,4.8935685,0.12215675,9.902380657517345e-07,1.6987563959198943e-06
NSMCE2,4.8919544,0.4347332,9.983946892265948e-07,1.712278443380923e-06
VTA1,4.8886847,0.28288352,1.015118454378613e-06,1.7404819433453088e-06
SPG21,4.8866305,0.24974316,1.02576302270406e-06,1.7582496634704857e-06
CCR6,-4.878943,-0.15961458,1.0665601776156652e-06,1.8276776684512263e-06
RTN3,4.878541,0.24602762,1.0687335247084949e-06,1.8308992390078825e-06
SSR1,4.8743825,0.16402386,1.0914942397471307e-06,1.869378581301274e-06
ZSWIM7,-4.874265,-0.46975714,1.0921413654610332e-06,1.8699737343874645e-06
TRPM7,4.8740463,0.28863296,1.0933539136993947e-06,1.8715364167300939e-06
SNX13,4.8710155,0.48704535,1.1102607181109609e-06,1.899955344592955e-06
CUL2,4.866929,0.34412178,1.1334556382657734e-06,1.939116403074751e-06
UPF2,4.8593187,0.2327534,1.1779041715115227e-06,2.014606723596441e-06
UTP23,4.8571525,0.22800356,1.1908600686246782e-06,2.03620758583195e-06
GCC2,4.8530684,0.10538854,1.2156568127623922e-06,2.078037296206543e-06
HNRNPDL,-4.852976,-0.07392444,1.2162242049421353e-06,2.0784379143055497e-06
ECHDC1,4.8524265,0.24476303,1.219600225507326e-06,2.083636738951881e-06
HIST1H2AC,4.852258,0.3734614,1.220636624311799e-06,2.08483666456758e-06
KPNA5,-4.851864,-0.5684768,1.223064766609829e-06,2.0884123689225563e-06
DERA,4.8495026,0.6147604,1.2377157244407956e-06,2.112851158707605e-06
HNRNPA0,-4.8440237,-0.08929752,1.2723559189210059e-06,2.1713900164030618e-06
C5orf22,4.838008,0.54982746,1.3114706929343744e-06,2.2375310537461535e-06
MRPS10,4.833366,0.30414993,1.342436990975628e-06,2.2897374311776154e-06
FAM204A,4.8322864,0.17839275,1.349739879638813e-06,2.301564641755692e-06
SAR1A,4.8286376,0.24095008,1.3747035305941149e-06,2.343492142703598e-06
ZNF493,-4.825997,-0.4818237,1.3930459962139436e-06,2.374112523858881e-06
RNF8,4.820482,0.56874615,1.4321188059971991e-06,2.4400364368628225e-06
DTNBP1,4.816149,0.36087307,1.4635520134537405e-06,2.4929116037021816e-06
IDH3A,4.8153906,0.45155573,1.469121425256087e-06,2.501715365627078e-06
KIN,4.813456,0.38237303,1.4834212433436823e-06,2.5253769720970872e-06
GNG10,4.809797,0.27971354,1.510837704214097e-06,2.571349362421647e-06
SPG7,4.8082743,0.2469955,1.5223891504468891e-06,2.5903028047816344e-06
LSM6,4.8078313,0.17894182,1.5257654603636178e-06,2.5953399395283017e-06
CDK10,4.80696,0.34563223,1.532424784953148e-06,2.6059572432949853e-06
CEBPG,4.802308,0.35137728,1.5684722125711472e-06,2.6665309394324513e-06
SCML1,-4.7999334,-0.7541485,1.5871849417623942e-06,2.697609265125028e-06
PPP6C,4.7943435,0.16960244,1.6320828431561399e-06,2.773163360777966e-06
FYTTD1,4.7938757,0.2162548,1.6358975073290334e-06,2.778888498432362e-06
PIGC,-4.7906075,-0.31124595,1.6627727061971874e-06,2.823772642007251e-06
ACSL5,4.7900033,0.33807957,1.6677860905299547e-06,2.8315160476053992e-06
PGM1,4.7890215,0.45508903,1.6759668308327887e-06,2.8446312187183663e-06
FMR1,4.788381,0.49299613,1.6813222158266047e-06,2.852945064973855e-06
DNMT3A,4.78688,0.47496197,1.6939422115740329e-06,2.8735779675002828e-06
HELB,-4.78458,-0.23443404,1.7134515571945267e-06,2.905883469687783e-06
SNX4,4.784165,0.46552363,1.7169947661519218e-06,2.911101422318431e-06
RALGAPB,4.7831964,0.44092467,1.7252919496400521e-06,2.924374540386628e-06
LINS1,-4.7821045,-0.2826486,1.7346945201559124e-06,2.9395135759687886e-06
ODF2,4.778526,0.3945041,1.7658513239200966e-06,2.991497859007959e-06
ARL5A,4.777442,0.20970881,1.7753940682157548e-06,3.0068478642427475e-06
PLCB2,4.7730923,0.40793404,1.814186336883647e-06,3.071713762477168e-06
CHP1,4.770052,0.59505826,1.8417852951264082e-06,3.1175975120379482e-06
ZSWIM6,4.769749,0.54354924,1.8445545841158143e-06,3.1214384922632313e-06
TRMO,4.766673,0.32429788,1.8729294422054379e-06,3.168596543454632e-06
ATP13A1,4.755752,0.4126824,1.9770895626048096e-06,3.343906764286346e-06
TTF2,4.7516556,0.5221658,2.017576474818872e-06,3.4114588944309344e-06
AGPS,4.750342,0.48965517,2.030728951800502e-06,3.43276798163243e-06
MAD2L1BP,4.749643,0.49158847,2.037761283019483e-06,3.443722763965501e-06
PDRG1,4.74932,0.53655386,2.0410192401332005e-06,3.448294823408583e-06
LRIG1,-4.7487288,-0.6188328,2.046992514139519e-06,3.457450684910619e-06
AGGF1,4.747206,0.25577095,2.06245477636148e-06,3.4826245290238082e-06
BAZ1A,4.7444086,0.12217909,2.091162630845016e-06,3.530144976765957e-06
GRPEL2,4.7441564,0.49116364,2.0937727301804114e-06,3.5335953512860863e-06
UPF3A,4.743246,0.23711461,2.1032050837679924e-06,3.5485544546623518e-06
PPP2R2D,4.743068,0.34370112,2.1050517800459354e-06,3.55071031331532e-06
ZNF148,4.73845,0.21115722,2.1535888797536853e-06,3.6315990809356255e-06
GIMAP8,-4.7365956,-0.68544835,2.1733811566331364e-06,3.6639848186243664e-06
RNF169,4.7325583,0.42392847,2.2170777648075525e-06,3.736641190970547e-06
NCK1,4.728296,0.24654269,2.2641238268996158e-06,3.814901944838148e-06
DGAT1,4.7269173,0.58829087,2.2795415712080957e-06,3.839843170286026e-06
ARAF,4.726041,0.31436643,2.2893973580555107e-06,3.8554044553762666e-06
TERF2,4.7246737,0.5899597,2.3048508278528235e-06,3.880381445003904e-06
ZCCHC17,4.723306,0.29441878,2.3204111599549176e-06,3.905524824508803e-06
WIPI2,4.719948,0.24790075,2.3590499795836357e-06,3.969487981283761e-06
GTF2H5,4.719438,0.29701653,2.36497009221543e-06,3.9783769125381395e-06
ZGPAT,4.717158,0.28420588,2.3916227352015173e-06,4.02212812998994e-06
FLYWCH2,4.716105,0.38612384,2.4040247824878614e-06,4.041896192755049e-06
DDX27,4.7159095,0.20099345,2.406335028229888e-06,4.0446907921310886e-06
MRPL21,4.715547,0.21480954,2.410620737804447e-06,4.050803453052653e-06
NDUFAF6,4.7138042,0.52662206,2.431343633854767e-06,4.084526411544441e-06
TAF11,4.710782,0.2833032,2.4676803813412446e-06,4.144454590944755e-06
XRCC1,4.7095056,0.41459548,2.4831863275656036e-06,4.168870995272526e-06
C22orf39,4.709475,0.27028,2.4835542958537496e-06,4.168870995272526e-06
ACTL6A,4.708054,0.398691,2.500929155457659e-06,4.196907464160057e-06
CEACAM21,4.7071376,0.50041616,2.512195546202609e-06,4.214680753723248e-06
ANTXR2,-4.704411,-0.45048973,2.5459960499164886e-06,4.270239545156895e-06
DNTTIP1,4.704278,0.4133369,2.547660692611445e-06,4.2718834988146235e-06
CBX4,4.7035146,0.3380031,2.5572080775989144e-06,4.286740696291922e-06
SHARPIN,4.703222,0.27130023,2.560881763463761e-06,4.291746263635159e-06
BSDC1,4.7016735,0.27581906,2.58037925636141e-06,4.323260923208472e-06
GIMAP6,4.7009315,0.31911978,2.589773391069659e-06,4.33783567731233e-06
TXNDC9,4.6970797,0.29816628,2.6390774091679137e-06,4.419233193082091e-06
ABCF1,4.695687,0.19073667,2.6571266017812665e-06,4.44826371290689e-06
RNF34,4.6933126,0.30918473,2.688162795065655e-06,4.499014213999666e-06
MECP2,4.6930957,0.19267641,2.691016119404572e-06,4.502582198714191e-06
SAMD8,4.6928134,0.5433452,2.6947325619181393e-06,4.507592044741653e-06
SPN,4.6870303,0.16818531,2.7719764182305146e-06,4.635558635095563e-06
TBC1D15,4.6837635,0.28988567,2.816550792823712e-06,4.708838333247465e-06
NAGK,4.682265,0.32483935,2.8372242021178312e-06,4.742130756673108e-06
SPEN,4.680856,0.2475252,2.8567913065141964e-06,4.773556772143266e-06
MRPS14,4.68068,0.3274967,2.8592550191717684e-06,4.77639469342907e-06
NKAP,4.675833,0.25983667,2.927627983397046e-06,4.889303249767451e-06
RPL26L1,4.6732836,0.37694028,2.96422323315149e-06,4.949095023568338e-06
DDT,-4.670733,-0.18087746,3.001270666280266e-06,5.009609582309478e-06
APOL3,-4.667986,-0.40051857,3.0416666799892747e-06,5.075679612249483e-06
PPP1R8,4.6678505,0.5437471,3.0436704789350787e-06,5.0776657201373505e-06
POLR3GL,4.6656218,0.15662357,3.0768544648940565e-06,5.1316538523259775e-06
MPI,-4.660235,-0.66091573,3.158489108863829e-06,5.266398751915351e-06
LENG8,-4.6553426,-0.24736403,3.234425023347682e-06,5.391572267818612e-06
ARHGAP25,4.655256,0.22616954,3.235788914577683e-06,5.392405504907696e-06
PRKDC,4.6531878,0.1680522,3.2684270869418326e-06,5.445342618687661e-06
TBC1D22A,4.6513696,0.36790195,3.2973784226823764e-06,5.492110684804033e-06
GTF2F2,4.6506634,0.3658438,3.3086927115467277e-06,5.509485382274047e-06
SUPT3H,4.6486354,0.41312525,3.3413833545376587e-06,5.562436253846233e-06
PDHA1,4.644866,0.3077469,3.4029710899636905e-06,5.663451352656904e-06
LUC7L3,-4.6436214,-0.13690554,3.4235491090212263e-06,5.696179682591702e-06
ERCC3,4.6424985,0.36165708,3.442210757948487e-06,5.7257029158732695e-06
TIMM13,4.6402483,0.24679148,3.479906557454882e-06,5.786862996289879e-06
GMFG,4.6364408,0.07096348,3.544600926373529e-06,5.892875434602343e-06
RCL1,4.636215,0.55817884,3.548464238394119e-06,5.897727113666497e-06
MSL3,-4.6318283,-0.23404643,3.624509656978309e-06,6.022514581789571e-06
TOB2,4.630015,0.27958575,3.6563906109394797e-06,6.07387112133971e-06
PTK2B,4.629049,0.2602305,3.6734914333966285e-06,6.1006546130463965e-06
CPSF2,4.6278486,0.41953626,3.6948364964985937e-06,6.134470490728311e-06
SLF2,4.626994,0.48653427,3.710109485105715e-06,6.158189706527864e-06
GRAP2,-4.6234984,-0.23906645,3.773213002665973e-06,6.26126624558318e-06
UNC45A,4.622692,0.35114074,3.7879168196632182e-06,6.28399491534241e-06
MGAT2,4.6215944,0.359776,3.8080221337731276e-06,6.3156699805681875e-06
PHB,4.621468,0.18246812,3.8103421504706072e-06,6.317838831319623e-06
DDX59,4.6208506,0.44187918,3.821697160053229e-06,6.334983260529137e-06
C1orf50,4.6193705,0.48295355,3.8490580786421694e-06,6.377642821236461e-06
KDM2B,4.619348,0.36211905,3.8494761268382875e-06,6.377642821236461e-06
PARP12,4.6174245,0.4224742,3.88532426503125e-06,6.435326098211261e-06
PYROXD1,4.607403,0.33910182,4.0772974756712255e-06,6.751502665339379e-06
MICU1,4.605405,0.4505766,4.116642589869417e-06,6.814845199834226e-06
UNK,4.6028376,0.5308141,4.167737287902258e-06,6.897599685440995e-06
CRNKL1,4.6014967,0.3010333,4.194657698654068e-06,6.9403124860286425e-06
MRPL32,4.600115,0.26273635,4.222585689389411e-06,6.9846693049242805e-06
MAP2K7,4.59939,0.3767189,4.237297897497248e-06,7.007147900975179e-06
REXO2,4.5887327,0.1985995,4.459450153489057e-06,7.3725638166689286e-06
KAT8,-4.584808,-0.32238027,4.544041495844523e-06,7.510424516834128e-06
OSBP,4.583329,0.34930545,4.576302049188857e-06,7.561742411699141e-06
PPIH,-4.57653,-0.26578987,4.727521858506452e-06,7.809545769967911e-06
PCYT1A,4.576331,0.40956378,4.732012004179921e-06,7.814894659456705e-06
PHKG2,4.576146,0.3737554,4.736201218008321e-06,7.819743862854479e-06
ZBTB11,4.570432,0.28083077,4.867195313167621e-06,8.033897368283291e-06
GIPC1,4.5661044,0.40291893,4.968708735781966e-06,8.199289058703133e-06
PEX19,4.565872,0.49536377,4.974220162128256e-06,8.206214124198374e-06
EIF2B1,4.56361,0.27956417,5.0281371036214204e-06,8.292971369899917e-06
NSUN2,4.5614257,0.31969193,5.080741403383323e-06,8.377518387982911e-06
TM2D2,4.560084,0.47268772,5.1133187718423965e-06,8.429007515865926e-06
ACBD6,-4.559118,-0.35461318,5.13689023555388e-06,8.46562766308206e-06
SLC38A10,4.5571094,0.32712698,5.186237636430797e-06,8.544696169209241e-06
PAGR1,-4.556445,-0.38358012,5.202656697503982e-06,8.569485470868924e-06
DDX41,4.5551796,0.42989108,5.234083278954218e-06,8.618974602626195e-06
COPS5,4.554314,0.19472916,5.255671196431151e-06,8.652240553132897e-06
BABAM1,-4.5493608,-0.34619966,5.380910238625179e-06,8.85608143440394e-06
RASGEF1B,4.546784,0.31405732,5.447186591792648e-06,8.962797658681233e-06
SEC24D,4.5458407,0.5164179,5.471642858004654e-06,9.000665017608605e-06
SEC22B,4.5445466,0.28628606,5.505357422334778e-06,9.052829967578379e-06
HIST1H1D,-4.5445123,-0.14467134,5.506255817485583e-06,9.052829967578379e-06
NME1,4.544018,0.42712116,5.519201217032774e-06,9.07172367540204e-06
MARCH9,-4.543262,-0.73678386,5.539030510578836e-06,9.101919277652057e-06
RRM1,4.540975,0.3033052,5.599462112169286e-06,9.198800484877206e-06
TDRD3,4.5396175,0.58143663,5.635640014048749e-06,9.255797191494273e-06
TFDP2,4.53763,0.4145855,5.68899058705528e-06,9.340960340387266e-06
CHMP7,-4.536431,-0.27098018,5.721426794330949e-06,9.391747665286549e-06
PHF11,4.5297236,0.1775407,5.9060942118498726e-06,9.692330785210375e-06
ELP6,4.5296617,0.40052322,5.907817099595759e-06,9.692609494894094e-06
MED28,4.5272036,0.2035504,5.9769354578858555e-06,9.80343079964931e-06
MRPL3,4.526554,0.22507781,5.99532515041028e-06,9.83101005352353e-06
STX18,4.5256405,0.45721292,6.021280216268366e-06,9.870977102634848e-06
CALCOCO2,4.5220995,0.17502242,6.122929675322883e-06,1.0034980069246353e-05
CCDC92,4.516439,0.500361,6.288826116466673e-06,1.0304164818290499e-05
RNF166,4.514519,0.2095018,6.3460530831986795e-06,1.0395201389040147e-05
CCDC88C,4.5141783,0.16439986,6.356269752802958e-06,1.0409204809037852e-05
CTDNEP1,4.5117164,0.41759425,6.430519512335873e-06,1.0528035749341077e-05
IFI44L,4.507929,0.769425,6.54634898596067e-06,1.0714860745182413e-05
FBXO3,-4.5076,-0.3536203,6.556501779841873e-06,1.0728664815939467e-05
ATP6V1H,4.5062685,0.2834231,6.597756005127616e-06,1.0793340819921743e-05
CEP295,4.505459,0.58180714,6.6229615974581104e-06,1.083173567341092e-05
N4BP2L1,4.5041523,0.2740241,6.663846492735611e-06,1.0895746911491472e-05
TNFSF13B,4.50283,0.5295926,6.705454046537026e-06,1.0960905894300046e-05
RWDD3,-4.5016866,-0.4304886,6.741628067199135e-06,1.1017151287611888e-05
SLC35E1,4.500602,0.49480656,6.776136564089507e-06,1.1070646150911679e-05
RIOK2,4.4962173,0.38162622,6.917309887705325e-06,1.1298333161258553e-05
WIPF2,4.495545,0.46682286,6.939204621721252e-06,1.1331129263255451e-05
ARHGEF7,4.494113,0.26844937,6.986047845602886e-06,1.1404636307718445e-05
KANSL3,4.4882135,0.5731881,7.1822976259512155e-06,1.1721945471642662e-05
CIAPIN1,4.486314,0.37193766,7.2466030628396634e-06,1.1823803847106493e-05
ELP5,4.486146,0.31074706,7.252301661135747e-06,1.1830009060937846e-05
SCAPER,4.4827976,0.33104438,7.367071455124295e-06,1.2014082297212104e-05
TM7SF3,4.482448,0.40340286,7.379161151732942e-06,1.2030654322874943e-05
HMGN2,4.481725,0.10298313,7.404204333806227e-06,1.2068330960377295e-05
STK10,4.479224,0.1587512,7.491475521609956e-06,1.2207388702445885e-05
PRPS2,4.4784784,0.4168056,7.517697263304378e-06,1.2246919504119714e-05
MPLKIP,4.465081,0.23436546,8.003836313848588e-06,1.3035475583175637e-05
GADD45B,-4.46487,-0.13442582,8.011735822316117e-06,1.3044936933752903e-05
LRIF1,4.462424,0.25010934,8.103766071994957e-06,1.3191341694136808e-05
ZNF655,4.461705,0.19754966,8.131006642122078e-06,1.3232232712772851e-05
MRPL38,4.4604535,0.20542651,8.178645235417696e-06,1.3306289080876393e-05
FBXL17,4.4592776,0.5685225,8.223636302448288e-06,1.3376000563872757e-05
TNRC6B,-4.4580636,-0.1359275,8.27034235813855e-06,1.3448464475545255e-05
IKZF5,4.451597,0.38389862,8.523387102911145e-06,1.3856332094104834e-05
STX12,4.45018,0.33075228,8.5798267275066e-06,1.3944452762075179e-05
GADD45GIP1,4.4432726,0.14990288,8.860078580464508e-06,1.4392461495446505e-05
ERAL1,4.443272,0.45061097,8.8600924636285e-06,1.4392461495446505e-05
CXorf40A,4.4413805,0.3746785,8.93836281073898e-06,1.4515826776430386e-05
USP11,4.438591,0.27355167,9.054974900556803e-06,1.4701378344010147e-05
COQ9,4.434116,0.54726183,9.245088901547216e-06,1.5006137798324104e-05
TCEAL8,-4.4334764,-0.42985675,9.272560241183574e-06,1.504681447353788e-05
C2orf69,4.4321856,0.5029414,9.328269344569954e-06,1.5133280213013018e-05
TTF1,4.4289684,0.40923753,9.468497019648963e-06,1.535279030907487e-05
ZFP14,-4.429014,-0.78913975,9.466474327738478e-06,1.535279030907487e-05
SCAMP4,4.4282074,0.54485106,9.501955223920546e-06,1.5403039624022892e-05
USP3,4.4274015,0.15866661,9.537501695813911e-06,1.54566471263502e-05
KDM4C,-4.425328,-0.2574699,9.629597201823742e-06,1.560184738748234e-05
ASPSCR1,4.4246483,0.41718268,9.659956909436284e-06,1.5646974064830482e-05
KANSL1,4.424508,0.26082245,9.666235196250596e-06,1.5653080918474304e-05
TAOK3,4.4240665,0.15943882,9.686019335270125e-06,1.568104972021293e-05
CDC16,4.423796,0.35504976,9.698161891187036e-06,1.5696635986228813e-05
AP2B1,4.42253,0.20940903,9.755171235473657e-06,1.5784812984337853e-05
CHD6,4.421993,0.2991898,9.77947065143016e-06,1.582003015437419e-05
PPIE,4.4205155,0.2420682,9.846573805290946e-06,1.592445377528396e-05
KDM4B,4.4170623,0.5484844,1.000513002452234e-05,1.6176688208042467e-05
SMYD2,-4.4146047,-0.36020157,1.0119475474618088e-05,1.635732878453548e-05
DBP,-4.4132524,-0.5428999,1.0182926211286917e-05,1.6455629851020624e-05
WDR55,4.4129663,0.46780163,1.0196395368374802e-05,1.6473130596434674e-05
ACADM,4.412008,0.30231646,1.024165139266755e-05,1.654196333893328e-05
CXorf38,4.41091,0.3346318,1.0293702156434083e-05,1.6621732253119047e-05
AP2A1,4.410757,0.4348903,1.0300976485361454e-05,1.6629175955804664e-05
STRN3,4.4104457,0.5068169,1.0315810792015973e-05,1.6648816951893376e-05
UBE2R2,4.4098363,0.4173598,1.0344884625364345e-05,1.6691423202404053e-05
ZNHIT3,4.4093566,0.1920107,1.0367812037868274e-05,1.672409277031168e-05
MCPH1,4.4085355,0.37931186,1.0407190661622147e-05,1.678327568971158e-05
TMEM167B,4.408314,0.30186677,1.04178309244975e-05,1.67960947558225e-05
RBM14,-4.403731,-0.5407771,1.0640488561560616e-05,1.7150642849354288e-05
C5orf24,4.403491,0.35028487,1.065227313003964e-05,1.7165204390544124e-05
MBD1,4.400839,0.31694114,1.078331900647356e-05,1.737188795028433e-05
SLC39A6,4.3996477,0.41098782,1.0842664276277457e-05,1.746298522535422e-05
CYP20A1,4.398513,0.21789974,1.089950996626832e-05,1.7550010758379925e-05
INO80D,4.397327,0.3323213,1.0959212531846752e-05,1.7641590253096616e-05
GLMN,4.3938417,0.45993847,1.1136478771270897e-05,1.7922321818334624e-05
SETDB2,4.3935704,0.4492165,1.1150393204850978e-05,1.7940088680452424e-05
HACL1,4.3927608,0.35506287,1.1192023568869535e-05,1.8002427601369784e-05
EXOC1,4.392534,0.34367502,1.1203717492283196e-05,1.8016593885426288e-05
COMMD2,4.390169,0.2572293,1.1326257725969172e-05,1.820895787423328e-05
WDR54,4.389215,0.34468272,1.1376065233496013e-05,1.8284322205060165e-05
MR1,4.3874674,0.44328842,1.146780819102144e-05,1.842703164782822e-05
THUMPD3,4.3830824,0.36516,1.1701190172419482e-05,1.8797201509927925e-05
TMEM116,-4.382218,-0.6118617,1.1747729912122234e-05,1.886710817847526e-05
MRPL2,4.379947,0.37551188,1.1870798769647852e-05,1.9059854674909247e-05
JAZF1,4.3795815,0.28506547,1.1890739595020577e-05,1.90869613715338e-05
SLC35B2,4.3777466,0.5011308,1.1991278701175796e-05,1.9243396856271056e-05
SIRT6,4.3762603,0.51220214,1.2073272098148557e-05,1.9369997728674846e-05
TMEM214,4.374124,0.57005614,1.2192098230081783e-05,1.955561168181455e-05
SCAF4,4.3729057,0.24375851,1.2260369973418514e-05,1.966006397844423e-05
CUL1,4.372702,0.22537716,1.2271824274808397e-05,1.9673376650161624e-05
ACOT2,4.3710628,0.5217566,1.2364318472832835e-05,1.981656692063424e-05
ARMC10,4.36708,0.27379066,1.2591837299223042e-05,2.0176035066611295e-05
UTP6,4.366048,0.36436087,1.2651482599434571e-05,2.026640218251313e-05
GMEB1,4.3575916,0.48937696,1.3150137230749594e-05,2.105979123867288e-05
ZNF143,4.357262,0.41171414,1.3169952191432297e-05,2.1086113808806815e-05
VPS37B,4.353942,0.11632805,1.3371106557837513e-05,2.1402686849824035e-05
SIRT2,4.3514924,0.33235684,1.3521395739937796e-05,2.1637700208449175e-05
LTBP3,4.347665,0.41911638,1.3759456903868486e-05,2.201301474930613e-05
RWDD4,4.3451457,0.3380245,1.3918320275267688e-05,2.226146510454783e-05
POLR2I,4.3447733,0.17840105,1.3941950354269656e-05,2.229354654393977e-05
CTDSPL2,4.339556,0.32737783,1.4277081156198073e-05,2.2823581838071766e-05
ZNF10,-4.337203,-0.36648947,1.443071932533877e-05,2.306328279371044e-05
ITGB1BP1,4.333559,0.20605776,1.467178080847632e-05,2.3442545833512727e-05
TIGAR,4.333264,0.48645428,1.4691498896833715e-05,2.3468043157189458e-05
NFKBIL1,4.327566,0.53819376,1.5076595605825481e-05,2.407702998361229e-05
TTC37,-4.3219714,-0.43867382,1.546413340127564e-05,2.4689602598455168e-05
PSD4,4.320183,0.3452548,1.5589989625475178e-05,2.4884175256417032e-05
NIT2,4.312601,0.2851559,1.613451905437728e-05,2.5746748508915525e-05
NT5C2,4.312356,0.5329034,1.6152400429668567e-05,2.576869403925397e-05
GTF2E2,4.31053,0.24944949,1.6286350865337103e-05,2.597575153349575e-05
TMEM126A,4.309537,0.26358923,1.6359657225795688e-05,2.6086004278536253e-05
NCLN,4.30798,0.47873816,1.647522026184878e-05,2.6263563130063406e-05
FBXO33,4.3076277,0.29321396,1.650148006798076e-05,2.6298707125706823e-05
CAPN2,-4.307185,-0.13205306,1.6534523814755603e-05,2.6344642105664982e-05
ANAPC10,4.303684,0.48795143,1.6798111158955932e-05,2.6757787581175083e-05
RNF103,4.297375,0.47638428,1.7283243759504254e-05,2.752353261114214e-05
TMEM60,4.294407,0.4123115,1.7516087291860263e-05,2.7887219588903036e-05
PPT1,4.2911797,0.18919216,1.7772660031362775e-05,2.8288490501335137e-05
SNX20,4.2891364,0.25359184,1.7936937096564133e-05,2.854268853127403e-05
OGFOD3,4.288822,0.50031924,1.7962316005046256e-05,2.857578745538967e-05
CPSF3,4.2857275,0.52722234,1.821420352968805e-05,2.8969124421198554e-05
RBM10,4.284689,0.33586907,1.8299489067685193e-05,2.909735319017154e-05
PGM2,4.278095,0.473389,1.8849959679057547e-05,2.9965002128629177e-05
SLC7A6OS,4.275944,0.3543529,1.9032897555643033e-05,3.02481063521182e-05
UBR4,4.274054,0.26039743,1.919503499200133e-05,3.0498017664226146e-05
DDX5,4.272577,0.0279629,1.932270855223575e-05,3.069305779447781e-05
ZC3H14,4.2695236,0.3550006,1.9589085271093814e-05,3.1108264930508014e-05
SMC6,4.268474,0.3749972,1.968144622909357e-05,3.124253200781588e-05
MCMBP,4.2684493,0.32971328,1.9683646187266792e-05,3.124253200781588e-05
HNRNPM,4.2683225,0.10147454,1.9694835408261782e-05,3.1252343702761705e-05
PRRC2B,4.267922,0.19250657,1.9730242112808547e-05,3.130056965583074e-05
PPP3CB,4.267742,0.31519908,1.974613786675053e-05,3.131782628370777e-05
NAE1,-4.26605,-0.30224612,1.9896442870224004e-05,3.1548196126287604e-05
DCXR,4.2651916,0.10874209,1.997308669903748e-05,3.1661679981887956e-05
SAMD4B,4.263651,0.526327,2.0111349489240402e-05,3.187276083350669e-05
HIST1H1C,4.2635136,0.23434983,2.012371135747831e-05,3.18842555425291e-05
LHPP,-4.263285,-0.60825753,2.0144296359460622e-05,3.190876994400857e-05
SCFD1,4.262399,0.29483968,2.0224358133779056e-05,3.202745981043265e-05
FAR1,4.26058,0.44255143,2.038972238912708e-05,3.2281140900695616e-05
MDN1,-4.2578907,-0.48463497,2.0636497143927462e-05,3.266355026001808e-05
HAUS6,4.256364,0.461331,2.0777841204587227e-05,3.287893178443937e-05
CRTC3,4.2548475,0.25430334,2.091914968819383e-05,3.309414783371805e-05
ARHGAP26,4.2536488,0.5339139,2.1031499406588555e-05,3.326345357235661e-05
PNO1,4.2529263,0.3308399,2.1099507917384613e-05,3.336256116351593e-05
PI4KB,4.2504516,0.32668903,2.1333991460883757e-05,3.3724782347359555e-05
UMAD1,4.2462187,0.3168099,2.174084595459799e-05,3.4359235148808825e-05
NELFA,4.243652,0.336561,2.199114628932636e-05,3.474601113713564e-05
CDS2,4.2433643,0.21641958,2.2019346676837384e-05,3.478176223997523e-05
BCCIP,4.236711,0.17965342,2.2681763361017544e-05,3.5819049882619056e-05
BAG4,4.236468,0.36527288,2.2706356219813588e-05,3.584881587853696e-05
SEC62,-4.2347617,-0.09332845,2.2879419695639125e-05,3.6112913080547236e-05
MRPS30,4.23444,0.2140694,2.291220715544901e-05,3.61555208235543e-05
API5,4.231153,0.19434969,2.3249634372142856e-05,3.667870781510201e-05
AP5Z1,4.2296333,0.38938162,2.3407229701735254e-05,3.691799862737673e-05
CTNNBL1,4.229137,0.3136207,2.345893436362907e-05,3.699019943491891e-05
PYCR2,-4.2261963,-0.23992796,2.376745380714813e-05,3.7467208691692723e-05
EMC2,4.224694,0.36651123,2.39265919955241e-05,3.770855066769341e-05
CSTF1,4.2232113,0.40412164,2.4084599989615234e-05,3.794799003665455e-05
HTATSF1,4.2189174,0.1839659,2.454780406985689e-05,3.866805784956508e-05
HCST,4.209607,0.09022454,2.5581521749683782e-05,4.028621681548738e-05
FAM193A,4.20725,0.52424794,2.5849704512583806e-05,4.069828604011996e-05
AGTPBP1,-4.197178,-0.47654814,2.702618233749178e-05,4.2539824456062096e-05
CDK5RAP2,4.1956754,0.38640317,2.720597928169616e-05,4.2812031441519353e-05
ERVK3-1,4.194216,0.18233255,2.7381728271963854e-05,4.307773283219723e-05
SMAP1,4.1844215,0.12668481,2.8589346163722358e-05,4.4966257411237714e-05
WDR45,4.183556,0.2844282,2.8698403009218857e-05,4.512641299585157e-05
WDR45B,4.183037,0.2989443,2.876407160343236e-05,4.521827981788951e-05
SESN1,-4.1826982,0.05298183,2.880699027017933e-05,4.527434557446215e-05
ECD,4.180765,0.24204233,2.905300242905196e-05,4.563878145627619e-05
ANAPC13,-4.1807613,-0.31502628,2.9053497632716763e-05,4.563878145627619e-05
GPATCH8,4.1777987,0.22602277,2.943438866740318e-05,4.622547047641249e-05
TRIM21,4.1764903,0.42699918,2.9604143122548257e-05,4.6480366598194634e-05
CHCHD3,4.1743507,0.22217968,2.9883699710185664e-05,4.690748739720038e-05
UBR1,4.168975,0.24005702,3.059728445570209e-05,4.8015502209715044e-05
GOT1,4.168204,0.44461825,3.0700922373417215e-05,4.816602728318171e-05
XPNPEP1,4.164572,0.3738237,3.1193754679708406e-05,4.8926922079934703e-05
TMEM138,4.1644382,0.36221418,3.121201537892754e-05,4.894326331152934e-05
ZBP1,4.1615105,0.46511608,3.161498262222206e-05,4.9562699458751035e-05
CSNK1E,4.161309,0.54637843,3.164286895952144e-05,4.9593959110088724e-05
CHAMP1,4.159845,0.45772216,3.184641011971305e-05,4.990043825185266e-05
GOLGA3,4.1555004,0.43441358,3.2457609697149394e-05,5.084536699796922e-05
FBXL20,4.152997,0.4526096,3.281493051595763e-05,5.139221614807819e-05
PLD3,4.152302,0.24558057,3.291478190589046e-05,5.153566329018123e-05
DCAF15,4.146557,0.32493687,3.375125370374555e-05,5.283209790947478e-05
CFL2,4.145027,0.54860264,3.397734179225279e-05,5.3172665527946255e-05
MFSD5,4.144963,0.38414416,3.3986893239174985e-05,5.3174279444896235e-05
SRP72,4.142955,0.1618392,3.4285944528027265e-05,5.362871674170881e-05
CMAS,4.1403465,0.35406342,3.467814881304423e-05,5.4228596026612136e-05
HOPX,-4.138422,-0.16254674,3.49702730863323e-05,5.4671712006963905e-05
CAMK1D,-4.138321,-0.28353032,3.498568894364454e-05,5.468211487535327e-05
VPS4B,4.1333156,0.16174042,3.575669824495769e-05,5.587319823404631e-05
PRR7,-4.129561,-0.584289,3.6345654304250495e-05,5.6779281229744014e-05
DDX56,4.1281652,0.27307853,3.6566956125152944e-05,5.711070399826815e-05
SBNO1,4.125621,0.20375842,3.697358102994823e-05,5.773132829820037e-05
UBE2V2,4.1252203,0.20206723,3.703803799683816e-05,5.78175075383359e-05
RAB4B,-4.1243763,-0.51547945,3.717406749695705e-05,5.801534264778919e-05
RIPK1,4.124066,0.30010742,3.7224222422485264e-05,5.807909303468264e-05
NAA16,4.11468,0.26975518,3.8771713330085056e-05,6.047844611173727e-05
RNPC3,-4.1143494,-0.26545903,3.882727250888012e-05,6.054997694350845e-05
GORASP2,4.1126747,0.16739249,3.911009414662337e-05,6.097579254785822e-05
IDE,4.1121926,0.50267434,3.91918984372872e-05,6.108807146531203e-05
ZNF195,4.1094785,0.3547198,3.9655385694550495e-05,6.179507169030952e-05
PPP1R10,4.1048837,0.06273114,4.045186265420947e-05,6.302048797426892e-05
CERK,4.104336,0.20488948,4.054783608124697e-05,6.315424132344956e-05
LMF2,4.1026635,0.22717206,4.0842067621028426e-05,6.359664272026906e-05
PRPF38A,4.1021543,0.17531468,4.0932150604503695e-05,6.372101569536232e-05
POLR3E,4.0994344,0.36038575,4.1416090075931256e-05,6.445830876904912e-05
HSDL2,4.0987744,0.41478634,4.1534324647630704e-05,6.462620795957697e-05
TRPV2,-4.0963135,-0.30515277,4.19781445706954e-05,6.530049857071534e-05
ASAH1,-4.094717,-0.23724873,4.2268471194888665e-05,6.573574102349867e-05
AMBRA1,4.0935826,0.46122372,4.247588319121374e-05,6.604185027313527e-05
CASP7,4.092896,0.5178813,4.260184793583051e-05,6.622120372789994e-05
GALK2,4.0925827,0.4632498,4.265950924631191e-05,6.629432201350413e-05
STX8,4.091857,0.22617745,4.279325962103098e-05,6.648561944108896e-05
DAP,4.08755,0.29711992,4.3595226832966315e-05,6.771473635254922e-05
CPNE3,4.075071,0.18328522,4.600032124100108e-05,7.143269591069614e-05
PI4K2B,4.0743446,0.52843,4.614407802839733e-05,7.16381072077681e-05
CAMTA1,4.073669,0.20446232,4.627822719931698e-05,7.182850433994958e-05
RNH1,4.0709686,0.12700547,4.6818099317584875e-05,7.264837340652591e-05
GNL2,4.068377,0.30828705,4.734170424656453e-05,7.34425991058437e-05
C1GALT1,4.066517,0.24359472,4.772104797833219e-05,7.401268897434671e-05
SMU1,4.0636935,0.17337708,4.830220810564049e-05,7.489542379808752e-05
ELK3,4.0633807,0.22283417,4.836701358877565e-05,7.497728062780647e-05
PNMA1,4.062311,0.36023888,4.858925508148788e-05,7.530308938752567e-05
CCDC66,-4.0554585,-0.2122211,5.003608687322512e-05,7.752612169210476e-05
SPAST,4.0528865,0.49291247,5.058954863919955e-05,7.83642027940542e-05
AKT2,4.0518894,0.2905134,5.080566413291834e-05,7.867944165100332e-05
MTA1,4.051629,0.37530482,5.086220852758634e-05,7.87474679783345e-05
OXSR1,4.044535,0.28100744,5.2427064682416756e-05,8.115012665748088e-05
PRCP,4.0413775,0.29858178,5.3138115169870756e-05,8.223034385697084e-05
KRIT1,4.0382805,0.25707054,5.3844481320074585e-05,8.330277836355614e-05
LRCH3,4.0364957,0.35416356,5.4255472893871083e-05,8.391782065195773e-05
NUP153,4.0360675,0.29697216,5.435463140013148e-05,8.405036039846892e-05
GNPDA1,4.0316215,0.3794821,5.539333851696264e-05,8.563532962208665e-05
ANXA4,4.0299873,0.45962164,5.577986371467479e-05,8.621152289333466e-05
SPRTN,4.026688,0.34072328,5.656796588523422e-05,8.740794134432948e-05
PHF14,4.0257993,0.16348654,5.678213409383417e-05,8.771715318802452e-05
EDEM3,-4.024551,-0.24183321,5.7084128655398697e-05,8.816185274396023e-05
COG4,4.021962,0.38848597,5.771536541745064e-05,8.911469459928487e-05
DYNC1LI1,4.0208907,0.24361615,5.7978452903447506e-05,8.949876937185651e-05
ARHGAP27,4.0199137,0.48376206,5.821951042732413e-05,8.984865592901333e-05
JCHAIN,-4.015151,-0.8496018,5.9407751603958896e-05,9.165977200502039e-05
PFDN6,4.0141273,0.26881865,5.966616185081926e-05,9.203571826766263e-05
MOSPD3,4.01357,0.33998486,5.980725439698268e-05,9.22305595976202e-05
RABAC1,4.01311,0.104453415,5.9923945945914415e-05,9.238768444872823e-05
USP15,4.0116796,0.06415045,6.028826855729616e-05,9.292642234282178e-05
EFCAB14,4.011158,0.20361713,6.04215990630932e-05,9.310893821055917e-05
ZNF460,4.008908,0.34136435,6.100024387406256e-05,9.397741841965549e-05
OSBPL2,4.0079885,0.45602232,6.123809890362903e-05,9.432057632219861e-05
LST1,-4.002507,-0.6101266,6.267479714452104e-05,9.650960004415391e-05
MTERF4,-4.0022326,-0.2106868,6.274761513417885e-05,9.659789493152694e-05
IKZF2,4.000316,0.14609669,6.325788771137261e-05,9.7359427177972e-05
RSAD1,-3.9983964,-0.34184575,6.377306253950354e-05,9.812812704858027e-05
AMFR,3.991785,0.48759732,6.557778559231937e-05,0.00010088019716087385
ARFGEF1,3.9912066,0.21338136,6.573793928392582e-05,0.00010110164590216389
ZDHHC6,3.9910352,0.22254992,6.578551997061738e-05,0.00010114989655989728
VBP1,3.990224,0.19836174,6.601093316610945e-05,0.00010147148617972638
DAXX,-3.98904,-0.27324444,6.634123544031589e-05,0.00010195411238192846
ZMAT3,3.9888334,0.35840055,6.639904889105902e-05,0.00010201783951971919
FBXO28,3.987844,0.39377266,6.667646264250975e-05,0.00010241885388922061
NOC4L,3.9855669,0.42040235,6.73191900557203e-05,0.00010338067547680866
RMDN1,3.9800231,0.35678467,6.890859028575713e-05,0.00010579106255530805
OSBPL8,3.9799745,0.1091272,6.892268231851988e-05,0.00010579106255530805
DNAJC17,3.9782696,0.39509666,6.941862072806505e-05,0.00010652609096726187
SFXN3,3.965139,0.5088177,7.33531816195631e-05,0.00011250994018017048
RPRD1B,3.965136,0.42666367,7.335410136085782e-05,0.00011250994018017048
HEBP1,-3.962349,-0.6380615,7.421595401262924e-05,0.00011380387444541009
YLPM1,3.9622674,0.23141138,7.424130289110115e-05,0.0001138147804822801
CCDC159,3.9618824,0.5075205,7.436121501380638e-05,0.00011397061466138644
FAM210A,3.961722,0.49512333,7.441116131320023e-05,0.00011401916468344773
PTGES2,3.9609203,0.30935973,7.466142175556868e-05,0.00011437455404430638
TMEM242,3.957939,0.40173125,7.559929117167178e-05,0.00011578286532574321
ATPAF1,3.9565415,0.2570361,7.604268706568271e-05,0.00011643336849286697
SECISBP2,-3.9554384,-0.17223494,7.639441843584216e-05,0.00011694323410794479
TRNAU1AP,3.9544914,0.29593885,7.669762433398439e-05,0.00011737858594124486
NEK9,3.9521332,0.26995972,7.745761080606781e-05,0.00011851261315044598
TRMT2A,3.9520512,0.39258134,7.748416914666454e-05,0.00011852419108929739
CORO1A,3.948664,0.040504336,7.858855078448573e-05,0.00012018405916343432
FBXL3,3.9482968,0.22476612,7.870916493849232e-05,0.00012033902459116378
ZDHHC3,3.9460714,0.33910358,7.944396409856768e-05,0.00012143271612519248
NDUFAF7,3.9454224,0.4242842,7.965945822314724e-05,0.00012173229156970175
IFITM3,-3.943989,-0.14269395,8.013728905345266e-05,0.00012243251431642548
ARHGEF9,3.9438279,0.38110995,8.019124825139385e-05,0.00012248496826650735
LEMD2,3.9414766,0.4269496,8.098156594378584e-05,0.00012366184317474124
EDRF1,3.9409862,0.29155928,8.114731114120122e-05,0.00012388463034056674
PSMG1,3.9390194,0.41108617,8.181528481730115e-05,0.00012487385486543813
BLOC1S4,-3.93573,-0.20735005,8.294419118506674e-05,0.00012656594063227422
CUL5,3.9320095,0.20590517,8.423873506687171e-05,0.0001285098864708742
MRPL43,3.931648,0.13464484,8.436556308185473e-05,0.0001286719157365238
IMP3,-3.9281814,-0.10925993,8.559065778448592e-05,0.0001305085011563588
YIPF2,3.9275568,0.4953498,8.581316125682303e-05,0.0001308158132398223
PELP1,3.9238749,0.35108116,8.71360253980926e-05,0.00013279998400720294
SPIDR,3.9236503,0.36517805,8.721728019506825e-05,0.00013289136857847191
GTF3C5,3.92258,0.35610154,8.76057818387428e-05,0.00013345074065306169
BANP,3.9206471,0.38105947,8.831149305611799e-05,0.00013449293024969067
PPP6R2,3.914279,0.29497162,9.067479300335628e-05,0.00013805840037422456
HIF1AN,3.9135423,0.4141929,9.095199258804018e-05,0.00013844667944925822
DUT,-3.9113483,-0.07664543,9.178225355227719e-05,0.00013967643121671837
FNTA,-3.9091778,-0.13652378,9.261082041521376e-05,0.00014090300590232792
COX16,3.9087758,0.15568072,9.276503250848977e-05,0.00014110323370350588
NLRC5,3.9080229,0.25573906,9.305449142485656e-05,0.00014150903532712713
ZNF524,3.9073439,0.25861865,9.331627351857067e-05,0.00014184060410306638
IFFO1,3.9073396,0.4510491,9.331798116442727e-05,0.00014184060410306638
PCMTD2,-3.9070594,-0.3926128,9.342619221109633e-05,0.00014197050537848849
CACUL1,3.906599,0.2834163,9.360432266807479e-05,0.0001422065671303444
PES1,3.9054964,0.32990044,9.403220501676836e-05,0.00014282185239952575
SHISA5,3.9025981,0.11851951,9.516561574202952e-05,0.00014450817709148571
SND1,3.8970964,0.17217542,9.73528979479218e-05,0.00014779358698442714
DHRS7,3.896948,0.098060094,9.741253091254168e-05,0.0001478481530703241
CMTM7,3.8932233,0.16408126,9.892100399479895e-05,0.00015010113929772435
C12orf75,3.8924968,0.20822155,9.921784695538237e-05,0.00015051496909298525
PHKB,3.8918705,0.33418542,9.947433978959417e-05,0.00015086740088137479
TTC1,3.8899064,0.19660518,0.00010028287514926138,0.00015205671132326052
TRIM38,3.8871233,0.19609202,0.00010143919817621181,0.00015377265868781587
LSM3,3.8862977,0.16418043,0.00010178466336490675,0.00015425888393889826
SSRP1,3.886235,0.17976204,0.00010181093448136253,0.00015426123867399454
NUP62,3.8841698,0.30760366,0.00010268016333063816,0.00015554050955012444
NXPE3,-3.883042,-0.511874,0.0001031576890990456,0.0001562259494460431
TMEM161A,3.8778634,0.46557134,0.00010537781095919622,0.0001595494706929509
TMUB2,3.8766396,0.28850365,0.0001059090186313206,0.0001603148642440145
EPS8L2,3.876029,0.51182216,0.00010617504551616173,0.00016067857882307599
PREB,3.8757265,0.28956065,0.0001063070445987451,0.00016083073788222143
MRPL34,3.8756804,0.16649279,0.0001063271309889514,0.00016083073788222143
HEXB,3.8681529,0.25756776,0.0001096629401187059,0.00016583629980151284
KAT5,3.8679285,0.31266272,0.0001097638195426399,0.00016594864286957744
PPP4R3B,3.8661566,0.12634698,0.00011056395344810091,0.00016711785746417968
RAD51C,3.8631897,0.32655182,0.00011191597942794774,0.0001691204909466881
ATL3,3.8623445,0.31149176,0.00011230402099368479,0.00016966579400183655
MBP,-3.8610468,-0.060189333,0.00011290226514246435,0.00017052832448066795
PSME4,3.8606868,0.33638436,0.00011306876668161997,0.0001707384884732616
RCHY1,3.858327,0.3326254,0.00011416584243031483,0.00017235341620890052
CLN5,-3.8581934,-0.5379683,0.00011422829937059505,0.00017240600154096343
NCBP1,3.8556173,0.35896373,0.0001154379187516533,0.00017418956743932987
MRPL39,3.8536649,0.44667476,0.00011636285935846587,0.00017554281006917707
SLFN5,3.853004,0.15712571,0.00011667746181638904,0.00017597487655777766
METAP1,3.8518476,0.2734302,0.00011722992188559893,0.00017674172672854104
MON1B,3.8518214,0.37985316,0.00011724254905562569,0.00017674172672854104
BORCS5,3.8506348,0.16385941,0.00011781201999172662,0.00017755730904814437
OSGEP,3.8503156,0.23554218,0.00011796576075104794,0.00017774609194767994
CAMK2D,3.8463736,0.20991156,0.0001198789331772948,0.00018058518512177092
TGFBR3,3.8432837,0.56047976,0.00012139907732011916,0.00018283099458370262
DDX60L,3.8371704,0.3467702,0.00012446011343275487,0.00018739579443518049
FYCO1,3.8366313,0.45857155,0.00012473347597732326,0.00018776208962240098
IREB2,3.8333929,0.24837194,0.000126387868497318,0.00019020658000765893
LTN1,3.8293443,0.28876388,0.0001284851586120057,0.00019331626685089863
FLAD1,3.8259912,0.33182526,0.00013024694449208392,0.00019591978321887102
PDXDC1,3.825774,0.26186138,0.00013036193142036204,0.00019604549734806735
SCAF1,3.8255553,0.45113766,0.0001304776610594051,0.00019617226756727228
TUBB,-3.8242936,-0.007139507,0.00013114752661802037,0.0001971319156124916
MAPKAP1,3.8229039,0.25619096,0.00013188918053562578,0.00019815127003438624
TMA7,-3.8229175,-0.046039436,0.00013188192297686186,0.00019815127003438624
RAB37,3.8214114,0.41451323,0.00013269010825914007,0.00019930661026360848
SYNE2,-3.8187194,-0.074092515,0.00013414630761296052,0.00020144540563341834
RRAGC,3.8173184,0.3436378,0.00013491000581687906,0.0002025435040421319
GSR,3.8163197,0.32730567,0.00013545696366566202,0.00020331575522784914
PURA,3.8161306,0.20137234,0.00013556071191356126,0.0002034225542323962
ADPGK,3.8114927,0.22813408,0.00013813018319526547,0.0002072284791638586
UFL1,-3.810714,-0.17715296,0.0001385660472272341,0.00020783242027040807
MAU2,3.8106542,0.36561787,0.00013859958159855853,0.0002078327700039894
HDAC10,3.810168,0.4063012,0.00013887239105013185,0.0002081918310218287
MRPL15,3.8097749,0.38854647,0.0001390933487630897,0.00020847300423401603
MZT2A,3.8091865,0.093855955,0.00013942475317806812,0.00020891954011628406
AIFM1,3.8079708,0.43486443,0.00014011181667180386,0.00020989866727045797
AMD1,3.8073163,0.108722575,0.00014048296109360505,0.0002104041661111565
FDX1,3.8060784,0.1832848,0.0001411876717279581,0.0002114088913757645
TMED4,3.8030381,0.13149482,0.00014293232268727788,0.00021396992705476165
SDHAF3,-3.8002768,-0.36147305,0.00014453457302524597,0.00021631661157087774
IFNAR2,-3.7987654,-0.2593254,0.00014541867420888148,0.00021758761585654023
ORAI2,3.7970943,0.41632277,0.00014640211445442325,0.0002190066146476643
DDX52,3.7965424,0.3308729,0.00014672833493871405,0.00021940889526651745
MRPS23,3.7965202,0.27970237,0.00014674134415036756,0.00021940889526651745
TMEM50B,-3.7931592,-0.20173217,0.00014874270557251488,0.00022234807795881804
SNX2,-3.7925353,-0.1680477,0.00014911709564476955,0.00022285435678137135
NUDT2,3.7909067,0.2871371,0.00015009839857082173,0.00022426720265274083
BCAS3,3.7829869,0.5262025,0.00015495751579439564,0.00023147196172159482
PDK1,-3.779901,-0.5958317,0.00015689076708728217,0.00023430372754049486
RPRD1A,-3.7795258,-0.4540551,0.00015712737486058378,0.00023460094413992904
MTMR3,3.7754693,0.45697156,0.0001597067007223712,0.0002383950057900786
RBMS1,3.7751393,0.15630773,0.0001599181952566522,0.00023865362424599864
CREBL2,3.7750673,0.25570357,0.0001599645209921555,0.00023866568862348613
PPWD1,3.7747638,0.20942256,0.00016015925949359073,0.00023889912488037757
CGRRF1,3.7731383,0.2893398,0.00016120694767717892,0.0002404044349948085
TMEM9,3.7681248,0.45713887,0.00016447847177943235,0.00024522459206293296
RAB39B,3.7627525,0.48961747,0.0001680534727089429,0.0002504947989435187
TMEM184C,3.7626386,0.40828046,0.0001681301114753685,0.0002505491942974629
RRP8,3.7617335,0.32680055,0.00016873977301492637,0.00025139768999430783
BAZ2B,3.7612333,0.3901778,0.0001690776884520667,0.000251841015186002
LSM7,3.7601562,0.09523307,0.0001698073483842939,0.00025286749254745366
ABCB8,3.7588227,0.47625592,0.0001707147805342704,0.00025415814535171313
MCTS1,3.7573218,0.21191804,0.0001717415265166984,0.0002556257731912031
TM2D1,3.7567344,0.22494358,0.0001721450089690008,0.0002561652362841044
MPPE1,3.7557616,0.24963616,0.0001728151785965724,0.00025710119895618787
DYRK1A,3.751522,0.3081599,0.00017576425198377807,0.00026142628613697787
ERGIC1,3.7511172,0.37488228,0.0001760484273076178,0.00026178657012791104
C21orf91,3.7508264,0.1869941,0.00017625276560545531,0.0002620279919351231
GNB5,-3.7484314,-0.34888175,0.00017794388973164298,0.0002644791178411964
WWP2,3.742316,0.3586242,0.0001823320245362028,0.0002709367059834385
GGA3,3.7418704,0.45614746,0.00018265566117510896,0.0002713180410254508
KMT2C,-3.741843,-0.15644507,0.00018267559820364437,0.0002713180410254508
CRK,3.7403932,0.33481246,0.00018373269888861637,0.00027282316768114555
PPP3CC,3.7400157,0.13304663,0.00018400871003247183,0.00027310832142799423
IL17RA,-3.740011,-0.20879248,0.00018401225630583493,0.00027310832142799423
TNFSF14,3.7369618,0.4180226,0.0001862571656679105,0.0002763744581391891
DOCK9,-3.735396,-0.6003126,0.00018742015131115373,0.0002780340300292157
DDB2,3.7243185,0.25048998,0.00019584353313218587,0.00029046090548430893
RSRP1,-3.7209582,-0.079424486,0.00019846822321468758,0.00029428372085599073
KIFAP3,3.7159047,0.31652635,0.00020247780598564824,0.00030015771666423534
GTF3C3,3.7137706,0.43013737,0.00020419392103147098,0.0003026298411677536
RUFY1,3.7115338,0.36734504,0.00020600717030211933,0.00030524471743958374
SRSF6,3.7112184,0.19654095,0.00020626407777734517,0.00030555283869176627
SCRN2,3.7111294,0.32762143,0.0002063365245700211,0.0003055876245471053
DPM3,3.7105901,0.19873253,0.00020677673121109188,0.0003061669227730544
SBDS,-3.7076426,-0.11073706,0.00020919774428927116,0.0003096781598931075
RCC1,3.7062383,0.3227198,0.00021036048602925359,0.00031132553789627027
CBR1,3.703723,0.28453556,0.00021245833193638138,0.00031435572537101856
NSMAF,3.7009475,0.27715343,0.00021479595027783975,0.00031773916228584924
ZNF654,3.696945,0.37554643,0.00021820965780724837,0.00032271243468602774
RCSD1,-3.6965322,-0.088258766,0.00021856447632421006,0.0003231606009806669
ORC2,3.6934917,0.38749307,0.00022119582260770224,0.00032697373967187815
SMPD1,-3.6909661,-0.29150805,0.0002234038561317519,0.00033015947575615995
ZNF428,-3.6897833,-0.14120887,0.0002244451626489422,0.0003316198532414887
IFT43,3.6887622,0.48071393,0.00022534781034139314,0.00033287471818713247
MAPK1,3.6877851,0.20150743,0.00022621458884147376,0.00033407601726446703
SNIP1,3.6874163,0.27568525,0.00022654247059805061,0.00033448108800625357
CLEC16A,3.6819584,0.48946232,0.00023144911947274325,0.0003416447385594585
MLLT6,-3.6817477,-0.24285066,0.00023164063843822609,0.0003418465889082452
AGA,3.6809444,0.31793118,0.00023237153382970913,0.00034284414719414064
GMPS,3.6800563,0.20789912,0.00023318242861986894,0.0003439592382454744
MVB12A,3.6797547,0.3899339,0.00023345830379189802,0.0003442848000863033
MAP3K4,-3.678041,-0.27011392,0.0002350321636899502,0.00034652391532931235
USP9X,3.6764712,0.2590504,0.00023648257217692744,0.00034858000306003874
CNOT11,3.6731768,0.2538176,0.0002395537244473408,0.00035302356417375535
AARS,3.6688228,0.4353772,0.00024366981547697464,0.0003590045605268646
MAN2B1,3.6675606,0.20915705,0.00024487556024032985,0.00036069586298321897
ZZEF1,3.6649327,0.29270697,0.00024740360267473243,0.00036433362064488086
THOC2,3.6636393,0.13663149,0.0002486569819751592,0.00036609299941188224
CUL4A,3.6623137,0.21415187,0.0002499474762204578,0.0003679061790311031
TMEM126B,3.6610258,0.26720983,0.0002512075675359325,0.00036967376302564364
NOL10,3.6602252,0.44381365,0.00025199374583157136,0.0003707432738648837
SEC63,3.6581686,0.17555259,0.0002540239940409228,0.0003736421745956632
XPR1,3.6576939,0.46062693,0.0002544946509048153,0.00037424625737439974
SPTLC1,3.6565256,0.2810073,0.00025565690009234955,0.0003758668347411905
USP33,3.6527314,0.19815886,0.0002594656438738735,0.0003813766093774952
NFKBID,3.6499999,0.5704925,0.0002622405428293865,0.0003853645462204382
TUBGCP2,3.6494563,0.20785372,0.000262795860496358,0.0003860896811105862
PHF10,3.648079,0.40452853,0.0002642084696104579,0.00038807367823931926
HARS2,3.6403162,0.38238078,0.00027230342783430254,0.0003998695748503252
EPN1,3.6394267,0.2575587,0.00027324576632951263,0.0004011079345138688
MORF4L2,3.6393988,0.13115926,0.0002732752663920798,0.0004011079345138688
FKBP15,3.6390915,0.39260706,0.0002736016198726988,0.0004014925251882232
VPS26B,3.6382573,0.23765318,0.00027448913765406403,0.0004027002134694437
DCUN1D1,3.6379704,0.35926688,0.00027479501164164185,0.00040305421096486176
ADCY7,3.6376498,0.3741575,0.00027513723558812903,0.00040346134570148337
VPS13B,3.6333926,0.3028825,0.0002797189408434043,0.0004100836057795833
SBF1,3.632134,0.383541,0.00028108712894949134,0.0004119926659872653
TSR2,3.632025,0.1790044,0.00028120597649876984,0.0004120700867172629
EEF1E1,3.6307564,0.22486347,0.0002825918173405073,0.00041397465781512714
MRPL35,3.630714,0.4277222,0.00028263836195325376,0.00041397465781512714
GPR89A,3.6300247,0.39503428,0.0002833940891278114,0.00041489372542509196
CCNL2,3.6300204,0.19528027,0.0002833988065193346,0.00041489372542509196
CNOT8,3.629819,0.18013181,0.00028362023666815783,0.00041512051994511566
RPS6KB1,3.628883,0.22625631,0.0002846502114296944,0.00041653035627965365
ZCCHC7,-3.6233268,-0.20075645,0.00029083810368740265,0.000425485373913052
FOXJ3,3.6208467,0.22361451,0.00029364051097688,0.0004294845158206487
RBBP5,3.6204374,0.25544402,0.00029410555359602044,0.0004300289752164918
TAPT1,3.6203976,0.50056803,0.0002941505680498644,0.0004300289752164918
PDE7A,3.6199048,0.14716104,0.0002947115865733071,0.00043074824632412397
FAM13A,3.6195436,0.38845277,0.0002951230156579344,0.000431248593004254
SIKE1,3.6192417,0.22799096,0.0002954675986424433,0.00043165104942122863
GPCPD1,3.618976,0.076290585,0.0002957710124243871,0.0004319931871145799
ATF5,3.6151834,0.39354232,0.0003001352511554524,0.00043826488124969074
IFT52,3.6151018,0.43002462,0.0003002295039488443,0.0004382999612034473
APPBP2,3.6144037,0.26897413,0.0003010396275444044,0.0004393798679851796
ZNF800,3.611704,0.12764265,0.00030419140050337617,0.0004438762054107015
TAGAP,3.6104517,0.120893486,0.00030566424963366035,0.00044581691562600473
MOAP1,-3.610453,-0.30050606,0.00030566290923208627,0.00044581691562600473
KBTBD2,3.6088114,0.24126922,0.0003076031951956894,0.000448540079723434
CLASRP,3.6055095,0.25426823,0.00031154110466497225,0.0004541761350651931
MPC1,3.6027353,0.19588064,0.0003148860669797757,0.0004589453395658057
DPY30,3.6020737,0.16766673,0.00031568889882535773,0.0004600080358554886
MTAP,-3.6018791,-0.55658823,0.0003159252727973072,0.000460245011094303
AVL9,3.601553,0.37376207,0.00031632181904801056,0.0004607151628188177
SENP6,3.6010904,0.12763602,0.00031688536620338455,0.0004614282712261603
MTRR,3.5989559,0.31711018,0.00031949734343636525,0.0004651231444801389
GALC,3.597648,0.50454384,0.0003211079697994059,0.0004673588711562715
GBP3,3.5963907,0.4563391,0.0003226630479915812,0.0004695127261635482
CABIN1,3.5951967,0.2146093,0.0003241465945757759,0.0004715320293220189
NOC2L,3.5951524,0.2388167,0.0003242018807596192,0.0004715320293220189
ATXN2L,3.5940638,0.15147957,0.00032556004755662104,0.0004733970775398118
KDM3B,3.5936897,0.32964495,0.0003260279613759075,0.00047396704098463517
NCOA6,3.5934434,0.5033087,0.0003263364884394025,0.00047430508252219633
PGGT1B,3.5918567,0.39127815,0.00032833027027670216,0.0004770917850516643
C2orf49,3.5904865,0.3237235,0.0003300613093361318,0.00047949549151927334
CRCP,3.5900135,0.25241876,0.0003306607718784636,0.0004802545676736074
INO80C,3.5893815,0.4442107,0.000331463371878168,0.00048130826056110905
ARMC1,3.586652,0.30211297,0.00033495068017967645,0.00048625894277770664
VPS16,3.585382,0.38811064,0.0003365851326864283,0.000488518096068837
METTL14,3.5830812,0.29074124,0.00033956494292015015,0.0004927283907846215
KIAA0100,3.580549,0.29829344,0.000342873000512328,0.000497412923337387
PUM2,3.5783005,0.16522808,0.0003458356801629648,0.0005015943481052901
LSG1,3.577099,0.26556343,0.0003474285841523114,0.000503787591471788
SLMAP,3.5751011,0.2774564,0.0003500926899592025,0.0005075327475111227
ATP7A,3.5749173,0.4867525,0.00035033853393260083,0.0005077712007137394
TMEM101,3.574356,0.31244788,0.00035109099473432017,0.0005087436494397242
LBR,3.573883,0.12839943,0.0003517260028248615,0.0005095454929503158
CREBRF,3.5726802,0.15832692,0.00035334614181957127,0.000511773792317462
TMEM43,3.5635657,0.22494704,0.00036585089087430177,0.0005297622760896791
BICD1,3.562948,0.45172206,0.0003667135118854711,0.0005308881994148052
ABHD3,3.5606,0.23757997,0.00037000842941569377,0.0005355339999961375
TMEM39A,3.557142,0.37688023,0.00037491147092796954,0.0005425046348391973
SGSM3,-3.5547006,-0.38764355,0.00037840960948433796,0.000547439585718997
SEC24B,3.552127,0.26017126,0.0003821304101567114,0.0005526942965905066
HEBP2,-3.5512428,-0.15247048,0.00038341646736119546,0.0005544258973126091
SENP5,3.5462642,0.3066468,0.00039073446938293145,0.0005648769570115532
PRR14L,3.5459433,0.3926947,0.000391210333994594,0.0005654339264613851
MNAT1,3.5430958,0.34209204,0.0003954590531233486,0.0005713101737367636
IPO5,-3.543132,-0.31583366,0.0003954044790159912,0.0005713101737367636
GDAP2,3.5402818,0.39274254,0.00039970013011685225,0.0005773035204950879
SIK1,3.540209,0.48373556,0.0003998103290964931,0.0005773290754028722
RNMT,3.5376413,0.114731714,0.00040371800213701096,0.0005828369306817222
PWP1,3.5360012,0.16635376,0.00040623277672062664,0.0005863318130234576
DLG1,3.53507,0.32553345,0.00040766711511590196,0.0005882660035695593
PPIL3,3.531076,0.29014912,0.0004138728858229558,0.0005970829127186933
WDR44,3.530934,0.3944499,0.00041409480141840624,0.000597265000150745
SLC25A20,3.530492,0.46822435,0.00041478750154811566,0.0005981258773479182
CDK4,3.5292091,0.23951305,0.00041680342545593853,0.0006008940120745004
NAA38,3.524687,0.15758745,0.0004239833843053186,0.0006111039957158183
EDEM2,3.520609,0.35509345,0.00043055703584378506,0.000620435571623427
YDJC,3.5176656,0.21224006,0.0004353604183961743,0.0006272124587281911
CYP2R1,3.5174558,0.31717387,0.0004357048118819865,0.0006275637505089956
TRMT1L,3.5155442,0.39638424,0.00043885389851988665,0.0006319536642045714
XAB2,3.5150802,0.21499278,0.00043962110457360575,0.000632912413758679
TBPL1,3.5106003,0.20070618,0.0004470959688306997,0.0006435253555056266
UBASH3A,3.5085628,0.19439285,0.0004505348149948773,0.0006483255200329789
ATXN7L3B,-3.5046077,-0.1951708,0.00045728060684522073,0.0006578811127987604
SLK,3.5039625,0.26724342,0.0004583900264805552,0.0006593252259196002
UGP2,3.5012867,0.115699105,0.0004630175202008898,0.0006658277289340445
MBD4,3.499952,0.16063622,0.00046534169479946577,0.0006690157837464791
UFM1,3.4917793,0.10252449,0.0004798145401776494,0.00068966433561693
CRIP1,3.490431,0.011278379,0.00048224189054389265,0.0006929936999503647
PAM16,3.482351,0.33401632,0.0004970315902601685,0.0007140824481615359
CLK2,3.4796414,0.3562278,0.0005020853402143419,0.0007211771250351457
NXF1,3.4770246,0.17733365,0.0005070114548035793,0.0007280852483730185
USP9Y,-3.4731252,-0.70483434,0.0005144351880151005,0.0007385760313784776
AMPD2,-3.472302,-0.5434615,0.0005160155674578512,0.0007406745990120629
RRS1,3.4689848,0.31287345,0.0005224291358049818,0.0007497080332395702
BOLA3,3.4591978,0.18070015,0.0005417870454685654,0.0007773087243147854
ZNF22,-3.456688,-0.236033,0.0005468579588198296,0.0007844037051240075
TMEM170A,-3.456174,-0.26855168,0.0005479018529154127,0.0007857204650838903
ZNF274,-3.4531858,-0.4354915,0.0005540073588195185,0.0007942935737175776
SLC25A40,3.4523053,0.39553457,0.0005558185457079132,0.0007967072907126979
CYP51A1,3.4499602,0.30303437,0.0005606692233885185,0.0008034756884426508
MRPL19,3.449815,0.31673476,0.0005609709443445786,0.0008037235224183919
SCO2,3.449038,0.3397092,0.0005625876515778773,0.0008058548389941547
BOP1,3.448812,0.43463886,0.0005630583318301209,0.0008063439763542414
TRIM24,3.4472337,0.44961908,0.0005663586076425682,0.0008108841638672328
RPA1,3.4469256,0.21185748,0.0005670048547396284,0.0008116232335848673
MRPL54,3.4461937,0.11829489,0.0005685428214890177,0.0008136380988105846
PPA2,-3.4404354,-0.25499344,0.0005807790867759417,0.0008309587988465502
CHTOP,3.4377656,0.16729371,0.0005865350978040493,0.0008390019586053338
PPTC7,3.4364872,0.37204963,0.0005893102160022368,0.0008427784276053987
ST6GALNAC6,3.4348452,0.34251565,0.0005928926449176029,0.0008477074448867719
AP1AR,3.4332838,0.451507,0.0005963176984031059,0.0008524092431822685
RHOT2,3.4319892,0.1957225,0.0005991712332010185,0.0008562921150463835
ASH2L,3.4309971,0.4380418,0.0006013669221838705,0.0008592332786972381
SCAF8,3.430631,0.23338075,0.0006021793898903783,0.0008601093275150178
MBD5,-3.4305966,-0.3351667,0.0006022556899920891,0.0008601093275150178
STAU2,3.4302022,0.35795265,0.0006031314471899199,0.0008611629745852871
TBC1D5,3.4298592,0.19112942,0.0006038943827224322,0.0008620550875047345
RAD1,3.4279776,0.42517054,0.0006080955210931957,0.0008678536810296444
SRP9,3.4270635,0.08765016,0.0006101465951016601,0.000870581824423745
NSL1,3.4243755,0.17973757,0.0006162138370767913,0.0008790378416448582
BTN3A1,3.4219596,0.19240588,0.0006217153432744654,0.0008866831483948671
SFSWAP,3.4167936,0.19794495,0.0006336328902573264,0.000903473353460355
C1GALT1C1,3.414309,0.39924502,0.0006394400325520324,0.0009115452816713646
IGBP1,-3.4132078,-0.09896158,0.0006420297846968845,0.000915028062638332
INO80E,3.411868,0.14100762,0.000645193053538672,0.0009193264491175463
USF2,3.4113247,0.27394736,0.0006464804537371869,0.0009209505847463555
LONP2,3.408482,0.15175381,0.0006532535530015919,0.0009303869064999852
MAN1A2,3.4045591,0.17267795,0.0006627096441651109,0.000943639262887168
SMG5,3.4030426,0.37222835,0.0006663987240552656,0.0009486757383277629
ORC3,3.4027345,0.32445577,0.0006671506757018962,0.0009495296162042266
OXLD1,-3.3961825,-0.26228392,0.0006833275717443109,0.0009723318229038404
BRAT1,3.3916879,0.33837777,0.0006946350640636933,0.000988196360798156
GLT8D1,3.3897026,0.29631743,0.0006996852532417934,0.0009951539802830521
BTD,-3.388343,-0.49800083,0.0007031621983923749,0.0009998713329156556
TRIM44,-3.3854146,-0.22485568,0.0007107084080441193,0.0010103715659688722
PMM2,3.3823657,0.2782366,0.0007186441691177091,0.001021420692203057
MTOR,3.3813298,0.43335587,0.0007213593843836286,0.001025046429403057
ZNF91,-3.379589,-0.26656672,0.0007259428651513767,0.0010313247032573962
SRPRB,3.3794153,0.22179094,0.0007264017853907734,0.0010317418167100174
GUCD1,3.3764637,0.42216617,0.0007342407326942517,0.0010426385466996188
L3MBTL2,3.3752775,0.3320105,0.0007374131784514052,0.0010469052881517788
C19orf53,3.3744578,0.069609955,0.000739612516848097,0.0010497888827948542
CCS,3.3725283,0.18582113,0.0007448141996054502,0.0010569316552382026
FAM114A2,3.3720932,0.41162643,0.0007459918609819899,0.001058362174218822
TOE1,3.369648,0.4297027,0.0007526427818777485,0.0010675553640225063
ABCB7,3.3645618,0.22188804,0.0007666530840125229,0.0010871806174328916
ST6GAL1,-3.3640645,-0.21487884,0.000768036251068922,0.0010888946485509182
INPP5K,3.3636348,0.23545116,0.0007692322363188164,0.0010903425816183815
AIMP2,3.3608592,0.41929185,0.0007770042422904869,0.0011011088728735078
ANKRA2,3.3581312,0.32256112,0.0007847138269855962,0.001111781837506721
FRAT2,3.3561487,0.4072274,0.0007903602628577474,0.001119527553448752
CDADC1,3.3559067,0.48718697,0.0007910522816117527,0.001120253526103687
EBNA1BP2,3.3491883,0.25661367,0.0008104865985546262,0.0011475151682348963
B9D2,3.3462548,0.41422066,0.0008191109984719561,0.001159462858122812
TOMM40,3.3454325,0.25738496,0.0008215431255723475,0.0011626418699993246
CHMP6,3.3400106,0.35552946,0.000837752106660085,0.001185311924204396
NEK1,3.338223,0.23972116,0.0008431606876165092,0.001192693982641576
ARMC8,3.3326366,0.1958775,0.0008602722634040388,0.0012166234298446876
ANKRD36,-3.332277,-0.2519629,0.0008613842205951939,0.0012179200092285014
ACOT13,3.331865,0.40120026,0.0008626607083684431,0.0012194485800515185
STK26,-3.3307996,-0.2822134,0.0008659690783441888,0.0012238480566001094
UROD,3.328204,0.2549228,0.0008740786564483058,0.0012350294079451836
IQSEC1,-3.3279982,-0.37194267,0.000874724534996718,0.0012356622505465182
RPP25L,3.325241,0.3263445,0.000883420771201383,0.0012476644111943497
EAF1,3.3251767,0.35344768,0.0008836250183514042,0.0012476705293056817
DDX58,3.325019,0.2749235,0.0008841254085246771,0.0012480947013351076
RNF113A,3.3236117,0.18994996,0.0008885980773743524,0.0012541249662807177
MAEA,3.3227441,0.22151059,0.0008913660294587051,0.0012576519175839765
CINP,3.3227022,0.36629215,0.0008915000934772492,0.0012576519175839765
EMSY,3.3212357,0.33027655,0.0008961985799406605,0.001263994426533257
BLZF1,3.3193,0.3838162,0.0009024340849603726,0.0012725013836958168
TRIM37,3.3127697,0.3791018,0.0009237702058683568,0.0013022927162467618
PRPSAP1,3.3111813,0.248503,0.000929030309901357,0.0013094124128487736
ZDHHC5,3.311043,0.35180852,0.0009294891409617736,0.0013097633164918558
CEP57,-3.3094826,-0.13559508,0.0009346855897259328,0.0013167884346454958
TDP1,3.3089561,0.26964232,0.0009364448919228239,0.0013189692102212468
METTL2B,3.3081837,0.3686737,0.0009390318253220436,0.0013223144453598542
GLTP,3.3062706,0.21805938,0.000945467026777794,0.0013310759562644287
ZNF737,-3.304326,-0.513668,0.0009520502086259602,0.0013400418024435313
PRKAR2A,-3.29972,-0.2180272,0.0009678134578903914,0.0013619219370223073
PRKX,-3.2981741,-0.16736978,0.0009731573693735176,0.0013691332602029133
SMG7,3.297572,0.24533124,0.0009752466326185306,0.001371763406394467
SP140L,-3.2961137,-0.14947568,0.000980323183946858,0.0013785932832384724
NR2C2,3.291849,0.33453792,0.0009953104273448924,0.001399353993480395
HTT,3.2887444,0.37848073,0.0010063538659376532,0.0014145618192155165
LIX1L,-3.2871974,-0.16555831,0.0010118985686486423,0.0014220353449529784
PCIF1,3.284891,0.17362095,0.001020218405656594,0.001433404563192887
DTYMK,3.2832704,0.34545532,0.0010261019177647095,0.0014413464030541417
IRF2BPL,3.2819567,0.33366475,0.0010308945194737913,0.0014477526318712717
NUDT3,3.2805228,0.2422089,0.0010361485572065116,0.0014548038572611561
DCAF10,3.2789834,0.30051288,0.0010418177811018687,0.0014624347215152413
WDR5,3.2779846,0.43138424,0.0010455106338848079,0.0014671663629575692
G6PD,3.2779448,0.29423207,0.001045658705725888,0.0014671663629575692
CDK17,3.2764509,0.102285065,0.0010512060617475264,0.0014746183482504636
HEATR5B,-3.2756128,-0.45977786,0.0010543295191592697,0.0014786675346231467
SUGP1,3.2732537,0.3963142,0.0010631698057784712,0.0014907307926001884
TBC1D10A,-3.26881,-0.18602817,0.0010800082049423354,0.0015140007203605379
MED17,3.2676349,0.2386817,0.0010845015089380552,0.0015199582118307663
NMT2,-3.2674003,-0.39378548,0.0010854009821664268,0.001520877307970514
TAPBPL,3.266856,0.25323248,0.0010874899778766647,0.0015234623910052223
FBXO42,3.2660408,0.3216135,0.00109062509070952,0.0015275114881324315
DGKE,3.2637384,0.31199905,0.001099526226550701,0.0015396327529510713
RNF41,3.2575865,0.30431715,0.001123639881628783,0.0015730454242362574
SPIN1,3.256458,0.40889347,0.0011281159592923006,0.001578957546970901
MRPL42,3.2447364,0.1837028,0.001175593810548203,0.0016450405765989539
PTCD3,3.2441986,0.2362143,0.001177816128809511,0.0016477808697377622
KRCC1,3.243157,0.1869119,0.0011821304848280206,0.001653446068088677
THOC1,3.2429287,0.28093246,0.0011830776266776423,0.0016544000600706176
AFG3L2,3.2407668,0.25915575,0.0011920869943317048,0.0016666252086971708
MBIP,3.2375333,0.27051604,0.001205678122307713,0.0016849747144626799
ANGEL2,3.237516,0.258678,0.001205751814579447,0.0016849747144626799
P4HTM,3.2356293,0.23750234,0.001213749263252067,0.0016957710212572531
MAP3K13,-3.228097,-0.5541642,0.0012461670864083413,0.0017406734078501472
TTC14,-3.2249997,-0.1332594,0.0012597278139224867,0.0017592215902193422
FNIP1,3.2180471,0.24886082,0.0012906662751931922,0.0018020242110695108
MYSM1,3.217643,0.29697302,0.001292485628560299,0.0018041480673983775
PPCS,3.2175808,0.12938805,0.0012927656076599174,0.0018041480673983775
ZNF335,3.2173433,0.32872176,0.0012938366881423452,0.0018052391617921699
IDH3B,3.216274,0.16785422,0.0012986680281811662,0.0018115751372102498
ELAC2,3.2150502,0.28533798,0.0013042168898314344,0.001818908963002901
PHACTR4,3.2109406,0.23133883,0.0013230128117599513,0.0018447102230102449
YARS2,3.208602,0.34310699,0.0013338201645701347,0.0018593637808984166
TTC32,-3.2076108,-0.42175275,0.0013384242691011688,0.0018653653111791858
HDHD2,3.2057076,0.32836655,0.0013473082507520504,0.0018773277055020197
VAT1,-3.204877,-0.4455166,0.0013512030876970263,0.0018823344799815047
DDX3X,3.204092,0.01974232,0.0013548916189878456,0.0018870516835757965
TBL3,3.202085,0.36030948,0.0013643674869728288,0.0018998254096826027
NCAPD3,3.1995335,0.3776653,0.0013765018815843197,0.0019162944998812714
ZBTB2,3.1987705,0.43082434,0.0013801502095790584,0.00192094501739137
SPON2,3.1986394,0.4442891,0.0013807772523891074,0.0019213892602364367
TRMU,3.1983676,0.4107763,0.0013820797748824293,0.0019227730439235937
EXOC4,3.1948237,0.19800173,0.0013991629670795634,0.0019461056557930811
MED1,3.1904294,0.22422895,0.0014206155257271862,0.0019755038984098417
FAM120B,3.188852,0.22675245,0.0014283895289045417,0.0019858719202257174
MTFP1,3.186654,0.1887011,0.0014392876776821543,0.0020005778165733466
CEBPD,3.1853132,0.28386647,0.0014459744827060438,0.0020094247932684077
LTV1,3.183032,0.3000724,0.0014574151171005997,0.0020248726059271687
VPS13D,-3.182102,-0.28815883,0.001462102807522889,0.0020309333678500668
EIF3D,-3.181899,-0.07362083,0.0014631283613530082,0.002031905674945288
VPS36,3.1779332,0.12961182,0.001483289696237039,0.0020594462723504694
PSMG4,-3.1765552,-0.2685122,0.001490354229962307,0.00206879465062161
CASC4,3.1730316,0.24350873,0.001508560984825916,0.002093602202868255
IBTK,3.1727784,0.18373817,0.0015098769583280298,0.0020949626716152145
ENOPH1,3.1720276,0.19645476,0.0015137864328250413,0.002099920232776413
ZNF24,3.171244,0.11751912,0.0015178764753076652,0.0021051260183100307
PRDM4,3.1682298,0.4643625,0.0015337018238637291,0.002126601440287388
ALG8,3.164956,0.3518602,0.0015510639140341447,0.002150197664923833
ZNF652,-3.1642754,-0.3003067,0.0015546954234122127,0.002154753306132716
SLC25A12,3.1613028,0.33922875,0.001570651185645073,0.002176384114034392
BMS1,3.1611607,0.22328381,0.0015714173396261417,0.002176962401022586
IPO9,3.160706,0.3538895,0.0015738728474214323,0.0021798573859189694
MRPS22,3.1606443,0.21037976,0.0015742056142183617,0.0021798573859189694
R3HCC1,3.1546257,0.29346624,0.0016070418399966768,0.0022245212299274717
TMEM87B,3.1546018,0.18569516,0.0016071729251310638,0.0022245212299274717
ABT1,3.1494968,0.15195276,0.0016355191394287069,0.0022632538689965763
ZNF12,3.1492686,0.42849308,0.001636796826697359,0.0022645198393744666
SLC35E3,3.148717,0.4526726,0.0016398897625132085,0.0022682961010294625
SEH1L,3.143569,0.40073046,0.0016690109597186443,0.002308065012099282
STX4,3.1421278,0.18814084,0.0016772482682341568,0.0023189424993463386
KPNA3,3.140949,0.18789269,0.0016840141218436352,0.0023277812036381234
AEN,3.1405666,0.37950638,0.0016862141927230037,0.0023303061950363745
CDC27,3.1347196,0.20509556,0.0017201850546278011,0.0023767267934319478
TECPR1,-3.1324031,-0.37818015,0.0017338158096969617,0.002395029762797419
TAF1B,3.1321461,0.35845727,0.0017353350146655268,0.002396597881506429
CPSF7,3.1317647,0.17233707,0.0017375906901462887,0.0023991821896466787
ZNF430,3.1193972,0.1805963,0.0018122153846493886,0.002501666935544533
HS2ST1,3.1169412,0.3965749,0.0018273802522427013,0.0025220433777635334
HACD4,-3.1147194,-0.16677283,0.0018412003616664937,0.0025405552635774016
PRMT3,3.1084232,0.33726948,0.0018808856572561856,0.002594740801709959
MFSD1,3.1063557,0.24243224,0.0018940877402429024,0.0026123760412941335
PIGF,3.105919,0.2951237,0.0018968871215824309,0.0026156589760927863
SIDT1,-3.1035454,-0.31201303,0.001912168961795941,0.0026361489928359767
FCHO1,3.0979269,0.35013974,0.0019487945156241608,0.0026860482712037074
RDH14,-3.0963826,-0.33503497,0.001958973427754361,0.0026994818199635607
P2RX4,3.0954988,0.34759802,0.001964821448770915,0.0027069427509446536
VPS13C,3.0954041,0.08089876,0.0019654489222120423,0.0027072096057217734
DMAP1,3.09511,0.23821686,0.0019673989474357527,0.0027090273417647278
TGFBR2,-3.0950742,-0.06734353,0.0019676367473513076,0.0027090273417647278
EIF2D,-3.0949056,-0.29719454,0.0019687559626960444,0.0027099704374031787
FEZ2,3.092146,0.34416786,0.0019871516409260986,0.00273468873010359
CBX6,3.090549,0.43331102,0.0019978690488801267,0.002748831731494901
RNF40,3.0874064,0.32560912,0.0020191129005579884,0.00277744844883897
DGCR2,3.0869951,0.31810403,0.002021909544752543,0.0027806825625387
ANKRD13C,3.0843582,0.23723707,0.002039918168227342,0.0028048313037908885
LRRC47,3.0817068,0.271154,0.0020581743246572168,0.0028293096828602843
RABGAP1,3.073809,0.32026184,0.002113448066741385,0.0029046530245613266
TMEM185B,3.0725672,0.42979166,0.0021222606769857565,0.002916122607896985
PHF8,3.0699453,0.40217286,0.0021409796961297956,0.002941196188321826
CCAR2,3.0687835,0.23284693,0.00214932347651122,0.0029513863033841015
MAP3K3,3.0687807,0.41930664,0.0021493431739914664,0.0029513863033841015
WDR60,3.065845,0.4181385,0.0021705579855592124,0.002979861941899482
CYSTM1,-3.064808,-0.43431634,0.0021780982813270648,0.002989556053169609
LIPA,-3.0625947,-0.2322427,0.0021942702226647936,0.0030110906903366265
METTL21A,-3.0595024,-0.43599924,0.0022170496023186524,0.003041680933847155
C12orf45,3.0565217,0.31288067,0.002239213796372444,0.003071413912782511
COA5,3.0543077,0.21258396,0.002255805415159582,0.0030934918910153707
BRD8,3.0531683,0.26799124,0.002264389574957187,0.003104581576737215
RABGEF1,3.0513873,0.29280716,0.002277865529360789,0.0031223717919483165
TMBIM4,3.0482974,0.08588676,0.0023014204003245133,0.0031539667805062115
RRP1,3.047874,0.36908713,0.002304665266276043,0.003157720291290622
DNAJC4,3.0421069,0.15261687,0.002349285241906863,0.0032177490609995685
CIZ1,3.0420783,0.30848876,0.002349508487578118,0.0032177490609995685
UBAP2L,3.0416715,0.19788063,0.002352685347939832,0.0032213929917710602
GOLGA8A,3.0406125,0.36641347,0.0023609743018894714,0.003232033476221143
RBM12,3.0393338,0.34944966,0.002371019134181748,0.003245072459743046
GTF2F1,3.0391333,0.10541808,0.002372597819172376,0.003245962010540928
SS18L2,3.0391192,0.09906563,0.0023727092921146794,0.003245962010540928
LMTK2,3.036561,0.3570661,0.0023929359660084712,0.0032729154862719415
NAA20,3.0331304,0.14361744,0.0024203102146432127,0.003309631036281396
BTBD7,3.0317976,0.35739082,0.002431021386705187,0.0033235497205754815
MRPS24,3.029838,0.10210128,0.0024468488851287647,0.0033444555173212046
MSH6,3.0252528,0.3517232,0.0024842528668513903,0.0033948373422420684
AK6,3.024121,0.23367906,0.0024935673645007524,0.003406820035431085
GTPBP8,3.0229065,0.2704063,0.0025035956983364247,0.003419772543952205
GNL3,-3.0212193,-0.18392488,0.002517590522672826,0.003438136203938973
FEM1B,3.0199769,0.318915,0.002527940976393289,0.0034515159994903777
TSFM,3.017448,0.31280753,0.0025491275173847284,0.00347968172265925
NBEAL1,-3.0145733,-0.17295977,0.002573410162097391,0.0035120605339273602
CCDC97,3.011078,0.26140112,0.002603220996156872,0.0035519681322726364
MTA2,3.0107636,0.1921883,0.0026059164018094935,0.0035548686915176063
CXXC1,3.0106459,0.22353178,0.002606928017390286,0.0035554715377038404
OSTF1,3.0104976,0.090732284,0.0026082000963621936,0.003556429277123979
SPNS1,3.0104165,0.2827518,0.0026088969601076053,0.0035566024307626836
ZNF600,3.0093458,0.2761053,0.0026181092777985914,0.0035683817433371937
GPR18,3.0084603,0.37956023,0.002625751463834887,0.003578016350609941
SURF1,3.0074291,0.13141419,0.002634675652760527,0.003588951623624859
RHOF,3.0074003,0.10191116,0.002634926508484074,0.003588951623624859
TOP2B,3.0060625,0.26618773,0.002646545228625369,0.003603990567717854
SLC2A4RG,3.00583,0.17031467,0.002648569389204347,0.003605960200267088
BAZ2A,3.0033896,0.13653058,0.0026699047915530417,0.0036342150063429736
PRPF4,3.0019352,0.25672168,0.00268269132807924,0.0036508235016446877
SF3A3,3.0006998,0.12832507,0.002693600187218037,0.003664870017097835
KATNA1,2.9984138,0.23148082,0.0027138892335704834,0.0036916701627535717
NAPRT,2.99796,0.32558435,0.002717933482431222,0.0036959303620134575
HAUS2,2.9979296,0.26591104,0.002718205473744876,0.0036959303620134575
ZNF266,2.984716,0.33593756,0.0028384178037074996,0.003858541823772273
PPP3CA,-2.9842432,-0.19722803,0.0028428073298595756,0.003863667366213766
ATG4D,2.9800446,0.3514085,0.0028820645234864752,0.003916169103217743
KATNBL1,2.9781523,0.19869827,0.002899918968904106,0.00393957211252297
PCMTD1,2.9748645,0.12416915,0.002931179438242327,0.00398117320436787
LARS,-2.9746585,-0.139075,0.002933149809847795,0.003982982585565728
DEF8,2.9741886,0.39614874,0.0029376442287765057,0.003987942840328414
TBCA,-2.974143,-0.06489295,0.0029380806248726237,0.003987942840328414
HMG20A,2.9726763,0.3028628,0.0029521571916587253,0.004006178089398153
AKT3,-2.9703794,-0.31412628,0.002974322407415925,0.004035379596670171
OXR1,-2.9696503,-0.23410949,0.0029813889723213738,0.004044087932244663
WARS2,2.9664059,0.3339385,0.0030130259691141525,0.004086113662155894
STRIP1,2.9654424,0.2983792,0.0030224781408266944,0.004098041728633369
EXOSC10,2.9630654,0.18584812,0.003045919591345875,0.004128927925627629
HERC4,2.9569647,0.18523164,0.0031068359544975544,0.00420967503083353
UBIAD1,-2.9570067,-0.30808613,0.0031064136715926293,0.00420967503083353
PEX13,2.9547527,0.37375003,0.0031291975721312337,0.004239054058535062
EXOG,2.9545534,0.2978914,0.0031312206062388812,0.004240874089309214
VCPKMT,2.951019,0.20698614,0.003167274232096504,0.004288773808312927
ALG6,2.9456072,0.3766149,0.0032232148977901307,0.00436357574340742
ANAPC1,2.9444551,0.35608792,0.003235238737264666,0.004378903699689608
MYD88,2.94335,0.23679401,0.003246809878843412,0.004393612414107054
ERI3,2.9428935,0.26366335,0.0032516024887842185,0.004399143969759876
ZNF384,2.9382646,0.29919112,0.0033005515866929044,0.004464400184774689
ARL2,-2.9351144,-0.23028132,0.0033342479436819033,0.004509001390361594
BFAR,2.9323123,0.16284984,0.003364482889879651,0.0045489033179677
MRPS9,2.9267302,0.23637752,0.0034254603228719344,0.004630343919221083
FAM126B,2.9248667,0.31237236,0.0034460389361188697,0.004657152230471604
CCDC69,2.9236584,0.15406577,0.0034594431528458046,0.004674255188766111
MKNK1,2.9230871,0.32809377,0.003465795888971027,0.004681825139192247
KCTD13,2.922917,0.33535585,0.003467690643908566,0.004683370982175581
C20orf27,-2.922249,-0.26320088,0.0034751338524526675,0.0046924081291988525
MAP7D3,2.9215863,0.36968985,0.0034825369684890134,0.004701387242124147
LPP,2.9197,0.19091937,0.003503684943724046,0.004728913869762493
STT3A,2.9195757,0.21912584,0.003505083575206486,0.004729778722781337
PSMG3,2.917595,0.27398044,0.0035274236762689744,0.004758895625506846
INTS12,2.9165483,0.28500995,0.003539280450287052,0.004773859799058027
EIF2AK4,2.9133008,0.26616153,0.0035762992353229293,0.0048227492497083845
NDUFV3,2.9119756,0.19657254,0.003591507419877269,0.004842211667196811
PPP1R21,2.910731,0.23101595,0.00360584149234347,0.004860487419808984
RSRC1,2.9073973,0.16969205,0.0036444997412846984,0.004911535928602419
KLHL11,2.9069982,0.3743692,0.003649153513353622,0.004916745914689109
TRIM14,2.9052575,0.203101,0.003669509952910901,0.004942323654981962
MED23,2.9052396,0.27719712,0.0036697208487720574,0.004942323654981962
MYCBP,2.903625,0.21886903,0.0036886960519060276,0.00496680734842406
PLRG1,2.8994186,0.21026091,0.003738554871923553,0.005032856116409598
CD2AP,-2.897968,-0.22901739,0.0037558890106399157,0.005055100995342616
ZNF277,-2.8965967,-0.23722209,0.0037723449374868425,0.005076154539641092
A1BG,-2.8867226,-0.2178819,0.0038927718952165413,0.005237074670844242
FBXO22,2.8864489,0.3148731,0.00389616053499327,0.0052405038575200425
MKRN2,2.8846946,0.3052395,0.003917934939737087,0.005268655884270451
PRDX4,2.8840582,0.21907082,0.003925861028316259,0.005278177224843122
MXI1,-2.8819714,-0.22816022,0.0039519556626827455,0.005312116151368299
GBA,2.8805294,0.36014256,0.003970079060796819,0.005335328040144906
DAD1,2.8787751,0.05975827,0.003992229267020614,0.005363940334870969
EIF2B4,2.8779936,0.3135352,0.0040021318007252595,0.005376087939803346
GPR89B,2.87635,0.2563967,0.004023032982030006,0.005403001687292719
AKAP17A,2.8753867,0.16523944,0.004035328617822588,0.005418348946607309
NELL2,2.873974,0.30567524,0.004053421371295341,0.005441471881749671
LGALS3BP,-2.8738909,-0.13470419,0.004054489212802047,0.005441734876795177
DHRS1,-2.8710315,-0.44276017,0.00409134772032726,0.005490023892187149
NME6,2.8707952,0.29461563,0.00409440625967203,0.00549294700486095
INTS6,2.8700209,0.036656763,0.004104448333896515,0.0055052357730170105
IRF2BP2,-2.8698955,-0.13862883,0.004106074226121779,0.0055062331854804514
PRPS1,2.8692539,0.13605583,0.004114413566593114,0.005516230949324946
PSMD9,2.869036,0.12743329,0.004117248669107998,0.005518846422659582
PHF23,2.8656194,0.33410752,0.0041619427331839745,0.005577557354047924
SLC35B3,2.8648555,0.30971476,0.0041719962388334095,0.005589830082988258
RCE1,2.8620543,0.23904802,0.004209048057799626,0.005638263345938499
GPATCH3,2.8610916,0.3249534,0.004221848890383439,0.005654197194180911
TFB2M,2.8601792,0.35542983,0.004234016816116567,0.0056692767537832
HPS5,2.8600705,0.31540686,0.0042354675356269245,0.005670002764875083
GANAB,2.847041,0.24323098,0.004412768469811242,0.005906087930536556
SH2B1,-2.8460937,-0.290334,0.00442591601909124,0.005922414638753951
PLOD3,2.8451624,0.37271246,0.004438879500671609,0.00593848809511072
MCM7,2.8442338,0.4248716,0.004451837357549011,0.0059545471385476605
NIPSNAP1,2.841603,0.21941623,0.004488732898452232,0.006002610246248207
PATL1,2.8414743,0.24883382,0.004490548443509119,0.006003751678650473
TNFRSF10A,-2.8395782,-0.21752389,0.004517322369935512,0.006038254210916155
CRYL1,2.8368697,0.25690213,0.004555819070990033,0.006088408313072548
TBL1X,2.8354185,0.33341202,0.004576568046211623,0.006114827911883266
SREK1IP1,2.8350894,0.15295985,0.004581286114778751,0.00611982162721194
DDX50,2.8340464,0.14111395,0.004596266445863087,0.006138518914751022
METTL15,2.829493,0.28049624,0.0046621824433361525,0.00622522050253764
MFSD14A,2.8280075,0.15229651,0.004683871789914744,0.006252843602322549
KLF12,-2.821353,-0.17240983,0.004782155236657156,0.006382684095803531
HSPBP1,2.819948,0.250774,0.00480314340348514,0.006409326059685859
TGIF2,2.818016,0.18258962,0.0048321390300640555,0.006446639522580113
MAP7D1,2.817718,0.14244524,0.0048366273476301005,0.006451248402769706
LRRC40,2.8169787,0.34716737,0.004847775953776811,0.006464737121265188
ATG16L1,2.8156633,0.3928955,0.0048676656710859864,0.006489874269012528
HEATR1,2.8144467,0.23233601,0.004886127996255394,0.006513097997571532
PHRF1,2.8117955,0.2898179,0.004926583626417112,0.0065656221252336526
CHERP,2.8099647,0.27404281,0.004954693214495161,0.00660167385816915
MICU2,2.8093204,0.15989894,0.004964620583544406,0.0066134892341303386
HIST3H2A,2.8080852,0.324727,0.004983704582286067,0.006637494728563241
TMEM115,2.8058243,0.26264325,0.005018805569555358,0.006682817486578833
CHMP3,-2.8017075,-0.14063679,0.005083295415002661,0.006767245453291726
STX10,2.799988,0.17943962,0.005110450522643308,0.006801945342677945
CMTR1,2.7980695,0.3736548,0.005140906432072843,0.006841022823574972
ZFPL1,2.7947428,0.24463682,0.005194102300261235,0.0069088645472997375
TMEM65,-2.7948105,-0.3056261,0.005193012186839038,0.0069088645472997375
RBM4B,2.7940161,0.3610897,0.005205788482032448,0.006922933287100897
DPM1,2.7936728,0.21974003,0.005211318396613628,0.006928810846456253
ABCD4,2.792461,0.30928856,0.005230877348991192,0.006952229458060397
THUMPD1,-2.7924435,-0.11450998,0.0052311599960025035,0.006952229458060397
DPP8,2.7917254,0.23750773,0.005242781566420561,0.006966191133921805
ZNF302,-2.7911906,-0.2531024,0.005251451873665558,0.006976226297051245
VAMP4,2.78775,0.21422565,0.005307546653971137,0.007049244236525614
FAM172A,2.7826796,0.18843697,0.005391202115874399,0.007158828171313218
KDM6B,-2.7778106,-0.17561795,0.005472650035558546,0.007265434773861068
PPIL4,2.7760727,0.10193325,0.005501988092209384,0.007302830217668815
MED25,2.775418,0.3241837,0.00551307952399281,0.007315996025779104
MON2,2.7752392,0.16325268,0.005516109713930417,0.007318461038401304
CBWD1,2.7744048,0.22240554,0.005530281226902325,0.007335703536046208
MPHOSPH10,2.7727222,0.17118204,0.005558954544750179,0.007372170699911998
BPGM,2.772449,0.35844368,0.0055636245209423,0.0073767963958361795
DEGS1,-2.7711036,-0.11164617,0.005586662546397029,0.007405769106215774
JADE1,-2.7677858,-0.1983603,0.005643855210125671,0.007479995830621005
SNRPF,2.767449,0.076878205,0.00564968965226349,0.0074861386666192015
TRMT1,-2.7650716,-0.21493356,0.0056910301954696645,0.007539316376549815
SNRPA,-2.7628765,-0.09384606,0.005729445452077748,0.007588597000512993
MZT2B,-2.7611089,-0.045111924,0.005760546172456856,0.007628170732506522
MTIF3,2.7557085,0.12475318,0.005856519275634846,0.007753614085540321
WDR46,2.755522,0.22974372,0.005859857296111845,0.007756387992584098
PUM3,2.7551267,0.17418604,0.005866940327402778,0.007764116747947569
AIDA,-2.7538373,-0.23580272,0.005890102579851947,0.007793116430115752
SPAG7,2.7528627,0.13171509,0.005907666088259284,0.007814697765329842
ZNF101,-2.7523673,-0.18908276,0.005916613950201602,0.00782487553786993
PGRMC1,2.7484312,0.27250707,0.005988121410395474,0.00791776816149961
UBP1,2.7463214,0.36977103,0.006026770366520712,0.00796718361733865
PNPT1,2.7451832,0.26396,0.006047712812961079,0.007993175702179181
MALSU1,2.7436564,0.17122482,0.006075910851426964,0.008028744362429745
TM9SF4,2.7434502,0.28123373,0.006079727936948919,0.00803208764913171
ACAA1,2.7408283,0.14166582,0.0061284524972488544,0.008094745404302666
RWDD1,-2.7393038,-0.06687213,0.006156946698323183,0.008130661096960428
NUP93,2.7364047,0.3699763,0.00621146013314732,0.008200914468155792
AQR,2.736133,0.23296285,0.006216586416331795,0.008205946663351678
GLUL,2.7343996,0.34855658,0.0062494164789376515,0.008247538220564577
SPNS3,-2.7325432,-0.38804504,0.006284742401015731,0.00829240535406748
MCM3AP,2.7323363,0.23092717,0.006288693498858677,0.008295864748758614
ADA,2.7302458,0.23415273,0.006328710945840803,0.0083468903239629
CREBBP,2.7269282,0.17445825,0.0063926939163633815,0.0084294956120904
STIM2,2.7254028,0.17416906,0.006422309478271767,0.008466758228536988
ARL16,2.7248619,0.19152123,0.006432840899469809,0.008478851120082594
GGNBP2,2.7220647,0.08068294,0.006487545541072082,0.008549149434508206
CFDP1,2.7212613,0.13575122,0.006503333688701215,0.008568145567064447
SLC7A1,2.714772,0.31473532,0.006632143292596526,0.008736008081277948
KIAA0040,-2.7101398,-0.14490467,0.006725483993865656,0.008857089176137489
MRPL40,2.7094407,0.18116866,0.0067396742482326525,0.00887390442683966
NAF1,2.7065136,0.13620709,0.006799379238056238,0.008950627678698373
BID,-2.705116,-0.2370505,0.006828055688126954,0.008986481558329887
BRD9,2.697296,0.20091152,0.0069905131400910805,0.009198353891483962
GXYLT1,2.6960733,0.32425532,0.007016224148659584,0.009230239230983235
TMEM243,-2.6904976,-0.02732937,0.007134551542944403,0.009383927540467022
RBM7,2.6895866,0.14347832,0.007154055047750393,0.009407597461654068
DTNB,2.6893785,0.34560308,0.0071585194221825505,0.00941148508823284
TIMM9,-2.6886644,-0.26843366,0.007173850788798294,0.009429655175419157
SKIL,2.6885245,-0.017551567,0.007176857392341163,0.009431620759233775
DNAJC9,2.6876976,0.16209655,0.00719464942580287,0.009453012013986467
DNAJA3,-2.682995,-0.30902278,0.007296608923198511,0.009584958175054075
RYK,2.6818588,0.31769013,0.007321435325965838,0.009615546689678619
KLHDC3,2.6784587,0.2082632,0.007396183839619625,0.009711673331173171
POLR1D,-2.677283,-0.06465652,0.007422188304335417,0.009743768869869024
MTX1,2.674724,0.18141271,0.0074790745215371655,0.00981638361491345
ZNF83,-2.6733568,-0.29714474,0.007509631029399595,0.00985441700052205
RNF25,2.67241,0.35443118,0.007530858337093358,0.009880194845869172
SEC16A,2.6717007,0.30859026,0.007546792321369144,0.009899018679626908
VPS53,2.671071,0.2974601,0.0075609648909084805,0.009915524665719651
ZFAND2B,-2.6701343,-0.15455443,0.007582090131445796,0.00994113960301538
HSD17B12,2.6689112,0.16597193,0.007609756302335208,0.009975318017826935
CRELD1,2.6688378,0.2717728,0.007611421800370576,0.009975406017663328
MRPS26,2.667616,0.13551044,0.007639156106355562,0.010009652164552817
GSTM1,2.6669276,0.3438116,0.007654817536935492,0.010028068062135685
ZBTB44,-2.6650772,-0.26463515,0.007697064734828493,0.010081297168953752
IPO8,2.6627462,0.29143903,0.007750584198994307,0.010149264789325109
N4BP2L2,-2.6625817,-0.05407847,0.007754376417721506,0.01015210052926367
HDAC2,2.661722,0.12638679,0.007774205846839703,0.010175926738701047
CRLS1,2.6580017,0.21909074,0.0078605510050539,0.010286789436473348
WDR26,2.6559527,0.27184692,0.007908470340508976,0.010347329852225685
SPTLC2,2.6546042,0.29352733,0.007940153954516884,0.01038660675542651
WDR37,-2.6541843,-0.23804292,0.00795003767866266,0.010397356486281154
ZBTB25,-2.6535268,-0.14272678,0.00796554506264218,0.010415455004389241
ARAP1,2.6533961,0.35353094,0.00796862770852363,0.010417303210912436
ZBTB43,2.6510255,0.21385701,0.008024775710627593,0.010488507897387814
PTRH2,2.6498046,0.3253629,0.008053831250767972,0.010524279907044161
TBC1D9B,2.6487298,0.30702662,0.008079491170749485,0.010555600669174698
LATS1,2.643826,0.19278093,0.008197477881032535,0.010707505118359995
SLC9A8,2.6423476,0.362718,0.008233350608592134,0.010752111560624295
RNPEPL1,-2.6412675,-0.15326974,0.008259648097461504,0.01078419744273164
ATG2B,2.6409516,0.3328726,0.008267352985932097,0.010791999578582349
POLR2M,2.6383667,0.1878168,0.008330641707721187,0.0108723410493283
SEC31A,2.6375792,0.1302916,0.008350012783898504,0.01089534388131101
TOR1B,2.6335666,0.36399496,0.008449324619403164,0.01102262436239447
ECI2,-2.6329482,-0.21549717,0.008464729551018804,0.01104041319287531
MALT1,2.6315928,0.11006875,0.008498564295192537,0.011082227280881032
PRPF18,2.6309142,0.20221113,0.008515550194395698,0.011102057397790589
CNOT3,2.6290636,0.29890287,0.008562031982311936,0.011160326149041102
SLC30A5,2.627286,0.19769827,0.008606897945174696,0.01121646483103681
PBXIP1,2.623716,0.07660848,0.008697623321161925,0.011332331346006592
CEP250,2.6233637,0.36631635,0.00870662481396,0.011341691810462191
FBXL15,2.6224394,0.23273028,0.00873028242957905,0.011370136194282732
STK40,2.6168582,0.33251292,0.008874320890957828,0.011555317479755436
UXS1,2.6157598,0.16009264,0.00890291218940795,0.01159012827995307
SYS1,2.6149879,0.10806475,0.008923065593333075,0.011613942099685448
CTC1,-2.6129591,-0.30255356,0.008976205979235366,0.011680671709009157
PTBP3,2.6121955,0.08626768,0.008996282444742498,0.011704356626566173
ANKFY1,2.6119978,0.3426394,0.009001481672241986,0.011708680099304343
POLR3C,2.6117249,0.24075694,0.009008670091441875,0.01171558867278365
SSBP1,-2.60774,-0.06612028,0.00911421822015954,0.011850382481669934
ULK3,-2.601482,-0.25643343,0.009282193080840988,0.012066270988862446
ACSF3,2.5998392,0.2811315,0.009326744048770277,0.012121659643560038
FNBP4,2.5974302,0.07203922,0.00939241960391406,0.012204474442645774
DDX10,2.5926266,0.29680488,0.009524611854289473,0.012373668314450583
ERCC5,-2.5914702,-0.1383277,0.009556677572539654,0.012412741879338185
CARD19,2.5873146,0.2580286,0.009672725341995024,0.012560857024425914
PHC1,2.5855863,0.34021375,0.009721356116845267,0.012621382052263638
NCAPH2,2.5850732,0.33080247,0.009735830771520246,0.012637545724845644
ZNF92,2.5849588,0.20276228,0.009739060677338186,0.01263910952116191
PRKAG2,2.584752,0.2769983,0.009744904295211833,0.012644063972228076
ATP6V0E2,2.5818837,0.11548628,0.009826267710959414,0.012746983326563648
PHLDB3,-2.5784764,-0.3985289,0.009923707147923629,0.01287070995639887
CCDC93,2.576593,0.17869288,0.009977940980422,0.012938360618909973
WDTC1,2.5754807,0.31516415,0.010010084041546234,0.012977344101223524
CORO2A,2.5746436,0.32473692,0.010034338582225421,0.013006086623399553
CEP104,2.5738418,0.27233845,0.010057626668639606,0.013033564792146965
GTPBP6,2.5629437,0.146963,0.010378886167809397,0.013447089178596315
ASCC2,2.5620992,0.19054417,0.01040415663689336,0.013477032289508398
AHCTF1,2.561457,0.1763038,0.010423419371761703,0.013499182465068435
EPS15L1,2.5598247,0.27867028,0.010472499506645173,0.013559931415139528
TRIM23,2.5570173,0.3672105,0.01055739260757286,0.013667016648799464
EXOSC6,2.5561051,0.19020623,0.010585109684184744,0.013700055897759642
PBX2,2.5550354,0.29932678,0.010617701309782929,0.013739389150809717
PRPF19,2.5513813,0.13300735,0.010729686437956472,0.013881420617596672
PPP2R2B,-2.550944,-0.43171853,0.010743156646691048,0.013895966970362453
BRCC3,2.550684,0.23877397,0.01075117712400227,0.013903459683153369
SMG6,2.5499141,0.25773555,0.010774945040231639,0.013931309715368894
SLC8B1,-2.548882,-0.33924627,0.010806888816469467,0.013969716881438679
HSPA13,2.5454712,0.20600976,0.010913036345286857,0.014104009076607017
EXOSC7,2.5446033,0.20909199,0.010940190971184486,0.014136176366700285
ANAPC7,2.542465,0.31543154,0.011007363197273624,0.014220027678365698
TRIM52,-2.542155,-0.26804197,0.011017130781175109,0.01422970058056992
PHC3,2.5383053,0.1319732,0.011139077094468144,0.014384229287518247
ECHDC2,2.5375495,0.16720046,0.011163156719436927,0.014412341970625953
PGS1,2.5364537,0.25105783,0.011198157733384251,0.014454540313143973
ZNF506,-2.535858,-0.17722127,0.011217221313408013,0.014476153477456453
RPIA,2.5317225,0.1347003,0.011350373578515281,0.01464496206398881
RXRB,2.5315459,0.2507296,0.011356097185051978,0.014649318423296693
SDHA,2.5309222,0.09766635,0.011376305054236723,0.014672353759762634
MPHOSPH6,2.528408,0.19627962,0.01145811056510102,0.014772581451778706
GDI1,2.5283885,0.08172873,0.01145875129114897,0.014772581451778706
KLHDC2,-2.5278006,-0.12037584,0.011477950686139278,0.014794277206153497
MTMR14,2.5272763,0.14081202,0.011495100528623431,0.014813322816258277
TMEM109,-2.5204418,-0.09958129,0.011720760997400175,0.015101005240457162
COQ6,2.5163696,0.30728322,0.011857077530526098,0.015273482119301006
DUSP12,2.5108578,0.205493,0.012043823019502027,0.015510833566799866
OSBPL9,2.5091205,0.1317521,0.012103218967314946,0.0155841117340649
HDAC4,2.5076053,0.38134682,0.012155233895775755,0.015647857826637065
GNAI3,2.5071263,0.08654645,0.012171720160591365,0.01566584976742642
XPO1,2.5068464,0.14128754,0.012181365651087484,0.01567503155225505
MBTPS1,2.5067012,0.17758693,0.012186365917766425,0.01567823329061642
NCOA3,2.506314,0.13187003,0.012199724844272212,0.0156903182284103
HPGD,2.506283,0.3788272,0.012200787431897963,0.0156903182284103
TRIM56,2.5046768,0.18350892,0.012256334640182531,0.0157585052512112
MRPL9,2.5042896,0.12648228,0.012269757117456455,0.01577251373224423
PYURF,2.5033603,0.089291245,0.012302021575212884,0.01581073242399168
DAP3,2.5031588,0.08483255,0.012309033167752488,0.015816486720185974
NEDD1,2.5027266,0.23471868,0.012324070140756024,0.01583254873372959
DNAJC13,2.5024378,0.3279673,0.012334130735955469,0.015842212373553835
IFIT5,2.5014086,0.39959952,0.012370033607571293,0.015885057560669224
SUPV3L1,2.500724,0.20260344,0.012393969153047923,0.015912520362923694
SENP2,2.498699,0.27209407,0.012465019075131284,0.016000449207711712
GINM1,2.4891896,0.16539147,0.012803468703698194,0.016431513094752298
FOXN3,2.4885962,0.13040282,0.012824852461846852,0.016455572412497163
THOC5,2.486333,0.29193664,0.012906717035533246,0.0165572088425001
UBAC2,-2.483829,-0.09324291,0.012997821230792673,0.016670653987130513
RNF24,2.482351,0.29098243,0.013051859508295073,0.01673308446821478
RPF1,2.482351,0.17079605,0.013051859508295073,0.01673308446821478
STRN,2.4815736,0.228087,0.013080370758060601,0.016766193037801646
GTF2H3,2.481475,0.24008858,0.01308398280117187,0.016767379191399104
SLC30A7,2.4782295,0.15975524,0.013203613800268297,0.016917214889647803
PPIP5K2,2.475753,0.17064552,0.013295550117875674,0.017031512373904368
DSE,-2.4713626,-0.355916,0.013459922837436656,0.017238534460997778
NFX1,2.4711595,0.15783837,0.013467570790805721,0.017244790583795345
MED29,2.4691894,0.08620765,0.013541948432447121,0.0173364718291082
SETD2,2.4687653,0.09195319,0.013558013541925198,0.01735011455784192
E4F1,2.4687612,0.30755392,0.013558165149590615,0.01735011455784192
ASB6,2.4628313,0.34253612,0.013784480927472762,0.01763611018211511
HIST2H2AC,-2.4627192,-0.31034365,0.01378878746600822,0.017638004217125906
ZBTB20,-2.4610605,-0.08940178,0.013852702003796093,0.017716129755264636
MED30,2.460106,0.100442655,0.013889605792964967,0.017759686489222364
EZH1,-2.459245,-0.27880016,0.013922954326358667,0.017798680448751422
ADGRE5,-2.4534605,-0.064215675,0.014148908164819896,0.018083828764415517
MAP3K11,2.4486089,0.2226062,0.014340906587391053,0.018325470518408594
PRR14,2.4452705,0.2307895,0.014474352072360008,0.018492207018136912
DYRK2,-2.4427664,-0.20430994,0.01457517059818626,0.018617200103004595
OSTC,2.441913,0.07778069,0.014609670356313914,0.018657448883518547
GPR155,-2.4410424,-0.24654807,0.014644932206012628,0.01869865423439542
CHD7,-2.4382217,-0.2150251,0.014759723364866518,0.018841365007185914
JADE2,2.4358573,0.1436237,0.0148565415364631,0.01895860837272952
UGGT1,2.4358306,0.34653148,0.014857643574911083,0.01895860837272952
ZDHHC7,2.434128,0.28581566,0.01492771249562818,0.01904412381136866
PEX16,2.4313812,0.14271732,0.015041375249652178,0.019185208038642806
SLC20A2,2.430544,0.344923,0.015076183015945713,0.01922567597109056
ATP6V1G1,-2.4295669,-0.036032747,0.015116877043396594,0.019273632201805543
RUBCN,2.4263775,0.24175125,0.015250395877310408,0.01943989392775618
DDX17,2.4232137,0.047513425,0.015383874404285047,0.019606036380874613
ZMYND11,2.4204,0.20227031,0.015503451437244423,0.01975439779906951
PDCD4,2.4200878,0.049784306,0.015516756976655924,0.019767315838193432
CCDC22,2.4197958,0.31321257,0.015529228915348593,0.019779166869528686
GABPA,2.418553,0.2555409,0.0155823746190513,0.019840562922666435
HYI,2.41852,0.32623005,0.015583790970503263,0.019840562922666435
DDX1,2.4183059,0.21701081,0.01559296120287458,0.019848189040819957
EIF2B3,2.4139037,0.280391,0.015782632356220534,0.020085523763289634
NIFK,-2.4128096,-0.123809196,0.01583008478135131,0.02014180614075709
ZNF184,2.408164,0.31197143,0.016032976623196787,0.020395802508228932
ZNF75A,-2.4048421,-0.29301834,0.016179450948415386,0.020577940364593525
OGFOD1,2.4045818,0.2219824,0.016190986810788205,0.020588416602715806
GPR65,2.4012568,0.09189982,0.016338869451296107,0.02077223146171094
RBMX2,2.400828,0.15877914,0.016358024023926013,0.020792347847927137
UBE2O,2.400042,0.3473639,0.016393190728287224,0.020832804588727463
ADSL,2.3926253,0.09502721,0.016728314557615732,0.021254358948306146
PIP4K2C,2.3905609,0.36034787,0.016822657895372486,0.02136987745268058
ORC5,2.3898618,0.292147,0.016854709952156714,0.02140623622535817
CEP135,2.3888493,0.1983839,0.016901230749075197,0.021460952411999655
PRR5,2.3882093,0.2301065,0.01693069699567895,0.021493624402943244
EXOC6,2.388141,0.22346008,0.016933848932746666,0.021493624402943244
BZW2,2.3872643,0.15014176,0.016974285526354816,0.021540568517686137
SEC24C,2.385751,0.25620434,0.017044284733519318,0.021625001224211033
PEX3,2.3824866,0.21950021,0.017196163706366157,0.02181326375842097
SRFBP1,2.381545,0.19274189,0.017240177703202252,0.021864651299671866
PELO,2.381461,0.30272046,0.017244121657949998,0.021865209928335214
UAP1,2.3795342,0.18421349,0.01733453616765832,0.021975389035619654
ALG2,2.378825,0.22625814,0.017367918523230143,0.022013237104687108
AKTIP,2.3737628,0.20290619,0.017607857032269945,0.022312819439268373
ATF6,2.3713055,0.1807963,0.01772537124579782,0.02245717457268051
MITD1,2.3710954,0.12634239,0.0177354472130733,0.022465379755792665
TMEM175,2.3695729,0.23576064,0.017808641104358446,0.022553516463535116
DIS3L2,2.3689835,0.26342908,0.017837054115710294,0.0225849167652968
SLC30A6,2.368541,0.348311,0.017858404167500702,0.02260583124517871
TBCD,2.368491,0.29320168,0.017860816194516297,0.02260583124517871
MFSD14C,2.3670957,0.2218625,0.01792829140120183,0.02268663151559218
SPOP,2.3655534,0.117543206,0.018003150637710734,0.022776740954784654
DNAJC27,2.3633099,0.36077487,0.018112514097049223,0.022910458143430117
PAK1IP1,2.361418,0.241874,0.018205199022987718,0.023023028794826008
RHOT1,2.3602006,0.2419833,0.018265055325123694,0.0230940458436177
CCDC85C,2.3563638,0.31143272,0.018454830773577673,0.023329268555377404
SLC25A25,2.353967,0.32953653,0.01857425825925195,0.023475485175372908
MSH3,2.3501372,0.202556,0.018766492046174324,0.02371364180201943
HCFC1,2.347258,0.20517722,0.018912155271899374,0.023892866609701215
SLC25A37,-2.3442583,-0.36979184,0.01906496192722619,0.0240810417704551
GMPPB,2.3433335,0.30143225,0.019112292957843138,0.024135940985410567
SDHAF1,2.3423507,0.23916492,0.019162691996129584,0.024194691634198812
MCCC1,2.341407,0.3111507,0.019211206180180556,0.02425103919306368
GGA1,2.3397343,0.20179972,0.01929746119434317,0.024354996018988013
RPP38,2.3392367,0.2167121,0.019323187246235232,0.02438253368454389
DTWD1,2.3377976,0.28161088,0.019397748979452557,0.02447166997791862
METTL3,2.3367262,0.30100593,0.01945342254674081,0.024536946263987346
RASSF1,2.3353553,0.14426142,0.01952486305867225,0.02462207927847515
FBXO34,2.3352108,0.1256122,0.019532416917863556,0.02462662908775484
CCDC14,2.3350403,0.2517268,0.01954130889143412,0.024632863823760925
SFMBT1,-2.334533,-0.25241527,0.01956783199917087,0.024661316540150524
TMEM238,2.332532,0.18938987,0.019672729648395917,0.02478851317093457
FTSJ1,2.3314645,0.15662365,0.01972888108679762,0.02485424845835768
YME1L1,2.3293934,0.033590697,0.019838232716663476,0.024985494452424924
CARS2,2.3293397,0.21884505,0.019841068820095807,0.024985494452424924
RAB33B,-2.3291001,-0.41497207,0.01985376427377875,0.024996437932752302
LUC7L,2.324989,0.12603071,0.020072539618347433,0.025266784945160613
WDR74,2.3245559,0.10942948,0.020095717952169592,0.025290860201550802
C12orf76,-2.3243892,-0.17056625,0.020104648456530216,0.025296998188952636
DFFA,2.3223832,0.31820172,0.020212307040477596,0.025427334859830817
THAP11,-2.3211744,-0.15346925,0.020277434689744172,0.025504125332263882
SRCAP,-2.3201697,-0.3716895,0.020331695276955608,0.02556721946876485
ZNF574,2.3154676,0.29272175,0.020587355497346624,0.02588349831968982
ELP2,2.3149405,0.113045365,0.020616194772978807,0.02591453606810891
DIP2B,2.3140092,0.20254242,0.020667224246090136,0.025973448755507157
PDCD5,-2.3100193,-0.061082255,0.020887085372084422,0.02624447348644632
RARS,2.308571,0.19088954,0.020967397976264745,0.026340082683145787
SDCCAG8,2.3038201,0.19024198,0.021232743679038525,0.02666805258621039
LARP1,2.302898,0.21220927,0.02128458354057374,0.026727783878615838
BORCS6,2.3026597,0.31436175,0.021297995365670695,0.02673924543897622
RIN3,2.3013318,0.24322622,0.021372891280238105,0.026827879018496786
PATL2,2.3011818,0.2099761,0.02138135306446161,0.026833103654796884
SOS1,-2.2996163,-0.40106177,0.021469962468335588,0.02693888937774073
NFRKB,-2.2858984,-0.29289964,0.02226020038704673,0.027924806153881133
STX2,-2.2855167,-0.36033672,0.022282547013758914,0.027947221847441594
PRAF2,2.2829592,0.27555162,0.022432764768823537,0.028129974868842212
OSTM1,2.280892,0.17056349,0.02255484709730034,0.02827738062158526
EIF4E3,2.2806628,0.16427962,0.02256841384344422,0.02828870672764318
BBX,-2.2803524,-0.07176967,0.022586795119755892,0.02830606191614388
RBM28,2.2796946,0.25928846,0.022625804162377465,0.028349255928005974
SNRNP48,-2.2796052,-0.29084077,0.022631117313266717,0.028350221427558726
VGLL4,2.2794895,0.2536862,0.022637979757823962,0.028352741120305787
ID3,-2.2794182,-0.040505163,0.02264221466809871,0.028352741120305787
SIPA1,2.278475,0.16249469,0.022698288845624276,0.028417255904822688
BCL2L13,2.2778308,0.20922627,0.02273665920789604,0.02845724337750639
RASSF7,-2.2777858,-0.13758904,0.02273934829732805,0.02845724337750639
FBXL12,2.2772326,0.2584025,0.022772332818564934,0.028492808564688003
ATF7,2.2765234,0.27756295,0.022814699682097286,0.028540096355175217
NT5DC1,-2.2743955,-0.15898098,0.022942224067745084,0.02869387182500943
NECAP1,2.2729335,0.15425836,0.02303019284459818,0.02879812333062257
PPP1CB,2.2719917,0.034289677,0.023087003994183456,0.028863379793208924
TAPBP,2.2700567,0.06223546,0.02320413709658913,0.029004009537314794
CEP192,2.2687874,0.27143282,0.023281252099321144,0.029094572357201295
MLST8,2.2674625,0.2045169,0.023361990127492398,0.02918962570283885
FAM98C,2.2663548,0.19557364,0.02342966782749649,0.02926832604311561
THAP6,2.2651417,0.2148424,0.02350399064211579,0.029355294296066568
ATAD1,2.2622201,0.15864593,0.023683810970329955,0.029573962438141106
PPIA,2.26123,0.011835463,0.023745011635623765,0.0296444524140684
FRMD8,2.2595727,0.30294725,0.023847785190171424,0.029766805474371973
METTL17,2.2548132,0.11962012,0.02414505247232324,0.030131828130327803
ABCF3,2.254099,0.18385386,0.02418994753124685,0.03018181978059008
SOAT1,2.2535005,0.15435515,0.0242276076849549,0.03022276625260914
THOC7,2.2446885,0.10192407,0.024788137253698807,0.030915820263855764
DDX19B,2.2423437,0.2558002,0.02493917101305112,0.031097975283207197
ALG13,-2.2422385,-0.17029889,0.02494596182088477,0.031100229269704724
GAMT,-2.2374742,-0.34173295,0.02525536049688516,0.03147966943500305
VAPB,2.2373042,0.21628399,0.025266456867946974,0.031487211923493824
SLC10A3,-2.2358189,-0.17721549,0.025363643286978755,0.031602015922147016
NOP14,2.2346632,0.17382513,0.025439458676021605,0.031690152015379405
MMGT1,-2.233998,-0.16268982,0.02548319322335596,0.031738297526833874
KDM7A,2.2332075,0.2499888,0.025535274081798506,0.031796816748704
CCDC115,2.2312653,0.12707369,0.02566356464059783,0.03195019088808519
CPSF1,2.2299166,0.24804308,0.02575298196997549,0.0320551177651809
TULP4,2.2279184,0.1760652,0.025885956898287033,0.03221420877411952
SUMF2,2.2250352,0.107496746,0.026078877119601353,0.03244782139223127
CEP95,2.2206802,0.14294212,0.026372630221797352,0.03280677401120934
CWC27,2.219141,0.1803464,0.026477133820621727,0.03293020968005185
SNAPC3,2.2188656,0.2752761,0.026495861441758507,0.0329469358952012
C7orf26,2.2187517,0.22270477,0.026503619488098627,0.03295001777394891
NUP214,2.2162921,0.18529758,0.02667149820221346,0.03314552375149626
SCOC,-2.2162993,-0.26069158,0.02667101385806214,0.03314552375149626
CHD3,2.2141254,0.071064316,0.026820160382599642,0.03332363546641536
KLHL24,2.2136729,0.12155331,0.026851294426874946,0.033355678447079325
VDAC3,2.2104092,0.1065772,0.027076784035665123,0.03362909635155941
ASF1A,2.2080214,0.14396437,0.02724278180778856,0.03382853188667099
NTAN1,2.2078722,0.2031317,0.027253189619972185,0.033834723775262865
EEA1,-2.2066777,-0.15250115,0.02733658454466721,0.033931508381716005
BNIP2,2.2057807,0.075694576,0.02739935408285018,0.03400265834779637
PPP1R11,2.2055285,0.08315839,0.02741702256203944,0.03401782063810897
FBXO8,2.2012203,0.28959405,0.027720440942229353,0.03438745218057113
EP400,2.1981914,0.15993091,0.027935471857898367,0.03464731316874875
RNF20,2.198011,0.24736314,0.027948334726822,0.03465637930262192
NBPF19,2.1966372,0.21493584,0.0280463630625651,0.03477102738845229
CS,2.1880398,0.12906711,0.028666706098300555,0.03553305119354395
FCHSD1,2.1851313,0.26851484,0.028879220811981472,0.035789360025332874
MRPS17,2.1829545,0.23412244,0.029039162126456183,0.03598042700639528
UIMC1,2.1826298,0.20961043,0.02906308996616862,0.0360029266532073
MRPS33,-2.1822882,-0.13898133,0.02908827440233396,0.03602697371402386
GNS,2.1806319,0.28822693,0.029210649212196526,0.03617136145502352
RFK,2.179364,0.24904642,0.02930463824809608,0.03628054895980314
SLC39A8,-2.1780467,-0.13576989,0.029402559144366305,0.03639456001983144
TMEM41A,2.177838,0.24116895,0.029418094089515113,0.03640656855297716
EXOC8,2.1730607,0.23607834,0.029775753922109693,0.036841887436139295
PIK3R5,2.1711664,0.21881266,0.029918600724280132,0.03701129576218678
SP2,2.1645684,0.23527268,0.03042075269994279,0.03762503321449523
OXA1L,-2.161421,-0.05725941,0.030662822056041903,0.037916915484794436
MRS2,2.1604152,0.24617507,0.030740542220197946,0.038005492075327926
SNX10,2.1586187,0.2065155,0.030879769778365884,0.038170062029467516
ZFYVE27,2.1540046,0.17780471,0.031239805871594046,0.03860125665982373
TRIM27,2.1539898,0.1359472,0.031240978591374726,0.03860125665982373
COASY,2.1536932,0.21422501,0.03126423597315594,0.03862234693358397
DPH7,2.1515825,0.20283957,0.03143025319146103,0.03881975265543406
ANKIB1,2.1471968,0.29553157,0.03177762491127629,0.03924102830852302
RSU1,-2.144848,-0.090329036,0.031964989978256746,0.039464590000850716
LSM4,2.1445575,0.08932938,0.0319882402408887,0.03948548404734699
MRPS28,2.142414,0.18950707,0.03216018231503326,0.03968987499073019
PTPN6,-2.137354,-0.059323236,0.03256922390668119,0.04018673910668195
NOC3L,2.131895,0.22609062,0.03301547616330984,0.04072931147167755
SPECC1L,2.1306472,0.25466052,0.03311822378439061,0.040847991035253314
KLHL9,-2.130376,-0.19686662,0.033140581747321284,0.04086749074985816
ARHGEF1,2.1280422,0.044659425,0.03333358401778987,0.0410973721562676
BRD3,2.1276884,0.23629081,0.03336291909932684,0.041125415385917206
NDUFAF2,-2.1267364,-0.15276587,0.033441996392235725,0.041214751082927166
SDAD1,-2.1263444,-0.09255591,0.033474584826805216,0.041246768786592565
NHLRC3,2.1217759,0.2904275,0.03385656723858973,0.04170920571181178
RPS6KA5,-2.119316,-0.12411292,0.034063753881199074,0.0419561649837307
TINF2,2.1190782,0.105773866,0.034083869634005164,0.04196535492050278
NTPCR,2.1190686,0.20369963,0.03408466336997734,0.04196535492050278
NMD3,2.1169152,0.17240484,0.03426704930034953,0.04218158869496675
MGMT,2.1168242,0.084605224,0.03427478420216157,0.04218279002281411
GCLM,-2.116701,-0.25862637,0.03428524639385328,0.04218734675552806
UFC1,-2.1150806,-0.049351458,0.03442307561847185,0.042348593521561756
SWI5,2.1149476,0.22889161,0.03443442384291825,0.04235420559788191
ELK1,2.1129322,0.25038305,0.03460656723652577,0.04255755391589307
TKT,-2.110554,-0.06638205,0.034810658159252335,0.04280010196451809
NUFIP1,2.1053014,0.22247304,0.03526508376831539,0.04334573221545534
UQCC3,2.1052642,0.21826674,0.03526832690115081,0.04334573221545534
TEX264,2.1042154,0.08850553,0.035359664062839885,0.043449431662961946
MUTYH,-2.1022873,-0.3299704,0.0355281094012383,0.043647821018332325
R3HDM2,-2.1017008,-0.18416637,0.03557950368138415,0.04370235829079285
ATF7IP2,-2.1009052,-0.100380935,0.035649286870042464,0.0437708438630602
TMEM18,-2.1009111,-0.15917255,0.03564876169349605,0.0437708438630602
HGSNAT,2.1003847,0.21408527,0.03569501360795825,0.04381836741291649
ARMT1,2.097337,0.23894572,0.035963759139245044,0.044139591108756794
AKAP8,2.0962927,0.16867901,0.03605622676853805,0.04424437893481045
C6orf136,-2.0945177,-0.2674425,0.03621388093840984,0.0444290998499343
SNX19,2.0925617,0.21638963,0.03638830701631456,0.04463432077217359
ADH5,2.0923903,0.08108768,0.03640361304786285,0.0446443208944217
MRI1,-2.0922515,-0.31144685,0.03641602452109392,0.04465076798352597
HMBOX1,2.0916536,0.22102709,0.03646951489774041,0.04470757070846551
DCAF16,2.091472,0.20701635,0.03648577801033216,0.0447187235982881
RAD9A,2.0898113,0.2762188,0.03663474093105665,0.044892483438194485
SMIM20,-2.0895102,-0.17433675,0.036661826629149644,0.04491685512220709
CYB5A,-2.0890224,-0.17215765,0.03670570427876033,0.04496178614401242
SLC38A1,-2.088407,-0.040296897,0.03676112487472144,0.045020836017099004
PCNP,2.083432,0.05654237,0.03721186740714388,0.045563912985674894
TTC39B,-2.0779386,-0.24113977,0.0377150233210301,0.04617094165291268
PUS7L,-2.0775533,-0.20610026,0.03775051857461954,0.04620533171684655
ERICH1,2.0754986,0.0843754,0.037940353728026066,0.04642857796404131
ERN1,2.0742946,0.13078396,0.0380519697534943,0.04655603670487314
NDE1,-2.072788,-0.14531325,0.03819201962528085,0.04671822706416656
C4orf3,2.0704854,0.056106407,0.0384069058469729,0.046971879167344285
PWWP2A,2.0672116,0.17474833,0.0387142134216669,0.04733844160748886
HERC3,-2.065094,-0.27739152,0.03891410002612148,0.0475735354090155
DNAJB9,2.0641048,0.01788551,0.03900779266104446,0.04767873756317636
LLPH,2.0624409,0.1317854,0.039165772511712896,0.04786246059244178
KHSRP,2.0599182,0.25865847,0.039406354608525804,0.04814703584804416
DICER1,2.0587242,0.1723103,0.03952067502207492,0.04827726224559985
ZNF511,-2.0578074,-0.17382123,0.03960862353382225,0.048375228859997
SLC50A1,2.057243,0.19594283,0.03966284441817897,0.04843197261081099
DCAF8,2.0528324,0.10477889,0.04008883712948012,0.048942572872669295
CSE1L,2.0507843,0.19183233,0.040287945774702,0.049176035513380636
TBC1D23,2.0481064,0.17838347,0.040549577758295964,0.049485708797325986
MPRIP,2.0461297,0.18366079,0.040743605022195484,0.049703056869335814
TASP1,-2.0461326,-0.2475906,0.040743323278901455,0.049703056869335814
ANO9,-2.0456495,-0.23197599,0.040790857658715374,0.049750975698269036
PRRC1,2.0418708,0.17457347,0.04116433804749475,0.050196684985231485
ABRACL,-2.0403373,-0.03621239,0.0413167361129516,0.05037268022678862
HERC2,2.0378964,0.13749222,0.0415603044908962,0.050659738345250616
RNF44,-2.0352962,-0.11241476,0.0418210797814819,0.050967654543297894
MTF1,2.034572,0.23422207,0.041893957353521354,0.051046502897955245
ADPRM,2.0326078,0.23540021,0.04209215659804884,0.05127653364753583
ORC4,-2.0325384,-0.19013894,0.04209917615926512,0.05127653364753583
ELMSAN1,2.0295057,0.13861413,0.04240681588255459,0.05164115861912648
ACSS1,-2.029161,-0.2424825,0.042441892425745045,0.05167379060262872
CRY2,2.0286033,0.24363086,0.042498703149760994,0.05173286646336227
UBXN2A,2.0284662,0.14380333,0.04251269467694963,0.051739806450632336
LANCL1,2.0278938,0.24852823,0.04257109484891633,0.05180078045468645
EIF2B5,2.0272903,0.13589834,0.04263271858463918,0.0518656523755815
TAZ,-2.0267274,-0.12196924,0.04269029693870685,0.051925578482648505
INPP4A,-2.0231235,-0.087922886,0.04306041659366871,0.052365561177140765
COIL,2.022992,0.1600563,0.0430739736557589,0.05237184289608247
FGD3,-2.0215232,-0.06870625,0.043225622029689256,0.05254598891454824
NCBP2,2.0185444,0.10833055,0.04353459319677369,0.052911274808386484
PMPCA,2.0176485,0.16694477,0.043627882845540464,0.053004664107828676
STRADA,2.0176435,0.24773629,0.043628418446068885,0.053004664107828676
STRBP,2.0172768,0.2673416,0.04366663162491658,0.05304076449418147
PNPLA6,2.0162735,0.30952647,0.04377139369849497,0.05315767037795429
PLEKHM1,2.0161703,0.19867672,0.04378217614655734,0.05316042049234715
IFT57,2.0131392,0.1421865,0.04409997745132641,0.05353588003768297
TMEM128,2.008644,0.2037068,0.04457487944352655,0.05410187137437752
HDAC5,2.008106,0.28383204,0.044632029280040765,0.05416070284595264
MAFF,-2.0071936,-0.28611374,0.04472906626566283,0.054267904853033
ACYP2,-2.0060036,-0.15466443,0.04485586728909013,0.054411169630944896
CSDE1,2.0051801,0.03840295,0.04494379269657033,0.05450723090153429
TBCK,2.0045934,0.18714,0.04500653741994302,0.05457272198132201
CEBPZOS,-2.0025105,-0.13596798,0.045229844102071336,0.0548328393630589
MAGT1,2.0003402,0.16679737,0.04546354695559633,0.05510545670030622
C18orf21,1.9982728,0.219512,0.045687092081830805,0.05536565857916623
DENND4C,1.9946522,0.115976624,0.04608082564821225,0.05583196134158273
PKN2,1.9933634,0.09890332,0.04622166477564545,0.05599173328121181
SART1,1.9931897,0.14504941,0.04624068124475807,0.056003899019704075
ZBTB7A,-1.9923483,-0.114749484,0.04633285103075885,0.05610464169246526
ARHGAP30,-1.9910201,-0.04772074,0.04647867718505447,0.05627030539513577
PCNT,1.9870522,0.24603929,0.04691661793198505,0.056789490402156466
STYX,-1.986214,-0.15887992,0.04700956018191532,0.056890956970202355
OTUD4,1.9837102,0.20944642,0.04728815619577273,0.0572170187704183
LIMK2,1.9790932,0.22183242,0.04780551334882619,0.05783179081411596
RDH11,1.9787426,0.1602978,0.04784498803571954,0.05786832758351273
DIMT1,-1.975169,-0.14217106,0.04824898473224183,0.05834565272503803
SCGB1A1,-1.9740344,-0.58934015,0.04837783380392901,0.05849013188111603
KBTBD4,1.9717631,0.19237876,0.048636654075750206,0.058791663390810975
RNASEH2C,1.9686756,0.09074193,0.04899035572347631,0.059207747883465466
NSRP1,1.967858,0.10724322,0.04908438126819952,0.059309898062891234
DYRK4,1.9650904,0.27348587,0.049403773452604785,0.05968427218693505
HUS1,-1.9593359,-0.18082334,0.05007345942790494,0.060481606404016786
RECQL,1.9578127,0.07941333,0.05025200030651578,0.0606855135280505
SKIV2L,1.9575499,0.25141597,0.05028285277429952,0.06071102421443283
TMEM219,1.9543695,0.05691798,0.050657528049615284,0.0611515730285588
ING1,1.9491262,0.22070855,0.0512803566427122,0.061891453453329505
FAM98B,1.9480829,0.21366228,0.051405042506356274,0.06202994398340478
TMEM209,1.9461603,0.18447216,0.05163548528191525,0.06229597209441969
TSC2,1.9441874,0.32849023,0.05187285454307558,0.06257025226195104
TCTA,1.9433179,0.15606889,0.051977759609099936,0.0626837465036529
CALCOCO1,1.9432411,0.16107678,0.05198703283174289,0.0626837465036529
FTO,1.9416085,0.184382,0.05218451445421474,0.06290970730321696
ENTPD4,1.9383439,0.14768022,0.05258127796775285,0.06337577361852946
GPAT4,1.936278,0.22644584,0.05283366581493643,0.06366767877022944
BSCL2,1.9361337,0.17174879,0.052851328779562376,0.06367666851607119
SCAMP1,1.9359411,0.22072144,0.052874919753339696,0.06368992572194601
MRPL17,1.9358772,0.11013434,0.05288274236358344,0.06368992572194601
GNPTAB,1.931525,0.13339162,0.05341816062680936,0.06432235008140406
INPP5D,1.9301193,0.11561305,0.05359206324789392,0.06451930299577661
TMA16,1.9289911,0.20247537,0.05373196685428472,0.06467525653569739
CHM,1.9271234,0.20537175,0.05396424955573125,0.06494232192003832
KIAA1109,1.9260447,0.14216453,0.05409879419101115,0.06509168585812619
MRPS2,1.9238803,0.14090791,0.05436957894207037,0.06540488476820762
CDC42SE2,1.9230994,0.05373323,0.05446756106549802,0.06551012692421915
AKIRIN1,1.9217501,0.063995115,0.05463720867396952,0.06570150661546123
PPIL2,1.9215233,0.17908996,0.054665771001096305,0.06572318952376074
MAP4K4,1.9196646,0.120852634,0.0549002817629319,0.06599242266611287
SARAF,-1.9188374,-0.03393346,0.05500490509659643,0.0661054520908643
RPAIN,1.9154729,0.06740982,0.05543222686688666,0.06660618557494025
NNT,1.9109303,0.17085159,0.05601353827677162,0.06729172134462592
KLF9,1.9099443,0.10904464,0.0561403885858527,0.0674311326336233
TAOK1,1.9086496,0.1826034,0.056307313235922835,0.06761861495197122
BTN3A2,1.9084347,0.065910034,0.056335056280442594,0.06763891616895772
ZNF224,1.9066511,0.20663449,0.05656577231609673,0.06790286305534905
ZNF484,1.9062189,0.22134587,0.05662182043118927,0.06794400717382276
HDAC1,-1.9062815,-0.06565403,0.056613703044519015,0.06794400717382276
NXT1,-1.9051518,-0.09468798,0.0567603310318655,0.06809712148594244
APC,1.9033744,0.1889786,0.056991698689070266,0.06836155900797376
FUNDC2,-1.9013612,-0.064813696,0.0572547089250563,0.06866384289032981
GART,1.9011698,0.13790128,0.05727977304868986,0.06868070386107078
MED11,-1.8967423,-0.21401444,0.0578619526542261,0.06936543344506821
LCOR,1.893155,0.14123517,0.05833726878450892,0.06992181572577687
PNN,1.8926984,0.059010666,0.058397995286719497,0.06998116140253771
COG2,1.8891515,0.20998448,0.058871535387858186,0.07053508396153252
COMMD3,1.8881545,0.15724725,0.05900521906219306,0.07068168371730267
IRAK4,1.8873795,0.10017843,0.05910930019151767,0.07079277345907922
PAFAH1B3,-1.8783104,-0.15401718,0.06033871599647469,0.07225132895894062
IKBKE,1.8773689,0.13650201,0.06046755265511458,0.07239171228094574
CBWD2,1.8761394,0.1176309,0.060636136895505226,0.07257961840522595
IL4R,1.8731071,0.12686913,0.06105360550560173,0.07306530238935002
GCN1,1.8725063,0.24282378,0.061136600604010966,0.07315059899724548
EVL,1.8715467,0.040172413,0.061269331642878205,0.07329536108552864
ZNF880,-1.8692048,-0.24198627,0.06159433845348838,0.0736700395339634
NOL11,1.8674209,0.12255339,0.06184282605743458,0.07395307097613513
TRMT6,1.8665472,0.12823014,0.06196484313340642,0.07408478658919339
KIAA1143,1.8660951,0.13304353,0.06202806524243857,0.0741319715009688
ZNF770,-1.8661457,-0.14823529,0.06202097115484435,0.0741319715009688
COG1,1.8659875,0.22925597,0.06204311588696696,0.07413576225360152
SNAPC1,1.8654417,0.13917747,0.0621195235541725,0.07421285346508243
PIGG,1.8614858,0.20479128,0.06267559957772867,0.07486285492145543
AP5M1,1.8597227,0.17492533,0.06292476138300915,0.07514608415448912
TSPAN32,-1.8582382,-0.24297214,0.06313519066206427,0.07538295866117144
ZNF414,1.8515707,0.18036927,0.06408749805036813,0.07650537018598844
POLE3,1.8491874,0.0967975,0.06443075681839171,0.07690043092437993
CPT1A,1.849053,0.23680837,0.06445014957546359,0.07690886873813925
CCDC82,1.8435661,0.11457888,0.0652464119675479,0.0778441707301599
ZNF699,1.8424648,0.23344035,0.0654071869078316,0.078021072915095
FCHSD2,-1.8421729,-0.30602124,0.06544986773605879,0.07805706564890941
STXBP3,1.8417562,0.15419012,0.06551080973148252,0.07811481916969476
MCFD2,1.8413768,0.14259441,0.06556636373333778,0.07816612723204605
MAN2B2,1.8385139,0.22340387,0.06598671665150233,0.07865223426700267
PDCD2,1.8383533,0.07398643,0.06601035924788691,0.07866539088525151
CHCHD7,-1.837853,-0.084539816,0.06608407315461859,0.07873820171018989
GAR1,1.8375952,0.13286711,0.06612207984858053,0.07876844824107483
PARG,1.8364737,0.27908313,0.06628762482679246,0.07895058521832285
G2E3,1.8349873,0.16863702,0.06650756963977772,0.07919743219268321
IMP4,1.834661,0.08598121,0.0665559310322553,0.07923990186423222
CNOT10,1.8333082,0.14618582,0.06675674069396922,0.07946382198570702
GCDH,1.8317245,0.19353008,0.0669924756340372,0.07972922205034824
ANKHD1,1.8314298,0.051598594,0.06703641524488367,0.07976630458404557
MEPCE,-1.8310182,-0.34725848,0.06709782972248425,0.07982416227564319
C16orf91,1.8253093,0.21719572,0.0679543796878466,0.08082776512899764
UBAP2,1.8189952,0.20424256,0.06891214990589507,0.08195135814837864
POLR3D,1.8174816,0.2622576,0.06914339446220101,0.08221069248211021
ISCA1,1.8134769,0.06369099,0.06975829348864904,0.0829260018405064
FAM120AOS,1.8121873,0.1074663,0.06995725774144883,0.08314668550073932
THAP4,1.808353,0.16464362,0.07055159367294161,0.08383710893237407
HPS1,1.8073578,0.10159864,0.07070652008384146,0.08400521451423083
PCID2,1.8070937,0.11209772,0.07074767074632149,0.08403810680011276
HDHD3,-1.8044341,-0.24147159,0.07116328058217533,0.08451570582556732
CTDP1,1.8043143,0.20716754,0.07118205499755278,0.08452191880512308
NKTR,-1.8033205,-0.052201055,0.0713378840265632,0.08469083778006105
CYP4V2,-1.8011152,-0.14424022,0.07168473895487686,0.08508643130798525
MAP4K5,1.8005866,0.15855262,0.07176805866033702,0.08516912989145528
BCOR,1.7988638,0.2266078,0.07204023224194168,0.08547587251368025
DDX55,1.7982514,0.20517826,0.07213718706946558,0.08557464065777128
CCNB1IP1,1.7926191,0.13998084,0.07303385226386873,0.08662186848704005
TWISTNB,1.7923187,0.06750113,0.07308192205428994,0.08666241222512322
SLC12A6,-1.7919525,-0.2217243,0.07314057795730064,0.08671549145735434
NIPAL3,-1.7878886,-0.14100032,0.07379398006622358,0.08747354788096892
DMXL1,1.7849091,0.20735413,0.07427605007076335,0.08802826215184847
OMA1,-1.7838055,-0.24521957,0.07445527600723484,0.08822391827627732
TMBIM1,-1.7819767,-0.0649634,0.07475303759569017,0.08855992931562308
C2orf68,1.7780948,0.20962727,0.07538828461437407,0.0892955559457788
ATXN7L1,1.7774007,0.19693464,0.07550233584621804,0.08941367704293109
TUBGCP3,1.7769762,0.20053458,0.07557215934148191,0.08947938653959184
SNRPN,1.7763672,0.06068269,0.0756724208551988,0.0895811036717177
TPRG1L,1.7752641,0.27036303,0.07585428160927862,0.08977936118405232
POLR1C,1.7739877,0.10275464,0.07606519475474968,0.09001192272741615
LDLR,1.7716881,0.2106468,0.07644635030490017,0.0904458146450961
CYB5R1,-1.7704335,-0.1584859,0.07665494460347573,0.09067541873963078
TRMT10B,1.7702278,0.24204978,0.07668919658024857,0.09069874471429436
RPA2,1.7700633,0.08965053,0.07671660574134546,0.09071397052514912
COPS4,1.769786,0.111038685,0.0767627921326975,0.09075138960033437
GPKOW,-1.7690889,-0.24065265,0.07687904256654744,0.09087161073064821
TIMM10,1.7688274,0.10460211,0.07692267873272794,0.09090597196950484
VPS4A,1.7680988,0.103635244,0.07704438582933511,0.09103256568740636
NOP16,1.765794,0.1629023,0.07743041140652152,0.09147136051260661
KLHL7,1.7638487,0.19497329,0.07775745276581532,0.09184032223910928
TMEM8A,1.7627034,0.25000608,0.07795052346421308,0.09205093981838294
SUN1,-1.7621925,-0.21937671,0.07803678514361702,0.09213537194122472
MAPK8,1.7598505,0.17935611,0.07843316163189319,0.09258584485429268
PMS1,-1.7594867,-0.20235251,0.07849489159730916,0.09264119108525085
CYTH4,1.7567312,0.16863602,0.07896363865879523,0.09317679502165646
SCAP,1.755586,0.19540858,0.07915912114977805,0.09338980625628825
ELP4,1.7503572,0.2020607,0.08005670656365818,0.09443090260135904
CENPT,-1.7487195,-0.14534366,0.08033951675265188,0.0947465842882276
GCFC2,1.7481258,0.20157172,0.08044225088172104,0.09484981820382032
QARS,1.746686,0.10818355,0.08069182890299326,0.0951259117891434
METTL5,-1.7465992,-0.088249914,0.08070689038992378,0.0951259117891434
DENND6A,-1.7447163,-0.15702629,0.08103427264517891,0.09549374916513625
MBD6,1.7425756,0.22802623,0.08140776435519587,0.09591577446493815
TSR1,1.7414315,0.16091986,0.08160798492323725,0.0961335284835643
ATF1,1.7380269,0.11389231,0.08220607950131525,0.09681980414563286
TCAF2,1.7364901,0.1936508,0.08247721013245553,0.0971208053654066
WDR47,1.7360837,0.18928668,0.08254901930550002,0.09718702687900879
TXLNG,-1.7358463,-0.16788723,0.0825910220327054,0.09721813815656627
ISCA2,-1.7319103,-0.13322543,0.08328952316178985,0.0980218582034189
REXO4,1.7261729,0.19173133,0.0843163142723807,0.09921156059086123
PARP11,-1.7253355,-0.27460247,0.08446703303548624,0.09937017024966438
NAA35,1.725083,0.1612023,0.08451252644547715,0.0994049524210748
CCDC25,1.723072,0.07932687,0.08487550455499453,0.09981308157673278
MSH2,1.7222369,0.23147227,0.08502661941380109,0.0999625296099266
TMEM107,1.7221926,0.1568941,0.08503462100610484,0.0999625296099266
NISCH,1.7192696,0.192533,0.08556527758379201,0.1005674006403853
JAK2,1.7173623,0.21461573,0.08591299773392966,0.10095707378223592
ZNF37A,1.7165654,0.18801454,0.08605861758528088,0.10110915518632116
ABHD10,1.714653,0.16155058,0.08640886788867017,0.1015015517585527
RALGAPA1,1.7128977,0.035611905,0.08673136940996279,0.10186121123213733
SETD3,1.7081202,0.16886947,0.08761404613056487,0.10287850647240929
C11orf54,1.7034792,0.20397173,0.0884784244242679,0.10387393657484123
NBEAL2,1.7014555,0.19356123,0.08885749984153576,0.10429935236242706
CDC26,-1.7003912,-0.07653288,0.08905736152628525,0.10451428982428473
WDR7,1.6971836,0.20486093,0.08966194648691109,0.10520402482135968
HSD17B4,-1.6967666,-0.26020515,0.08974079177547617,0.10527674463735842
SIK2,1.6954626,0.2017671,0.08998770681711289,0.1055465661051685
LAS1L,1.695289,0.12785828,0.09002061631978298,0.10556532627804689
CDK5RAP1,-1.6914867,-0.1958996,0.09074388793647428,0.10639350077240954
NSMCE4A,1.6888652,0.1292011,0.09124526259887726,0.1069612479112684
LYRM2,1.6870017,0.092851534,0.0916030226162525,0.1073604627508041
MIOS,1.6831087,0.22027259,0.09235405905266507,0.1082203684843565
CAMLG,1.6816984,0.069083355,0.0926273379288965,0.10852022076482881
CCDC84,1.6792742,0.18184555,0.09309862621644739,0.10905190056622525
TAF9B,1.6784118,0.16402528,0.0932667194195471,0.10922829722225436
BRWD3,1.677398,0.25838336,0.09346467791013631,0.10943959753042415
LPAR2,1.6766932,0.104563445,0.09360249908296082,0.10958041582756678
TMED2,1.6757959,0.054115187,0.09377818034111192,0.10976549578186036
HIRIP3,-1.675663,-0.2596405,0.09380421560629146,0.10977538151113164
INTS8,1.674673,0.17435159,0.09399841625191477,0.10998202396479191
CYTH1,-1.6743236,-0.013177134,0.09406702192509406,0.1100210426976222
AHCY,-1.674379,-0.18770927,0.09405615020491177,0.1100210426976222
GMPR2,1.6730545,0.108011276,0.0943165868595305,0.11027160333277067
ABCE1,-1.673084,-0.0954731,0.09431075791226019,0.11027160333277067
MRRF,1.6713756,0.15529023,0.09464750182306438,0.1106377709079874
SKI,-1.6703689,-0.17895687,0.0948463903820585,0.1108494985719901
RPP30,1.6653438,0.10967903,0.09584419827278096,0.11199469039888148
ANO6,1.6650631,0.16738968,0.09590015806681308,0.1120391026759604
ZNF507,1.6646496,0.17117944,0.09598267102773454,0.11211451429610542
GPALPP1,1.6607825,0.18820198,0.09675715147273371,0.11297687228088514
U2AF1L4,-1.6608175,-0.08217848,0.09675009345031269,0.11297687228088514
CWF19L1,1.6584723,0.21827519,0.09722217607700699,0.11349861595521897
HIPK3,-1.654217,-0.16968998,0.09808342728018771,0.11448263879851346
COX7A2L,-1.6536133,-0.035892967,0.09820610029891606,0.11460438892399685
IMPDH1,-1.6531309,-0.14265828,0.0983042172134482,0.11469744244328477
UTP14A,1.6511663,0.16187549,0.09870461355030812,0.11514308283504167
GRWD1,1.6475581,0.11816227,0.09944339650244303,0.11598322511152065
ZNF107,1.6455736,0.11851494,0.09985158636686205,0.11643754680784492
LYSMD3,1.6450263,0.1405783,0.0999643806844933,0.11654730055145203
ZNF146,1.6437165,0.11397134,0.10023477560658473,0.11684072367588631
NAT10,1.642162,0.20727369,0.10055644930274094,0.11719380020511787
BORCS7,-1.6373888,-0.11008426,0.10154925017672758,0.11832876593595161
APH1A,1.6370454,0.05113621,0.10162098390980026,0.11839024838175535
EXOSC5,1.6364561,0.11769904,0.10174415056541919,0.11849010777393713
TARDBP,-1.6363629,-0.10972624,0.10176365609170053,0.11849010777393713
CUX1,-1.6364194,-0.17766419,0.10175183260345538,0.11849010777393713
GTF3C2,1.635692,0.18549486,0.10190406205608131,0.11863145892408197
BDH2,1.6294454,0.17496018,0.1032187581148633,0.12013955042798617
C6orf226,-1.6289959,-0.17027542,0.10331389838654245,0.12022786496931036
RBMX,1.6247855,0.038569786,0.10420825956234506,0.12124603801800811
PDK3,-1.6227528,-0.11395258,0.10464225893601029,0.12172830158800375
ABHD13,1.6200374,0.122946054,0.10522422659599398,0.12238248195780813
ANKRD36B,1.6162618,0.07290804,0.10603771808423829,0.12330564534446267
COX19,1.6110731,0.104572915,0.10716379390939963,0.124591884833935
KLHL18,1.610751,0.146823,0.10723400307869638,0.12462707881082757
RERE,-1.6107829,-0.12826666,0.10722706869251761,0.12462707881082757
TMEM14B,-1.6103,-0.041112345,0.10733239940663458,0.12471820977412147
CDKAL1,1.6081707,0.18208154,0.10779780062178905,0.12523568013413727
POLRMT,1.6078469,0.2679869,0.10786872609621255,0.12529475517708216
UBE2Q2,-1.6064142,-0.088320896,0.10818292792521779,0.1256363329328776
TCEA2,1.6052518,0.20897737,0.10843839663217053,0.12590958760583745
MED6,1.6027061,0.09218794,0.10899954935036343,0.126537609281179
UBA7,1.6019309,0.17174165,0.10917090225921192,0.1267129628044898
HPS3,1.601053,0.16185682,0.10936517307646183,0.12691484662889518
SPSB3,-1.5966754,-0.05283378,0.11033808427180196,0.12802007509580146
MRPS25,-1.594673,-0.1468877,0.11078535875005226,0.12851513456488403
PIP4K2A,1.5914587,0.05182984,0.11150638617645667,0.1293275146120175
ZXDC,1.5912912,0.19227205,0.11154406528473412,0.12934717789706907
WDR70,1.590604,0.15011768,0.11169874289465495,0.12950248084814073
NFIC,1.5896903,0.14684129,0.1119046222431648,0.12971707790111284
C9orf85,1.5891362,0.19795847,0.11202963598852629,0.12983787524686954
SEC23A,1.5833749,0.13097319,0.11333606288716948,0.13132758419584564
NLRP1,1.58107,0.07476308,0.11386204965826172,0.13191257692912778
IFT20,1.5771217,0.14059451,0.11476750791373241,0.13293689994239125
PPP2R5C,-1.575161,-0.027425952,0.11521930427650948,0.13343545704021073
ZBTB24,1.5716695,0.09982444,0.1160272253025933,0.1343461805405352
CARD8,-1.5713629,-0.07985357,0.11609839836866175,0.1344036550211126
NOP56,1.5689949,0.05190768,0.11664914137187322,0.13501618903966262
STX7,1.5684168,0.17501175,0.1167838978667061,0.1351470993113504
MARCH8,-1.5681484,-0.23212558,0.11684651089461391,0.13519448915337143
PPIG,1.5637658,0.047615297,0.11787259003538172,0.13635641045612926
ZNF639,-1.5631919,-0.1268921,0.11800745421384118,0.13648712411945568
ANKH,-1.5599409,-0.08449382,0.11877384965681245,0.13734808147270086
RAVER1,1.5554465,0.15228274,0.11983977135338678,0.13855502278927137
TBP,1.5512344,0.13500077,0.12084551554535826,0.13969195453205796
USP7,1.5473459,0.15931343,0.12177985526666764,0.14074594013319866
VPS13A,1.5448076,0.11807279,0.12239283016629715,0.14142818979223487
EHMT2,1.5443991,0.12004515,0.1224916724695823,0.14151620286609834
PRIM1,-1.5407175,-0.2006831,0.12338554935873382,0.14252252703088242
SIN3B,1.5392821,0.1826293,0.12373544613180502,0.14290024413556535
ATXN3,1.5381026,0.13640863,0.12402351421468488,0.14320642964178507
HNRNPH1,-1.5367528,-0.052256927,0.1243538618577842,0.14356131184876642
ACYP1,1.5352287,0.1278037,0.12472764952102855,0.143966203192295
CDKN2AIPNL,1.5275373,0.16444449,0.12662745267538492,0.14613201408045068
STARD3NL,1.5237905,0.12508464,0.12756104754673325,0.14718219592145726
C5orf51,1.5233155,0.11274651,0.12767978143483188,0.14729196227999738
MAPK14,1.5192266,0.14325327,0.12870546599510463,0.14844775702743448
FBXO38,1.5174917,0.16749242,0.1291425960197661,0.148924416437428
CRTAP,-1.5126044,-0.0672384,0.13038018398845316,0.150323799791601
ZNF529,1.5124842,0.19106291,0.1304107317393813,0.15033124802096023
GATAD2A,1.5090786,0.13228966,0.13127869028445294,0.15130384230198907
RAB6A,1.5042922,0.06953397,0.13250613146640222,0.1526903187743383
ADARB1,1.5027928,0.22812298,0.13289248641839488,0.15309012471465003
NUP107,1.5027553,0.10590577,0.1329021464034568,0.15309012471465003
COQ7,-1.5026426,-0.24312916,0.132931238303178,0.15309537889834543
PIN4,1.5012583,0.110920645,0.1332887630553351,0.1534531223139506
PEX26,1.5012496,0.1996785,0.13329103926677235,0.1534531223139506
NAA25,1.501032,0.16593625,0.13334730065382266,0.1534895801144425
ZDHHC17,1.4974413,0.20826319,0.13427848274794435,0.15453291735753655
C1orf174,1.4936969,0.12968177,0.13525485191933498,0.15562786335334985
SACS,-1.4904807,-0.22868082,0.13609790639493496,0.15656903849046805
PHYH,1.4903777,0.1600012,0.1361249473432057,0.15657128572962528
KIDINS220,1.4865345,0.11852803,0.13713779951272378,0.15770720596257767
SLC2A3,-1.4841605,-0.057774767,0.13776634662086196,0.1584008417945467
NDEL1,1.483433,0.058090128,0.13795939862274884,0.15859359123311392
UMPS,1.4816337,0.17145544,0.13843779337810738,0.1591142299213201
LIN7C,1.478303,0.18941152,0.1393267147046667,0.16010643094675472
NCAPD2,1.476573,0.1912291,0.13979013434736393,0.1606093940467412
B3GALT4,1.4761115,0.16952693,0.13991395297675974,0.16072206525454766
SLC25A24,1.4738406,0.12385769,0.14052451059680549,0.16139371929235607
OCEL1,1.473066,0.20913963,0.14073323932378498,0.16160370682975936
PRPF8,1.4683195,0.0490827,0.14201743852666027,0.16304835059692546
HMGN4,-1.4681253,-0.059426125,0.14207019244977387,0.1630789168804559
ZNF131,1.4647553,0.058989663,0.1429876957777638,0.16410191418702166
SMPD4,1.4636176,0.15013465,0.14329846927670292,0.16442834101046203
HIVEP2,-1.4616816,-0.082990095,0.14382848932645487,0.16500617681735383
TMEM223,1.4598595,0.13565588,0.1443286867088183,0.16554959267592997
GPANK1,1.4547809,0.15704888,0.1457299169928081,0.1671261322955008
TAF1,1.4543735,0.1404266,0.14584277751644759,0.16722483455450107
FUBP3,1.4529815,0.23146318,0.14622888915767301,0.1676367555534602
KRT10,-1.4518205,-0.02377494,0.14655151153097093,0.16797575453898797
UBE2D1,1.4453616,0.05511109,0.1483563520743032,0.17001321948140402
ARHGAP17,1.4437852,0.1073171,0.14879942364800133,0.1704896645836564
ELP3,1.4429783,0.17216176,0.14902659475957591,0.17071860827726013
ZNF160,1.4409049,0.11961977,0.14961157529514382,0.1713572841653501
IER3,1.4405173,0.17308502,0.14972110484968565,0.1714512688746584
HSD17B8,-1.4370823,-0.15135719,0.1506946291503349,0.1725344304764704
IL10RA,-1.4368638,-0.022371251,0.15075669147966334,0.1725738282326814
TFAM,1.435977,0.072682194,0.15100887545080227,0.172799708193437
TRIAP1,1.4359752,0.12346956,0.1510093908807892,0.172799708193437
MAN1B1,1.4355872,0.113180764,0.15111984367660786,0.17289439860416309
TBC1D1,1.4250784,0.11804011,0.15413454695403936,0.1763111634054545
CENPK,-1.4237341,-0.12876025,0.15452346244025186,0.17672364469298368
FBXO21,-1.4219846,-0.103968896,0.15503073029471404,0.1772713059306175
KLHDC4,1.4216015,0.1953986,0.15514196942749528,0.17736600681388495
TAF6,1.4212569,0.119920716,0.15524210462701357,0.17744798076505341
EBPL,-1.4210376,-0.07539114,0.15530585591051768,0.17748834402811586
VPS11,1.4198507,0.220393,0.15565113341405296,0.17785037049379432
IRF3,1.4191391,0.06593512,0.15585845905294154,0.17805466647435625
AGPAT1,1.4188356,0.1532772,0.1559469435830011,0.17812314694390738
VCPIP1,1.4176438,0.11062708,0.15629477836860012,0.17848777892011589
DMTF1,1.4147213,0.09996701,0.15715024065575817,0.1794318792412343
PDP1,-1.4132286,-0.16378391,0.15758850594611717,0.1798993717961802
ARRDC2,-1.4130123,-0.08195415,0.15765213208096707,0.17993909223067217
MRPL30,1.4114541,0.16997193,0.1581107702383504,0.18042956976733315
KHNYN,1.4112146,0.19084561,0.15818134791647243,0.1804771101182275
MAN2C1,1.4090985,0.16700439,0.15880603853039532,0.18115673304116198
ZNF766,-1.4075283,-0.15614897,0.15927079724938908,0.18165369985991178
SOS2,1.4055223,0.18436104,0.1598660055062452,0.18229923997158345
ARHGAP1,1.4023551,0.11046806,0.1608092370259112,0.18334133143564338
MFSD11,1.4018627,0.07585495,0.16095622304424273,0.18347539507198518
RMND5B,1.400675,0.16974065,0.161311258604533,0.18384652391360307
BET1,1.3999883,0.118114576,0.16151683598890654,0.1840472107735559
LETM2,-1.3997065,-0.36297223,0.16160124234122863,0.18410977609558377
ARFGEF2,-1.3995769,-0.23448443,0.16164005015338878,0.18412037835504644
ACP1,1.3963084,0.045106906,0.16262162469315655,0.18520466418065512
BET1L,1.3957857,0.090794235,0.16277903313325293,0.1853501086999875
MRPS35,1.3956635,0.06549937,0.16281585867492332,0.1853582221798972
MSL2,1.3947269,0.09900018,0.1630982356516959,0.18564583051290062
MRPL48,1.3936987,0.11644881,0.16340860731592077,0.18593128865244513
ZDHHC4,-1.3937889,-0.24416447,0.163381338034169,0.18593128865244513
ARFRP1,1.3904567,0.08303575,0.164390248775245,0.18701413463476194
UTRN,1.3898617,0.07179663,0.1645708603008803,0.18718548189134207
SFI1,1.3864679,0.090941,0.1656040604973641,0.18832633774855126
MED19,1.373572,0.06924939,0.16957460769948385,0.1928065452090506
MYO1F,1.3698872,0.10522363,0.17072211534577786,0.19407590562349722
WDR6,-1.369426,-0.13016228,0.1708661411186677,0.19420425910063835
CARD11,1.369078,0.121914625,0.17097489161487867,0.19429247971020716
OAT,-1.3671423,-0.10750577,0.17158069159583045,0.19494540255772397
KNOP1,-1.3659152,-0.23334521,0.17196557941746982,0.19534713890506536
TIMM22,1.3656306,0.13778193,0.1720549177104994,0.1954130557654644
AREG,1.3638028,0.12906143,0.17262962703907958,0.19603011323706254
PI4KA,1.3615338,0.15213512,0.1733450559741041,0.196781712271482
ZNF675,1.3615037,0.12409728,0.1733545672277853,0.196781712271482
TRUB2,1.3596011,0.15565754,0.17395616327258623,0.19742869885146583
ASTE1,-1.3579075,-0.15624282,0.17449304321683412,0.19800201503932033
SUPT20H,1.3545002,0.07896935,0.17557686519662108,0.1991956400094732
XRRA1,1.3530135,0.10695562,0.17605132222276554,0.19969761940972003
RBM15B,1.3506978,0.09926801,0.1767922885826979,0.20050166691706664
TAF8,1.3498104,0.15293626,0.17707680402409254,0.20078785136525465
CLCN3,1.3478026,0.11260716,0.1777218832305264,0.20148270176961222
MED31,1.3468316,0.093650594,0.17803450042031532,0.20180045716004139
ANAPC2,1.3420354,0.19580926,0.17958449766242046,0.20350700525586854
ERGIC2,1.3419714,0.04828032,0.17960528520258356,0.20350700525586854
SMIM4,1.3399724,0.15542574,0.18025432520016216,0.20420534463136902
TFB1M,-1.3393496,-0.16740996,0.18045686717451193,0.20439769655828113
NUP160,-1.3308051,-0.13806,0.18325314310719998,0.2075272847272791
LRPPRC,1.3300165,0.07766175,0.1835128546076833,0.20778369477622485
TSTD1,-1.329014,-0.029049125,0.18384335614601244,0.20812014977458074
ZBED5,1.3289123,0.09528048,0.18387691977090048,0.20812039468447405
MOCS2,-1.3266928,-0.14255515,0.18461033437897123,0.20891261955741786
VPS33A,1.3264691,0.11146661,0.184684366453853,0.20895850816506464
SAT2,1.3260294,0.077126354,0.18482997114861854,0.2090853452852145
METTL23,1.3241259,0.07590794,0.18546122573929258,0.20976141896319772
DCK,-1.3234893,-0.050035335,0.18567272114706057,0.20996257522717976
ZCCHC9,1.3200606,0.15126719,0.18681477642055033,0.21121576442765483
YBEY,1.3194424,0.09487106,0.1870212467173613,0.2114109039599804
RBM48,1.3161668,0.10618234,0.1881180877791343,0.2126122755939111
PQBP1,1.3146949,0.046240088,0.18861247824266913,0.2131324419178885
ATIC,-1.314273,-0.06872894,0.18875437006504425,0.21325416791744048
CNPY3,-1.312978,-0.029725408,0.1891903544619481,0.21366938150507023
ZFP90,-1.3130404,-0.11904711,0.1891693615526091,0.21366938150507023
USE1,1.3080566,0.08150602,0.19085412572778737,0.21550942621080532
CASP2,1.3069354,0.1419137,0.1912346375300722,0.21589132967205402
MIB2,-1.3068563,-0.12889886,0.19126152247344763,0.21589132967205402
NDUFA5,1.3034796,0.054551113,0.19241109545990465,0.21714966487617812
BLCAP,1.3011857,0.12053794,0.19319488174483246,0.21799480328502974
GPR132,-1.3000311,-0.10810273,0.19359033848302754,0.21840153696178144
MKRN1,1.298496,0.054615766,0.19411695196112888,0.21895606311032087
LYRM7,-1.2969736,-0.1955144,0.19464028235812514,0.21946702840055266
IL6R,-1.2970603,0.0050462405,0.19461044058914267,0.21946702840055266
PRKAA1,1.295071,0.10748143,0.1952957474592365,0.2201663222350244
PPDPF,1.2899861,0.020940892,0.1970554791362602,0.22211003165782914
CBFA2T2,1.2898148,0.11200068,0.19711495396538337,0.22213694974683237
SLC44A2,-1.286343,-0.030216496,0.19832337502891106,0.22345841912898248
PEX1,1.2850988,0.15962104,0.19875778445569559,0.22390746079205706
SYNE3,1.2843286,0.17267591,0.19902702276548467,0.2241703030282241
POLE4,-1.2838771,-0.0400843,0.1991849582027072,0.2243077091560981
WDR43,-1.2810899,-0.0741744,0.20016208376686673,0.2253674120131725
MID1IP1,-1.2803422,-0.077593416,0.20042480244311445,0.2256225093880731
POU2F2,1.2794292,0.079604916,0.2007459564923938,0.22594328484563206
THYN1,1.2777106,0.049225688,0.2013515150782601,0.2265839894705051
LTBP4,1.2749289,0.1434265,0.20233441194814938,0.2276490111715162
LRCH4,1.2741206,0.10165099,0.20262069980277642,0.22793002658059258
TMEM203,-1.2718796,-0.10922553,0.20341589707139318,0.22878331476348257
IL27RA,-1.2708386,-0.03899998,0.20378606898954754,0.22915835253401193
SCAI,1.2686572,0.1893159,0.20456333748138378,0.22999095464264388
PARP6,1.2682272,0.14912215,0.20471680883871224,0.23012204682319942
LFNG,1.2673413,0.11119871,0.20503327670504512,0.23039814264830036
PACS1,-1.2673329,-0.07346719,0.20503625769406508,0.23039814264830036
UCKL1,1.2654204,0.12961832,0.20572063976082178,0.23112556485099706
NFYB,1.2640215,0.15575589,0.2062222917109231,0.23164746626491559
TRRAP,1.2591093,0.109612666,0.2079908499187052,0.23359202705464083
TRMT10C,-1.2582165,-0.076820314,0.20831346639871107,0.23391226048836916
NPAT,1.2568989,0.055958904,0.20879025269130524,0.23440546268149595
TRIP11,1.2548281,0.057010196,0.2095411572497834,0.23520618028703205
UBE4B,1.2528403,0.13364685,0.2102638538436361,0.23597495267724022
GNL3L,-1.2510973,-0.20695496,0.21089898240274807,0.2366451904306995
SNAPC2,1.2480186,0.18033743,0.21202424114640028,0.2378650528482265
AAAS,1.2473477,0.13997932,0.21227001490447073,0.23809798041315633
TMEM141,1.2466112,0.06173585,0.21254009991567024,0.23835808869248842
CYHR1,1.2434031,0.1281693,0.2137193457074409,0.23963752004314384
NSUN6,-1.2430668,-0.15100986,0.21384322564384461,0.23973335211841823
TMEM80,1.2383058,0.17833756,0.21560270533427084,0.24166244324554315
HADHA,1.2378811,0.032759696,0.21576015866219278,0.24179550192327978
BEST1,1.2353545,0.15966187,0.21669859462140872,0.24280357792319782
EXOSC8,1.2336639,0.06749196,0.21732816175980518,0.24346527688798136
SLC25A26,1.231039,0.104696326,0.21830826338815024,0.2444754839055169
STMN1,-1.2310771,0.12352195,0.218294053722912,0.2444754839055169
MDP1,1.2296296,0.088591546,0.21883582974509752,0.24502232031559987
ICE2,-1.2290858,-0.08563796,0.2190396176167244,0.24520650287820217
SH3GL1,1.2287415,0.1429468,0.21916872687877187,0.24526304903181192
ANKRD49,-1.2287843,-0.091581814,0.21915266027204272,0.24526304903181192
PCSK7,-1.2255205,-0.06615442,0.22037917912546623,0.24657340568699082
MLXIP,1.225158,0.14581238,0.22051569356480671,0.2466819221254631
HPS4,-1.2236205,-0.13752031,0.22109540789931692,0.2472861004838059
EIF4A2,1.2226524,0.020037796,0.22146100740956876,0.24765036179332386
SCGB3A1,-1.222548,-0.34524098,0.22150045177541,0.24765036179332386
TPRKB,-1.2221149,-0.1022734,0.22166415668593253,0.24778900266467938
AARSD1,-1.2197304,-0.14113687,0.22256709758286408,0.2487538065928823
VPS45,1.2175822,0.17649154,0.22338279219258528,0.24962077100696953
SMAD7,1.2132547,0.11900912,0.225032441666838,0.25141916728298175
UTP3,-1.2088805,-0.1449136,0.2267087566664998,0.2532467067040675
DHX40,1.207453,0.10805571,0.2272577098141132,0.2538144894326916
CDC42SE1,1.203075,0.020253798,0.2289472829464726,0.2556557510948176
RAB4A,-1.200739,-0.044986643,0.2298524294193388,0.2566205745985856
CHD9,1.1967978,0.058638856,0.23138537881861354,0.2582858431777798
PIK3R4,1.196427,0.14762335,0.23152996177460383,0.2584010177817065
RPTOR,-1.1927897,-0.19358204,0.2329517626760782,0.25989487859517413
NMRK1,-1.1928117,-0.022067105,0.23294313258935517,0.25989487859517413
DBNDD2,1.1910778,0.15255615,0.23362301228803262,0.2605971795691888
NUB1,-1.1892086,-0.047039464,0.23435757171528804,0.2613698365037728
CTDSP1,-1.188196,-0.04248521,0.23475619929915237,0.26176763262926744
REPIN1,1.1879479,0.14660001,0.23485395616178573,0.2618298571642917
TAF3,1.1877432,0.082440056,0.23493459282425944,0.26187297621293143
STK19,1.1873726,0.113569684,0.23508071162056265,0.26198905736141637
PCGF5,1.1862875,0.05408775,0.23550877771968126,0.2624192611584593
SYNGAP1,-1.1855817,-0.16735044,0.23578753768275584,0.262682974415937
ZC3H6,1.1852037,0.07412609,0.2359369122808681,0.2628024753783505
TMEM159,1.1846819,0.12478448,0.23614323011915994,0.2629853496027261
TBRG4,1.1841836,0.10272989,0.236340389665196,0.2631579610884011
CCNC,-1.1802602,-0.09897617,0.23789675040277158,0.26484367093537237
ACAT1,1.1746718,0.09275154,0.24012603764718055,0.2672777957831378
HIGD1A,1.1738282,0.03462036,0.24046380758043662,0.26760603122494736
SYVN1,1.1724794,0.176213,0.2410046650584169,0.2681601202762667
KARS,-1.1687347,-0.07110535,0.2425105289806151,0.2697875599586486
PHB2,-1.1675233,-0.03306721,0.24299910896227805,0.27028291552906386
CD40LG,1.1669835,0.19293395,0.24321704273530997,0.2704771139898556
C6orf47,1.165025,0.15413791,0.24400886262378219,0.2713059164916051
RP9,1.1649252,0.09782729,0.2440492573600178,0.2713059164916051
ANKRD36C,1.1647485,0.085168585,0.24412079945002463,0.27133711653919923
POLR2B,1.1643863,0.06638094,0.24426752810252628,0.2714518594885802
HLTF,1.159044,0.11494697,0.24643823686706112,0.2738141256637406
NUDT9,1.1589392,0.12375366,0.2464809738790089,0.2738141256637406
IGSF8,-1.1567369,-0.08528671,0.24737989203582822,0.27476382028752516
VPS50,-1.1515491,-0.22643664,0.2495064167104989,0.27707643179541347
HSP90B1,-1.1503826,-0.002448848,0.24998629150145935,0.2775599440065127
ZNF141,-1.1459147,-0.15004413,0.2518304401886393,0.27955776898208784
ZNF830,-1.1441826,-0.098175526,0.252547952579515,0.28030442327027444
ZNF14,1.1396276,0.17013492,0.2544414757143455,0.28235584102653455
XPC,1.1395154,0.055186577,0.25448826749505293,0.28235756043317783
MRPL46,1.1388642,0.079087034,0.2547597954454215,0.28260858218536716
TAF9,1.1371714,0.044565585,0.2554666616003476,0.2833423556153846
UBE2E1,1.1340404,0.066085316,0.2567776407067919,0.2847457810325317
ORMDL1,1.1331322,0.042057544,0.2571587374161488,0.28511772609951763
TSPYL1,-1.1319764,-0.06568957,0.25764434671014513,0.28560539392859957
ZBTB21,1.1302934,0.10692326,0.2583526241355023,0.2863396780731078
CELF1,1.1278363,0.06889481,0.2593890547485952,0.2874003671419953
GRK5,1.1278063,0.14200269,0.2594017414053612,0.2874003671419953
KDM1A,1.1259664,0.114167936,0.26017972103122844,0.2882111535242983
SEC22C,1.1240897,0.10640885,0.26097498412276743,0.28904079430526913
EPHB6,-1.1226058,-0.1342606,0.2616049545517425,0.28968710457016056
AKR1B1,-1.1208572,-0.04458748,0.2623486508856232,0.29045909706886186
FAM98A,1.1202136,0.10161048,0.2626227513339249,0.29071099522437477
NOB1,1.1180079,0.059426557,0.26356364494322226,0.2917007817149584
LY75,1.1173602,0.10233328,0.2638403491602527,0.2919552516150952
SLC12A2,1.116113,0.13456514,0.2643737693110402,0.29249365259177484
CEP290,1.1138552,0.11282853,0.26534128543456914,0.2935120457988561
ACAP1,1.113461,0.030209964,0.26551045971496356,0.2936471343400829
ZBTB4,-1.1123854,-0.12935942,0.2659724964681053,0.2941060153184701
MTO1,1.1119993,0.07773409,0.2661384522008675,0.29423739241552066
FBXO11,1.1114333,0.15062416,0.2663818922315091,0.29444080729662525
LPGAT1,-1.1113522,-0.091616735,0.2664167983983404,0.29444080729662525
COQ10A,-1.1111281,-0.15006241,0.2665131963592142,0.2944951944897054
ARHGEF2,-1.1080883,-0.115766406,0.26782372110047714,0.29589092642734605
MRPL14,1.1072059,0.05025727,0.2682049566109146,0.2962596697714545
SHC1,1.1063172,0.08673234,0.26858926220224677,0.29663167322672485
MAP2K1,1.103933,0.0771095,0.26962221152541743,0.2977197845240853
ZNF136,1.1033756,0.15123564,0.26986410620621715,0.29793417421422275
PARD6A,1.1017793,0.15677355,0.27055763711041225,0.2986470133013942
CTSL,1.1005232,0.26288122,0.2711042243030347,0.2991974295093262
TTC9C,1.0985835,0.08294959,0.2719497771435546,0.30007753874698095
PMPCB,1.0974274,0.03014421,0.2724546100840326,0.3005814427319157
PIGH,1.09647,0.07729566,0.2728731283377903,0.30098996004880685
KAT6A,1.0963247,0.058421854,0.272936735450924,0.30100692100180537
DPH1,-1.0926678,-0.113941744,0.2745396639323028,0.30272120894019466
PNPLA2,1.0895561,0.0365983,0.27590875169154727,0.3041770922640782
ELMOD3,1.0864446,0.18153165,0.2772823401581668,0.3056374222760719
DCTN1,1.0854304,0.06854889,0.2777310607697526,0.30607797108670776
PAICS,1.0829222,0.122429036,0.27884294517076225,0.30724908559511427
CBX7,-1.0819407,-0.11228908,0.27927891293622675,0.30767514486054565
SENP7,-1.0743504,-0.05933614,0.28266569002606323,0.31135131864678095
PIAS1,-1.0707028,-0.033327255,0.28430307287192846,0.3130996078690146
FAM117A,1.070205,0.047379557,0.28452704085078173,0.3132909777610672
DEXI,1.0666085,0.122999564,0.2861486602363721,0.31502095405454195
ARL14EP,-1.0657815,-0.08144782,0.28652241133860823,0.3153211724853207
RRP12,-1.0658048,-0.22527222,0.2865118979418253,0.3153211724853207
SLFN11,-1.060202,-0.20491695,0.28905268424244124,0.3180496830671854
WASL,1.0593982,0.0992558,0.28941848076706256,0.31839604062528426
SNAPC5,1.0575144,0.088671096,0.29027686231022753,0.31928408489216253
PIGL,1.0571381,0.19928433,0.29044859407582124,0.31941668292990316
ITFG2,-1.0568689,-0.07775117,0.290571400352308,0.3194954386185261
TMEM156,-1.0563133,-0.12477443,0.29082510162045616,0.3197180657412836
ERC1,-1.0552049,-0.1478533,0.29133164126533784,0.32021852291950925
UBR3,1.0541608,0.14312525,0.29180929008349477,0.3206870539551137
RNF139,-1.0461211,-0.06268901,0.29550510923078455,0.3246914413220645
EEFSEC,1.0458925,0.085726425,0.29561067357947235,0.3247502576675738
STX17,-1.0408905,-0.06290531,0.2979263971728655,0.3272366499042333
COMMD9,1.0400487,0.09373427,0.29831728027466664,0.3276083311972892
GTF2IRD2B,1.0379208,0.10661727,0.29930690019115824,0.32863729136048886
RBL1,-1.0356557,-0.119903974,0.30036277149906865,0.32973862039150176
MRPL50,1.035399,0.04559742,0.30048262731054465,0.3298121837926678
TCOF1,1.0348021,0.07878653,0.30076133262431326,0.3300600451746684
LMBR1,1.0344622,0.04193324,0.3009201077378051,0.33017622932342505
MAPK3,1.0318409,0.1046547,0.3021466264336584,0.3314637186803414
NAA15,1.0302854,0.05112672,0.3028760785394101,0.33220555468619656
MMS19,1.0297072,0.13316935,0.3031474571781134,0.3324447865486919
GPX7,1.027356,0.10391139,0.30425284876035175,0.33359838881120085
ANAPC4,1.026531,0.12755343,0.30464134074818083,0.3339656784839973
JAGN1,1.0232774,0.04852548,0.30617671769455734,0.3355672831629215
RB1,1.0232073,0.048906542,0.3062098506029223,0.3355672831629215
GOSR2,-1.0230074,-0.13101295,0.3063043442118417,0.33561190523632445
PDE12,1.021638,0.091599196,0.30695223971477004,0.3362627572511637
MRPL12,-1.0200137,-0.14146823,0.3077219896117357,0.3370468475196284
COMTD1,1.01983,0.10212043,0.30780911917501197,0.3370831220865502
BTN3A3,1.0190579,0.093568295,0.3081754975675183,0.3374251368980494
MEGF9,1.0185077,0.17180282,0.30843674986799685,0.3376519480663337
PECR,1.0163338,0.13630678,0.3094704298637101,0.3387241236021422
PTPMT1,1.0154867,0.07678131,0.30987387687772616,0.3391062362956144
LGALS1,-1.0117313,0.06382317,0.3116665376585508,0.3410082155552271
FAM3A,1.0094188,0.08553827,0.31277381676214455,0.34214150118094194
ERO1A,1.0092872,0.06882882,0.3128369250831482,0.34214150118094194
BOD1,-1.0092249,-0.13005155,0.3128667757153718,0.34214150118094194
NAGPA,-1.009029,-0.08931924,0.3129607225207106,0.34218427982686667
POC1B,-1.0087162,-0.13993879,0.31311076080335,0.3422883619151703
SHPRH,1.006446,0.06316053,0.3142010785172952,0.3434201280256461
ZNF721,1.0057005,0.04954515,0.314559687125587,0.3437518836194692
NMRAL1,1.0043029,0.08182077,0.31523262819550457,0.3444269664860196
C19orf48,1.0007547,0.100003414,0.3169454230508171,0.3462377709189829
ITPRIP,1.0003775,0.12674385,0.31712780913108984,0.3463763837569359
FAM76A,0.99920905,0.17826921,0.31769343520374493,0.3469334609110363
CMSS1,0.99704957,0.09141552,0.31874044365462895,0.34801593926671437
BTG2,0.9934022,-0.039133243,0.3205139946688549,0.34989117381989215
MRPS27,0.9898816,0.0845058,0.3222320195306734,0.35170514758498295
PEPD,-0.9891325,-0.06823196,0.3225983147867042,0.3520433786647702
EIF1AX,-0.9881265,-0.02393732,0.3230906924203546,0.3525190579362645
SIN3A,-0.9807604,-0.05794007,0.3267109037233773,0.35640670339758745
IARS2,0.9781793,0.060299933,0.3279856758901408,0.3577348135669991
HNRNPA1,-0.9728311,-0.010492972,0.33063726246401015,0.36056389219603135
MED13L,-0.9727078,-0.111040935,0.330698554683558,0.3605677288225167
DOCK11,0.97245157,0.08860652,0.33082593701562046,0.3606436109894301
POLH,0.97200197,0.17355163,0.33104957162519966,0.3608243759191182
SURF2,0.9692385,0.04262357,0.332426210110372,0.36226156404729026
HECTD1,0.9685501,0.04614452,0.3327697271429563,0.362572602496367
COX11,0.96611184,0.08656763,0.33398822513085613,0.3638367102533903
MAGOHB,0.9645123,0.060119867,0.33478915771790263,0.36464557300478717
COG3,-0.96279097,-0.058366615,0.33565244916696013,0.36552206163863166
ATP9B,0.96090156,0.076714255,0.33660166048088835,0.36649179397439363
GTPBP10,0.954547,0.10141608,0.33980683811503376,0.3699170550629558
TBCC,-0.95376456,-0.029646281,0.34020284241394483,0.3702835611275601
TTC13,0.9535993,0.104135655,0.34028653681251164,0.3703100743237812
PAF1,0.9527041,0.009624541,0.3407400253488496,0.3707389292542138
CHRAC1,0.9524347,0.07000326,0.3408765680372432,0.3708228448876477
PTAR1,-0.9466598,-0.11471902,0.34381217375743045,0.3739511635448106
TMEM41B,-0.94621223,-0.115975626,0.3440403581991144,0.3741341480259057
UBE2W,0.94172734,0.08284771,0.3463322420017908,0.3765608923925394
ZYX,-0.93896836,-0.018868918,0.347746991287069,0.37803326469649845
PAPOLG,0.9386682,0.09914433,0.34790113344543505,0.3781349658364612
BRIX1,0.93617207,0.05930682,0.3491846010063048,0.37941301992979987
WDR77,0.9361449,0.059525076,0.3491985878027192,0.37941301992979987
LYRM1,0.9357732,0.09120772,0.3493899715760469,0.37954929117859576
RABL2B,0.93566513,0.10125248,0.34944563805675555,0.37954929117859576
ANKZF1,-0.93515193,-0.04150124,0.34971001134539703,0.37977034640797336
PIK3CD,-0.9328192,-0.011612482,0.350913344991448,0.3810108187354953
C12orf10,0.9317141,0.051392514,0.3514842784615234,0.38156433847249394
CDK11A,0.92891103,0.06849693,0.3529351978632377,0.3830070852902342
EBAG9,-0.9289094,-0.089812405,0.35293602748023345,0.3830070852902342
PGAP1,0.9268959,0.13776447,0.353980574940401,0.3840738470450353
BLOC1S5,0.92573786,0.10171549,0.3545822266014813,0.3846597733738649
HIBADH,0.9255609,0.110785834,0.3546742206874357,0.3846927026955659
MAGED2,-0.9252983,-0.038833506,0.3548107833687104,0.3847739529112288
FBXO9,0.92513585,0.04591978,0.35489525638702446,0.3847986961625121
CCR4,0.92306304,0.01802386,0.355974365841222,0.3859016878956169
RBKS,0.92194265,-0.001243512,0.35655848661451695,0.38646778655109415
ARL5B,0.9216786,-0.034551475,0.35669625370770175,0.38654997732067486
PRKCI,0.9204799,0.07421271,0.35732204428884484,0.38716091639004874
EXOC3,0.91231793,0.09860017,0.36160137442893836,0.3917295917047395
PIGBOS1,0.90976375,0.06427734,0.36294712356490777,0.39311922911638136
FH,-0.9059733,-0.14502367,0.3649499668823063,0.39521997975229456
MAPKAPK5,0.90418804,0.0727328,0.3658956932512145,0.3961754027725243
FBXL5,-0.90257835,-0.052953597,0.36674972332280287,0.39703122693106896
REPS1,0.90043426,0.058361117,0.36788919634068706,0.3981957118214062
RBM43,-0.9001155,-0.13173737,0.36805878304768813,0.3983101898735255
RPAP3,0.8990037,0.033236172,0.3686507116087694,0.3988124616311891
HIGD2A,-0.8990482,-0.017339583,0.36862697374029163,0.3988124616311891
EMG1,-0.89815205,-0.10478371,0.3691044940313263,0.39923416763423003
ERCC6,0.8958646,0.13468407,0.3703250753890033,0.40048497582789283
RARS2,0.8943658,0.08446639,0.37112619577700146,0.401280426593093
ZNF581,-0.894248,-0.09662888,0.37118921690785545,0.401280426593093
KLHL36,0.8911879,0.08967241,0.37282835674028536,0.40298264191481137
SPRYD3,-0.8887978,-0.082443714,0.3741117571952407,0.4042998227974887
YEATS4,0.88672847,0.078195736,0.37522509901682644,0.40543279829709383
UTP18,0.8861143,0.04569876,0.3755559256129004,0.40572001588196493
MAP2K5,0.8816092,0.10873314,0.3779881719475717,0.4082769437737617
SUCLG1,0.88104796,0.025101962,0.37829186332154097,0.4085342652690322
NUP205,0.8783487,0.06705042,0.3797545244630881,0.4100429043553863
NOL12,0.8779809,0.042773686,0.3799541059968369,0.4101874373856182
MZF1,-0.8713808,-0.14095534,0.38354625543854426,0.41399380494499394
PRKACB,0.8704001,0.05215785,0.3840818157349375,0.4145001922880417
ICE1,0.86886245,0.05386915,0.38492236272076763,0.4153354885443138
EXOC2,0.8676536,0.09636538,0.38558399272991273,0.41596552307849677
NUP155,0.8675521,0.12011111,0.38563956361675733,0.41596552307849677
TUBA1B,-0.8656639,0.010956048,0.38667450353692423,0.41700977649454707
FAM217B,0.8645388,0.105562456,0.38729198740248294,0.4176035406667063
SERGEF,0.86180913,0.10238658,0.38879255903993815,0.41914913818764105
L3MBTL3,-0.86080086,-0.12270266,0.38934772968215436,0.419675160785203
DHRS4,0.8598617,0.05050748,0.3898652958730009,0.4201604751413225
UBXN1,0.8571152,0.016154377,0.39138120900744766,0.4217213614322308
RNF11,0.85609484,0.04991638,0.3919453090247259,0.4222562875234446
HERPUD2,-0.8520558,-0.021427454,0.39418311804498896,0.4245938625679627
KIAA2026,0.8492617,0.10199808,0.39573568073789434,0.42619264598536644
ZNF140,0.8468054,0.11705096,0.39710359505630677,0.4275920525787458
AP2A2,0.84370255,0.10118279,0.39883564568471863,0.42938300236645316
TMX2,-0.84035885,-0.08757154,0.4007072071170038,0.431323504590759
THAP1,-0.83718365,-0.08188813,0.4024893558744198,0.4331671098486384
PREPL,-0.8318634,-0.07427808,0.40548603500082425,0.4363169559379559
AKAP10,0.83064044,0.109575436,0.4061767714076898,0.43698486991128976
ZNF33A,-0.82936734,-0.076704495,0.406896565397905,0.4376838098325275
RTN4,0.82817924,0.02571826,0.4075690083018563,0.4383315838035301
FARSB,-0.8257543,-0.10707234,0.40894348380604817,0.4397340252297634
THAP7,-0.81895053,-0.045290217,0.4128146523937892,0.4438201973453296
FAM210B,0.813581,0.11402728,0.415885038789057,0.44704418310067257
HMOX2,0.812702,0.04700351,0.41638894215031996,0.44750876320994437
USP10,-0.8089758,-0.07799129,0.41852905296335763,0.44973137388848394
STX16,0.8045473,0.017943542,0.42108096812695217,0.4523956484903268
DRAM2,0.8040416,0.060651924,0.4213729505297956,0.45263142586169614
ZHX1,0.8014763,0.051042523,0.42285597257767094,0.45414629579370924
HELQ,-0.79484785,-0.1175128,0.4267020159201875,0.4581980869507726
WDR13,0.7908282,0.09837182,0.42904422279548093,0.4606339230116285
USP34,0.7904971,0.03828773,0.42923750574451525,0.460762172919078
ZNF44,-0.7892288,-0.11125587,0.42997828111805414,0.4614779797863759
PA2G4,0.78801143,0.01969528,0.4306900091083046,0.46216237050291076
DDX54,0.786147,0.017959356,0.43178138526766496,0.46325384656274665
EPOR,-0.78485453,-0.102299295,0.43253885645704115,0.46398676575256
CTDSP2,-0.7834514,-0.0577,0.4333621022419376,0.46478997767519037
PIGP,0.7821716,0.056278702,0.43411372576265383,0.465516110392564
DIDO1,-0.78088695,-0.05393315,0.4348689761728288,0.4662458822014473
QDPR,-0.77586424,-0.09840142,0.4378291458718969,0.4693390071086411
USP1,0.770602,0.043384314,0.4409428721362707,0.47259564915034613
GLO1,0.7703105,0.02494197,0.4411157230467254,0.47269973000250914
SIGMAR1,0.76895326,0.06417523,0.4419210649049298,0.4734814362354793
GPATCH4,-0.766968,-0.09449982,0.4431005364572911,0.47466365397012594
CASP8,0.7658696,0.032850433,0.44375389858031067,0.47528197718203513
RBSN,-0.7598865,-0.10678808,0.4473224341833488,0.47902184484184623
PIBF1,-0.757385,-0.06430934,0.44881924582311916,0.48054227366307883
MAP3K7,0.75668675,0.05958173,0.4492375543617758,0.4809076461015168
TTC5,0.75562495,0.10703776,0.4498740967231988,0.4815064719001001
PITHD1,0.75431985,0.023318106,0.45065717274400585,0.4822619024511901
CBLL1,-0.7539891,-0.04357756,0.45085575608415285,0.4823916978777984
KRBOX4,0.74968266,0.085902624,0.45344585268952875,0.48507980230293946
DDX20,0.74826276,0.0858733,0.4543016813457982,0.4859120468344689
NUS1,-0.74618244,-0.07476732,0.4555572089702489,0.48708798032950545
XPO6,-0.74623996,-0.078622796,0.45552245526272794,0.48708798032950545
GNL1,0.7458059,-0.0060441038,0.45578467141692336,0.4872477105709179
VRK1,0.74565804,0.074957676,0.45587403005447746,0.4872597742027734
CWF19L2,0.7453417,0.060494922,0.4560651750670963,0.48738060917701165
SUCLA2,0.74298495,0.031865142,0.45749077517634285,0.48882039511651354
RANGRF,0.7412931,0.037567142,0.45851577810134714,0.4898317307652358
ZNF84,0.74058837,0.102812275,0.4589430678097347,0.49020429337678495
NAT9,-0.73965335,-0.14399897,0.45951036469768025,0.4907262467621873
FAM122C,0.7391174,0.030593079,0.45983570805068297,0.4909896756106608
ZNF609,-0.73821414,-0.09897453,0.46038435020084933,0.4914914008900959
SETD7,-0.7375719,-0.13020712,0.4607746398731535,0.4918239314945016
ERO1B,0.7364996,0.043478545,0.46142671233437227,0.49243572361128884
VEZF1,0.73333085,0.039802305,0.4633566603050189,0.4944108252630574
GPN3,-0.7323099,-0.10514354,0.4639794593319234,0.49499073601547594
POGK,-0.73185104,-0.10962807,0.46425948261643923,0.4952048249887536
NQO2,-0.730973,-0.11885866,0.46479565054457317,0.49569201214092296
CYLD,0.7289262,0.018331977,0.46604682773767947,0.4969414406135072
LZIC,0.72814816,0.05607271,0.4665229047715653,0.4973626509212293
TNFRSF14,-0.7280202,-0.0087247705,0.4666012371645245,0.4973626509212293
MGAT5,-0.726541,-0.038712,0.46750720463383244,0.49824324865432856
CEP63,0.7263456,0.053746548,0.46762693453799475,0.4982857603639449
NDRG1,0.7231781,0.06315822,0.4695704617574137,0.5002712959761043
RRP15,-0.7219978,-0.1207632,0.4702958468099343,0.5009585901930023
ATR,0.719154,0.08238805,0.4720460561455093,0.502737105188417
USP20,-0.7172743,-0.04196588,0.4732048398957929,0.503885242414203
OCIAD2,-0.7108997,-0.020532923,0.4771463934343806,0.5079956740743721
VAMP3,0.70981354,0.06953347,0.47781977001453946,0.5086258203412486
TUBE1,-0.70951355,-0.116544396,0.4780058529568787,0.5087371296561869
TRIM22,0.7090485,0.059972297,0.47829438332549734,0.5089072235969102
EDC4,0.7089931,0.105375975,0.4783287571894689,0.5089072235969102
CSTF2T,0.7080814,0.09004699,0.4788946952402092,0.5094224975275516
PRMT9,0.7047122,-0.033574246,0.4809893483385803,0.5115634838072733
CBWD5,0.69879305,0.037512176,0.48468136709802656,0.5154023533921935
USF3,0.6956029,0.08596369,0.4866775649349474,0.517436913587565
TRIM4,-0.69509196,-0.05267804,0.4869976735456326,0.5176890615905797
NOLC1,0.694626,0.011847293,0.4872897210275422,0.5179112992051926
RFX3,-0.6943706,-0.14584397,0.48744980378451686,0.5179932275530682
MYO9A,0.69268054,0.10960358,0.48851004419399835,0.5190315263559319
MRPL24,-0.69208705,-0.06003812,0.4888826729927218,0.5193390233442684
ACD,-0.6904158,-0.057897106,0.48993275342060305,0.520365948621168
PRPF3,0.6889356,0.019221064,0.4908637916909002,0.5212661092296934
FASTKD2,-0.6880757,-0.04998564,0.4914050880864005,0.5217521529001745
MRPS18B,-0.68335456,-0.044839937,0.49438281628128944,0.5248244865472916
RBMXL1,0.6806875,0.079246566,0.49606925893354126,0.5265252117354134
EI24,0.68054837,0.055071153,0.49615729292848,0.5265291047724271
PLCG1,0.67965806,0.058090467,0.49672099316664187,0.5270376943816749
PIEZO1,0.678099,0.08512315,0.4977089304224316,0.5279064301098565
PLK3,-0.67823046,-0.054866422,0.49762558323586503,0.5279064301098565
THAP5,-0.6775615,-0.084695116,0.49804976711002635,0.5281781812291716
QTRT1,-0.673863,-0.055983286,0.5003984128158898,0.5305787452232362
MT1F,0.67085636,-0.011567577,0.5023120419719315,0.5325173184893536
ST7L,0.6676436,0.07851767,0.5043611231428634,0.5345988059671554
B4GALT4,-0.6657716,-0.09165936,0.505557084296254,0.5357754734408084
PPRC1,0.6644819,0.07120214,0.5063819382297081,0.5365434487611619
MGA,-0.66436976,-0.04281861,0.5064536863726974,0.5365434487611619
DNAJC10,0.6639518,0.06727627,0.5067211583566247,0.5367357008322632
LYPLAL1,0.6603853,0.04969632,0.5090065829411983,0.5390650066411028
GPHN,0.6597101,0.078286014,0.5094398895381334,0.5394323635234968
CHD2,-0.65947104,-0.021716064,0.5095933366244464,0.5395033102414198
DNPEP,-0.65768987,-0.043427046,0.5107374207014048,0.5406228362614429
SVBP,-0.65714866,-0.069867164,0.5110853165602303,0.5408993489320666
ISG20L2,0.65700716,0.015139698,0.5111763184584912,0.5409039341301193
NRF1,0.6558447,0.08119555,0.5119240729020783,0.5416033461572929
NDRG3,-0.653598,-0.06460241,0.5133708269356599,0.5430419204924498
RLIM,0.6514323,0.023707094,0.514767484882575,0.544427024767353
MTR,0.6505632,0.05156775,0.5153285064336559,0.5449280258645284
IFRD2,-0.648077,-0.07429893,0.5169351458564528,0.546534346144354
ZBTB10,-0.6465647,-0.057962608,0.5179136920858568,0.5474761775589146
PITRM1,0.6457851,0.10732834,0.5184185621894402,0.547917061240355
BTBD9,-0.6447688,-0.07278371,0.5190770562261406,0.5485201334079485
SGSH,0.6438644,0.08569516,0.5196633688753387,0.5490467386407634
SNX27,0.63902,0.09492903,0.5228099046328769,0.552277693773491
NR2C1,-0.63711333,-0.115440674,0.5240510433669261,0.5534951026659309
PYGO2,-0.63662195,-0.08861814,0.5243711351593683,0.5537394677715088
SARS,-0.6328152,-0.009962245,0.5268543376221978,0.5562676232617386
SLC35A4,0.62896466,0.06772307,0.5293721823429824,0.558831493572827
EPM2AIP1,-0.6272322,-0.03793598,0.5305070261860771,0.5599347793721136
PACSIN2,0.6250841,0.092521034,0.531915870698791,0.5613268429203846
USP5,0.6175637,0.057258233,0.5368629576930725,0.5664516853698166
XPO4,0.60894954,0.045010787,0.5425579037392849,0.5723637385457871
PRPF6,-0.60769176,-0.026287027,0.5433919099507429,0.5731466807508174
NR1H2,0.6067705,0.025003163,0.5440032245941799,0.5736945124522266
DDX19A,0.60445386,0.063897565,0.5455419512921016,0.5752200233171154
CEP78,-0.60297155,-0.12131289,0.5465276138421532,0.5761619658764997
PDLIM5,-0.5994119,-0.03424823,0.548898240728574,0.5785634048956309
ING5,0.59781724,0.052878752,0.5499618902543842,0.5794887991014034
USP36,-0.5979428,-0.046919696,0.549878069634895,0.5794887991014034
PIK3CB,-0.5971539,-0.066269524,0.5504046529525849,0.579857434010311
EHD1,-0.5926884,-0.048363503,0.5533897065126643,0.5829038241933397
CRYZL1,-0.59219044,-0.03757246,0.5537230590012155,0.5831565324378309
KRI1,-0.5918896,-0.037781585,0.5539245112217045,0.5832702673417678
ZNF708,0.58228993,0.05332819,0.5603714196839522,0.5899591818906116
TSPYL4,0.5794062,0.06722076,0.5623151087751667,0.5919056491593548
UFSP2,0.5745437,0.054848332,0.5655999162045264,0.5952629134961972
RANBP6,-0.57364386,-0.057054542,0.5662088057352832,0.5958032636307372
RELL1,-0.564256,-0.0064137224,0.5725799303579819,0.6024058235610529
BUD13,0.5638764,0.06673294,0.5728382730016539,0.6024946085234333
TOMM22,-0.56384826,-0.008968636,0.572857395766392,0.6024946085234333
MYBBP1A,-0.55983007,-0.08500386,0.575595352587609,0.6052722149114182
SMAD3,-0.5546145,-0.09217229,0.5791583682529933,0.6089163369721918
HDDC3,-0.55377895,-0.05043862,0.5797301438117526,0.6094148269377039
METTL4,0.5496914,0.08729387,0.5825310868028954,0.6122560647923325
RABEPK,-0.5426768,-0.044068005,0.5873523370409531,0.6172193863398869
FUS,-0.54156965,-0.030303357,0.5881150079617634,0.6179167954022501
FAM122B,0.5390005,0.083895214,0.5898865173593391,0.6196737510250185
MDM4,0.53871846,0.029727027,0.590081126140982,0.619773865406575
ABR,0.53848994,0.08705952,0.5902388696043521,0.6198352322397378
KIAA1191,0.53720045,0.032254003,0.5911291784466121,0.6206657474235037
EBP,0.5342831,0.018360332,0.5931456711524024,0.6226782394721856
MIS12,-0.5338557,-0.1337878,0.5934414099641631,0.6228839286219882
CNOT7,-0.53204924,-0.0128163565,0.5946918756478693,0.6240914740067853
VPS8,0.53085333,0.068393454,0.5955204172066844,0.6248559051423869
EPRS,-0.53034097,-0.028128909,0.5958755632831592,0.6251234477139345
MRPS21,-0.52989125,-0.006164459,0.5961873153131749,0.6253453840116848
MFSD8,0.5285202,0.056430276,0.5971383034497915,0.626237632638237
RPP21,-0.527025,-0.03280323,0.5981762413578502,0.6272207530770066
RAB24,0.5244936,0.047042314,0.5999352930500415,0.6289595437469022
RAB3IP,-0.5234178,-0.11152245,0.6006835578878149,0.6296382406412249
PCED1A,-0.5219837,-0.097776175,0.6016816945272779,0.6305785819554562
ANKRD26,0.521756,0.037888266,0.6018402279552212,0.6306193202923726
PLEC,0.5216376,0.06835746,0.6019226551805261,0.6306193202923726
CRYZ,-0.51680213,-0.044469472,0.6052943100358059,0.6340452817948078
SMAD2,-0.5158239,-0.047240574,0.6059773993390148,0.634654295901123
PRPSAP2,0.51297265,0.023608577,0.6079704484333635,0.6366348269584935
RTKN2,0.5125519,-0.04245473,0.6082647888189723,0.63683619309163
NECAP2,0.511073,0.023039851,0.6092999335445974,0.6378129629741417
ZNF263,-0.51090086,-0.0779947,0.6094204844927522,0.6378321723493655
ERCC6L2,-0.5076206,-0.061770517,0.6117194644708035,0.6401309821868351
C6orf120,-0.5002594,-0.07218224,0.6168924407137248,0.6453278113466907
C12orf29,-0.50039893,-0.0889399,0.6167941917630982,0.6453278113466907
GCH1,0.49533153,0.013788464,0.6203661158672426,0.6487441235133145
ZFC3H1,-0.49536964,-0.009810406,0.6203392109612853,0.6487441235133145
LY96,0.49384224,0.08693089,0.6214175882661719,0.6497348246555836
ALDH16A1,0.49021074,0.066133305,0.6239847788278537,0.652309716024227
RELA,-0.48644212,-0.023127943,0.6266537329235955,0.6549901100613229
NOP2,-0.4853303,-0.032800294,0.6274420568290313,0.6557042660197562
CEP164,0.48334715,0.04673454,0.6288492766029807,0.6570648476944924
NPRL2,0.4808397,0.047431763,0.6306304382644496,0.6588156285919703
KLHL22,-0.4761752,-0.09519574,0.6339495770759991,0.6621722695449892
ING4,-0.47388598,-0.0044432785,0.6355812163937153,0.6637654570805183
DNMT1,-0.4732086,0.006500407,0.6360643677674267,0.6641588956393693
INSIG2,0.47160563,0.062347047,0.6372083114824378,0.6652420662365163
NSUN5,0.46873325,0.028613094,0.6392603078357106,0.6672727180469427
KDM3A,-0.4683175,-0.046253856,0.639557552896366,0.6674713524458562
C12orf43,-0.4663467,-0.12044587,0.6409673475330191,0.668830833632097
MIDN,0.46560794,-0.01974214,0.6414961513936285,0.6692707256515605
TMEM69,-0.46472025,-0.08730672,0.6421318129631715,0.669821936269957
NR2C2AP,0.46410456,0.054249234,0.6425728339468244,0.6701699626774952
KLF10,0.46360555,0.021115042,0.6429303658428978,0.6704308125690099
SUMF1,-0.461931,-0.10333605,0.6441308115897159,0.6715703967810586
RAP2C,0.46139184,0.012660106,0.6445174989412268,0.6718613180043755
GGT7,0.45798445,0.06394519,0.6469636245865868,0.6742985940288725
LIG1,0.45553613,0.042438015,0.6487235807184322,0.6760200145706687
FCF1,0.4529698,0.031421315,0.65057049058457,0.6778314577192489
ZNF862,-0.45259514,-0.013424338,0.6508402919465099,0.6779993760704671
FAM199X,0.451732,0.06384517,0.6514620648259516,0.6785338362114092
LMBR1L,0.45078155,0.041100487,0.6521469903539177,0.6791338839977975
DYM,0.44710606,0.043892693,0.654798472938605,0.6817813262612336
ERAP1,-0.44582313,0.007363516,0.6557250206752443,0.6826321691466555
RBM34,0.44427988,0.08325798,0.6568402451133661,0.683679114368332
LRRC58,0.44275495,0.017096246,0.6579429791913265,0.6847127118781171
ZNF664,0.4422196,0.0025773572,0.6583303206672846,0.6850015890771128
PGRMC2,0.44140244,0.0403623,0.6589216884350246,0.6855026266916133
RNF2,0.44119468,0.06334226,0.6590720717501384,0.6855447999654356
ACTR6,-0.43843865,-0.053564616,0.6610683313377996,0.6875066582035007
DYNLL2,0.4362603,0.03980163,0.6626478680173213,0.6890345458673947
NUP210,0.43110022,0.025265228,0.6663954936876747,0.6928159713651137
CUTC,-0.42859787,-0.018552689,0.6682158875566848,0.694592830486554
PARP15,-0.4244453,0.019613707,0.6712410882454352,0.6976212542447562
ABTB1,0.42339587,0.035761334,0.6720064514304307,0.6983004101527336
HIST1H2AG,0.42236805,0.0083884,0.6727563842311851,0.6989633084712547
ZNF426,0.41909632,0.04657449,0.6751457327290908,0.7013289810190173
UBL4A,0.41798612,0.08533418,0.6759572637557629,0.7020551311532229
CISD1,0.41660443,0.000116273724,0.6769677696318593,0.7028707120732713
OARD1,-0.41666454,-0.041206896,0.6769237956877066,0.7028707120732713
ADAM8,-0.41224724,0.050303917,0.6801582042911509,0.7060657606422277
MRPL11,0.41095638,0.009717892,0.6811045202610786,0.7068234698826484
NSMCE1,-0.4109426,-0.019734854,0.6811146207137073,0.7068234698826484
KIAA1586,0.40864646,0.034938205,0.6827991362717729,0.7084537671607871
LNPEP,0.40711227,0.023225425,0.6839255315024522,0.7094804727225654
SLC35A1,-0.40698907,-0.079804495,0.6840160237737023,0.7094804727225654
ASB8,0.4062869,0.033048782,0.6845318080218986,0.7098974765478014
ZNF431,0.40592912,0.036098544,0.6847946921244706,0.7100521138974616
SP4,0.40378043,0.023599392,0.6863741916575457,0.7115716495240436
ECE1,0.3964924,0.024726171,0.6917418269453206,0.7170172300225455
CPTP,0.39517376,0.02544971,0.6927146663382162,0.7179063820353383
C15orf40,0.39429682,0.020246744,0.6933619114630791,0.7184578597776983
TAMM41,0.39400578,0.023949191,0.6935767662456064,0.718561188270058
XPOT,-0.39089307,-0.025389578,0.6958762769369642,0.720823874583169
RAB11FIP4,0.38359112,0.047126222,0.7012815193352586,0.7263023501777878
DALRD3,0.38274047,0.021091713,0.7019121955350258,0.7268349116200591
BICD2,0.38066775,0.035168003,0.7034498008366883,0.7283062719014219
PERP,0.37909397,0.020381272,0.7046180805841006,0.7293948318005261
SLC35E2B,-0.378826,-0.018642437,0.7048170900808532,0.7294798439792048
ATP2A3,-0.37843323,0.0049934755,0.7051087902962025,0.7296607461844802
BMI1,-0.3776211,-0.019968498,0.7057120689562378,0.7301639625921552
POLM,-0.3772013,-0.059411213,0.7060240289985069,0.7303656497562874
DUS3L,0.37473923,0.030780852,0.7078544028628402,0.7321343988548833
RGP1,0.37458593,0.020577746,0.7079684501024228,0.7321343988548833
TSEN34,0.37407917,0.037726928,0.7083454165493194,0.7324028735394802
ECSIT,0.37372187,0.042112943,0.7086112474923767,0.7325563683286272
KIAA0586,-0.3709543,-0.07086426,0.7106715562438202,0.7345646211523156
HAUS4,-0.36873883,-0.04364463,0.7123224015215373,0.7361490491630922
GCA,0.36806613,0.018932123,0.7128239332347881,0.7365453919401179
WDR75,0.36525026,0.03354294,0.7149246146957973,0.7385061059169046
ARL2BP,-0.3652053,-0.030402232,0.7149581624659409,0.7385061059169046
CLASP2,0.35805213,0.0195337,0.7203042982249317,0.7439052002683765
ADTRP,0.3555007,0.04052566,0.722214510902172,0.7457545934051052
TRMT11,-0.3544621,-0.08773268,0.7229926225266736,0.7464345669460661
MOB2,-0.35260963,-0.01831045,0.7243811029273857,0.7477443703886559
MANBA,0.3520103,0.021880854,0.724830526480045,0.7480845569310336
UTP4,-0.35139212,-0.076532856,0.7252942004754759,0.7483156067395347
BBIP1,-0.3514234,-0.011174658,0.7252707236884388,0.7483156067395347
GSTM2,-0.35113704,0.08340417,0.7254855316949997,0.7483892898030567
CDKN2AIP,-0.3469057,-0.013628082,0.7286621628171378,0.7515419861414241
SLC36A4,0.3426086,0.04572875,0.7318929339151383,0.7547494713424286
C8orf33,0.3415256,0.04686786,0.7327079355477036,0.7554650959446916
MED15,-0.34131047,-0.011779841,0.7328698623014765,0.7555072366408185
DIS3L,-0.33838412,-0.05921702,0.7350737452943146,0.7576540453149162
GALNT11,0.33773878,0.07825633,0.7355600480901305,0.758030095794337
GLG1,0.3314674,0.020754805,0.7402914714142379,0.7627801012211093
MAPK8IP3,0.33043507,0.05612173,0.7410712495849233,0.7634575220633057
ITPR3,0.32736212,0.08050684,0.7433940192630335,0.765724059122065
SNX29,0.32292923,0.058040608,0.7467488293602627,0.7690527135375246
CLIP4,-0.31757876,-0.046057027,0.750804492086708,0.773101936167818
MAN2A1,0.3135644,0.014374539,0.7538519150641095,0.776111811599325
ARFIP2,0.31280077,0.012921616,0.7544320328187524,0.7764628033794737
PRKRA,0.3127881,0.016730217,0.7544416663504452,0.7764628033794737
RAD50,-0.31161308,-0.047113832,0.755334581932877,0.7772536068991072
SETD1B,0.31065747,0.031998284,0.7560610252547976,0.7778728748129231
NOL9,-0.3088721,-0.04497923,0.7574188086407232,0.7791413853184034
ZBTB40,0.30856538,0.062429037,0.7576521650650715,0.7792529931066433
RNASEH2B,0.30808344,0.006053008,0.7580188439547102,0.7795016650389432
OFD1,0.30733493,0.022261985,0.7585884403092796,0.7799588889572017
MRFAP1L1,0.30393013,0.026042635,0.7611811137446667,0.7824956894878051
ZNF138,-0.3029135,-0.053042613,0.7619557903967011,0.7831630579489149
PTTG1IP,0.30251458,0.026689595,0.7622598203100883,0.7833465401869358
MEI1,-0.29963914,-0.015691886,0.7644524226036494,0.78547045924751
ANAPC15,0.29829815,0.006963756,0.7654756225612204,0.7863923227003419
NARS,0.29801285,0.019199314,0.7656933645572009,0.7864865517118979
GNPAT,0.29542994,0.017852858,0.767665456524899,0.7883824443264595
ENOSF1,-0.29403368,-0.052880004,0.7687321658665519,0.7893480498804131
FRA10AC1,-0.2884973,-0.033423167,0.7729660950826545,0.7935649612454099
BIN3,0.2807955,0.0074487412,0.7788672392749633,0.7994918487360272
PEX11B,0.27828655,0.008549221,0.7807923928768972,0.8013361821977825
TSC22D2,-0.2750158,-0.06556,0.7833041043306043,0.8037818012376359
ZHX2,0.27135766,0.015268237,0.7861159629360096,0.806534559375906
MAPK13,-0.27089617,-0.068793036,0.7864709024640583,0.8067660917617008
EIF1,0.2704215,-0.011120892,0.7868359960892999,0.8070079624639803
HSF2,0.26971164,0.00062764634,0.7873821039130736,0.807435378002217
DKC1,0.26751068,0.0058179926,0.7890759869258764,0.8090394667988162
TUBD1,-0.26395273,-0.05417992,0.7918163485653621,0.8117158067339726
KDSR,-0.2618077,0.0118800625,0.793469695497381,0.8132771176874947
ALKBH3,-0.26128063,-0.05935869,0.7938761128146539,0.8135600689780386
GPATCH11,0.25931796,0.001104032,0.7953899265445278,0.8148438167374258
DPH6,-0.25934866,-0.042625833,0.7953662352737543,0.8148438167374258
LEMD3,-0.25780916,-0.0107309455,0.796554183087125,0.8159026188489655
AMMECR1,-0.25720167,-0.027982295,0.7970230952060172,0.8161150348122648
ODF2L,-0.2572415,0.0072618756,0.7969923675447341,0.8161150348122648
LMBRD1,0.2555859,0.0020584096,0.7982706106553765,0.8172583466371728
TATDN1,-0.25381607,-0.031410124,0.7996376537588196,0.8185236341001793
MPHOSPH8,-0.25315082,-0.0056319963,0.8001516700428675,0.8189154760146828
BLVRB,0.2527051,0.039367348,0.8004960993079246,0.8191336540056989
ARRDC3,0.25057968,0.03467736,0.8021390916427107,0.8206803394987143
DLGAP4,0.24727538,0.021435611,0.8046951060424308,0.8231604911999361
LENG1,0.24378596,0.011964959,0.8073965963063305,0.8257886197226826
ZNF76,-0.24200581,-0.003962586,0.8087756554560566,0.8270635532854742
KIF21B,0.24161781,0.031145973,0.809076314544634,0.8272354651168187
RPUSD4,0.24031608,0.04317062,0.8100852345678362,0.8281313593673818
TMEM147,0.2358608,0.015344919,0.8135406909413028,0.831527587973251
ZNHIT6,-0.23400459,-0.052303776,0.8149814232036512,0.8328637730823624
TRIB2,-0.23197158,0.04973561,0.8165600938758684,0.8343404626521438
AGAP2,0.2316968,0.056117307,0.8167735168377299,0.8344219215230435
TPP2,0.22980402,0.024751466,0.8182440595701563,0.8357874264774707
AASDH,0.22911362,0.011072889,0.8187806101243887,0.835925042988109
VWA8,-0.22927019,-0.026938394,0.8186589212576905,0.835925042988109
AGO3,-0.2293354,-0.044436753,0.8186082434053519,0.835925042988109
KLHL6,0.22893265,-0.0097233225,0.8189212599993384,0.8359318913405088
BRAF,0.2280938,0.0022387616,0.8195733149993537,0.836460680116266
CEP83,-0.22481765,-0.09083176,0.8221211356055043,0.8389238076052897
MRPL45,-0.22228497,-0.050120216,0.8240920501870241,0.8407975290530028
FBXO44,0.2182379,0.023980977,0.8272437475512339,0.8438751599325353
TPK1,0.21459536,0.0199303,0.8300828087344605,0.8466329153965955
COMMD7,0.21406245,0.06049383,0.8304983504049395,0.8469183341302658
CLSTN1,0.21388415,0.0522701,0.8306374004300066,0.8469217474405605
COPS7B,0.21284804,0.027178256,0.8314454932957649,0.847607207392824
ARL6IP4,0.21142611,0.0016040262,0.8325547795989173,0.8485889915997822
IMMP1L,-0.211265,-0.077556625,0.832680497445452,0.8485889915997822
MLLT10,0.20728074,0.014183918,0.835790614960201,0.8516194657904677
RUVBL1,-0.20566222,-0.049222186,0.8370547659046074,0.8527683307232541
THAP2,-0.20505573,-0.061935987,0.8375285815092484,0.8531117801859343
ZNF264,0.20361549,0.03460303,0.8386539895324823,0.8541187253055192
PIGK,-0.20287395,-0.042447723,0.8392335598562715,0.8545695296235912
THOC6,-0.20179516,-0.044758067,0.8400768645279314,0.8552886968219935
ANKRD55,0.19961414,0.20196165,0.8417823750234155,0.8568853046030234
GLIPR1,-0.19819984,-0.030021843,0.8428887174660172,0.8578715730113199
LIN54,0.19655205,0.043272372,0.8441781004395669,0.8590437836040008
APPL1,-0.19476731,-0.014568347,0.8455751119075408,0.8603251179352726
MPZL3,-0.19150439,-0.058915157,0.8481304466713466,0.8627843712593112
PRMT7,-0.18992615,-0.03782376,0.8493670076214321,0.8639014821651496
NUDCD2,0.18857288,0.0019407264,0.8504275895197244,0.864839267751768
C15orf61,-0.1862546,0.01648065,0.8522450987037082,0.8665463768344482
BAG6,0.17693761,0.003777651,0.8595574008226178,0.8738390191454565
MTM1,0.17489065,0.033974715,0.8611655546279318,0.8753313072366322
RASSF2,-0.17315656,-0.0027928115,0.8625283725327626,0.8765737783711075
ZRSR2,-0.17164706,-0.03247079,0.8637150099355146,0.8776368246511799
LAMTOR4,0.16999266,-0.00050373084,0.865015912327041,0.8788156127027614
KIZ,-0.16948363,-0.010084734,0.8654162433740219,0.8790792276851027
BAG5,-0.16550887,-0.0098279,0.8685434774359845,0.8821122608100861
IKZF1,0.16441496,0.02036752,0.8694044927955471,0.8828129586262616
TACC3,-0.16427292,-0.008199748,0.8695163045466481,0.8828129586262616
TRNT1,0.16219285,-0.015934085,0.8711539878622384,0.8843318214457108
DXO,0.16184318,0.021956602,0.8714293442333046,0.8844085304010737
CASP6,0.161737,0.022292484,0.8715129725951936,0.8844085304010737
NHP2,0.16087106,0.022130365,0.8721949571966467,0.8849567107566693
ZMYM4,0.16040121,-0.002774623,0.8725650342636732,0.8851882930493472
C2CD5,0.15208413,0.03151268,0.8791205787335448,0.8916937318179836
CYB561A3,-0.15146016,0.013985144,0.8796127382350545,0.8920479524414974
SETDB1,0.15004581,-0.0011036926,0.8807284672566296,0.8929110719370723
RBFA,0.15001856,-0.0012035079,0.880749969371033,0.8929110719370723
STK4,0.14979754,0.008204292,0.8809243491151955,0.8929428070209412
APIP,-0.14760502,-0.039873097,0.8826544995714034,0.8945512718131096
DHCR7,0.1472912,0.02349355,0.8829021847863343,0.8946570117310461
RPRD2,-0.14624687,-0.02253961,0.8837265102980992,0.8953469400601359
SLC35C2,-0.14467086,-0.011617856,0.8849707510846395,0.8964620122576262
FAM219B,-0.14443412,-0.040332027,0.8851576745092544,0.8965058498234756
RABGGTA,-0.1418931,-0.01615613,0.8871644417573297,0.8983925492467134
TDP2,0.13950457,0.0022803692,0.8890514424134692,0.9001573737998803
SLC25A45,-0.13894184,-0.0058541712,0.8894961041450538,0.9004615062399481
METTL16,-0.13739541,-0.011968514,0.8907182620906302,0.901552493303215
IVNS1ABP,-0.13473931,-0.036488723,0.8928179940945987,0.9035312309298509
CSPP1,0.13289484,-0.0019074074,0.8942765445954052,0.9048605568774195
SKAP2,-0.12762359,-0.102293216,0.8984468616604442,0.9089328681508886
TIMM10B,0.1269233,-0.030497795,0.8990011158407077,0.9093070302716814
WHAMM,-0.12678811,-0.0007285278,0.899108105080363,0.9093070302716814
RPF2,0.124733284,-0.003240262,0.9007347062280546,0.9108044882646288
NDFIP1,0.12351048,-0.0039750654,0.9017028757872725,0.9116357764115288
CCDC57,0.12303242,0.009707304,0.9020814252661701,0.9118707766579475
COG5,0.12238157,-0.012052273,0.902596834025732,0.9122440228590434
SOD2,0.12183236,0.0071720267,0.9030317827682083,0.912535841362757
TNFRSF1A,0.11917134,0.034584768,0.9051396156209609,0.9145177822713967
FOXO3,0.1185517,-0.009965528,0.9056305343422385,0.9148656789948059
RNF168,0.11743303,-0.01926351,0.9065169157179391,0.9154845231660872
IER3IP1,0.1174083,0.016269924,0.9065365090797018,0.9154845231660872
DIAPH2,-0.11472183,-0.033818044,0.9086656123842133,0.9174861813444224
SIRT1,-0.11080872,-0.06211586,0.9117680302485845,0.9204697956618272
NGLY1,0.10857091,0.0010227178,0.9135428365708077,0.9221123795954085
MIA3,-0.10724241,-0.020660957,0.9145966663958298,0.9230268103131265
FBXL4,-0.106697425,-0.046076,0.9150290280981792,0.923313850341267
POLD2,-0.10470304,-0.04601624,0.9166114487214425,0.9247610817120147
MED16,0.104327425,-0.003222996,0.916909514123552,0.9249122802077078
TTC17,-0.10198279,-0.0064619677,0.9187703370375965,0.9266395723095733
PHF3,-0.09847011,-0.0062180376,0.9215590077302094,0.9293019497890187
MSL1,0.09777566,0.01280566,0.9221104364344153,0.929557621351508
ACADSB,-0.09793067,-0.006891611,0.9219873434281147,0.929557621351508
SURF6,-0.09658878,-0.034695998,0.9230529623256148,0.9303574835068091
PHF12,0.09512533,0.008887327,0.9242152785538431,0.9313785812133917
MED10,0.09446079,0.0073370435,0.9247431284764276,0.9317600685859516
PAN3,0.092586964,0.012771961,0.9262316984060925,0.9331092864814243
DUSP22,0.091598324,-0.011594723,0.9270171803965377,0.933749874573078
USP24,-0.090315245,-0.009707062,0.9280367060976601,0.9346259613934964
GLOD4,0.08642716,0.0044016517,0.9311268580320492,0.937586757176189
UBL3,-0.08569724,0.010539895,0.9317070943151836,0.9380196766609229
GFM1,0.08243545,-0.02780847,0.934300447630147,0.9404788860741528
UCHL3,0.08111025,-0.0057630287,0.9353542798308226,0.9413878504151207
VPS35,-0.08000926,-0.022126105,0.9362298909252805,0.9421171798233917
NLRC3,0.078665644,0.047570977,0.9372985711798658,0.9430405259928328
TNFRSF10B,0.07752995,-0.029807154,0.9382019633707255,0.9437973006764504
KLHL20,0.076705046,0.024526512,0.9388581881283002,0.9443052299933477
ANKRD27,-0.07509378,-0.02048933,0.9401400954255448,0.9454422068241742
TTN,0.07472179,-0.034771737,0.9404360712429042,0.9455874851984799
NUDCD3,-0.07407721,-0.021871792,0.9409489456357497,0.9459507683171253
TNFAIP8,-0.07352843,0.055250756,0.9413856220870964,0.9462373437663986
RMDN3,0.07123476,-0.014052226,0.9432109164308068,0.9479193767221683
NOA1,0.069067165,0.009213594,0.9449361543696105,0.9495003283562614
TBC1D14,0.06795258,0.004762447,0.9458233827231673,0.9502388492555196
ARHGAP12,0.06453084,-0.005400263,0.9485475486220221,0.9528223484548591
TCHP,0.06422532,0.002161658,0.9487908152294954,0.9529133372782879
ESF1,0.06373749,-0.007719046,0.9491792534328654,0.9531500757320214
TRMT13,-0.06267981,-0.043540336,0.9500214755047257,0.9538423469473927
SNUPN,-0.061466653,-0.025302455,0.9509875721454208,0.9546587482321974
DDX39A,0.060568746,-0.010227846,0.9517026643125167,0.9552229540003887
AIMP1,0.059661742,-0.0003949417,0.9524250421578414,0.9557942897744153
ZNF585A,-0.05383294,-0.019903261,0.9570682637410591,0.9602995231524035
NUP133,-0.05026967,0.011309321,0.959907492610365,0.9629935157340119
HEXIM1,-0.047201812,-0.083993785,0.9623523817738665,0.9652910984652364
UBE2G2,-0.045544673,-0.0069215065,0.9636731667902054,0.9664605871665871
RASA2,-0.042595606,0.0045607635,0.9660238980354998,0.9686624594536559
ST3GAL1,0.040375527,0.048390713,0.9677937403099384,0.9702812422930643
PTP4A3,0.03571772,0.14153524,0.971507442067938,0.9738480478551239
INTS10,0.032866377,0.015952282,0.9737811454709036,0.9759704719582317
MADD,0.03206582,-0.0009644119,0.9744195614911924,0.9764535136908368
DDHD2,0.030149704,0.0125056915,0.9759476603165443,0.9778277970838903
NUP88,-0.026368149,-0.030378515,0.978963698747408,0.9806922060806698
SUCLG2,-0.02538844,0.007156422,0.9797451317087141,0.9813175039310039
SLC7A6,0.023844656,0.02046071,0.9809765207889172,0.9823932070352427
POGZ,-0.020719806,-0.021601867,0.983469170204542,0.9847314441274743
ANKRD13A,-0.016851896,0.003689347,0.9865547683995832,0.9876625456499517
RNF13,0.014307678,0.0064560287,0.9885845145237916,0.9895358388360839
CEPT1,0.012230482,0.009768513,0.9902417304714491,0.9910357023528406
ADK,-0.011134722,0.009678028,0.9911159602185986,0.9917515965567217
CARNMT1,-0.007224396,0.0032294707,0.9942358163950926,0.9947139676373474
TRMT61B,0.0060954853,-0.054468162,0.9951365366669135,0.9954555418076947
USP25,-0.003919047,0.026677469,0.9968730611807822,0.9970328164790484
PYM1,-0.0036220336,-0.029829951,0.9971100415783042,0.9971100415783042
